#SXD20|20011|50166|50303|2013.11.14 16:50:24|top3seo_top3seo|utf8|39|2474|
#TA modx_active_users`1`56|modx_categories`17`416|modx_document_groups`0`0|modx_documentgroup_names`0`0|modx_event_log`24`25360|modx_keyword_xref`0`0|modx_manager_log`1935`114148|modx_manager_users`1`64|modx_member_groups`0`0|modx_membergroup_access`0`0|modx_membergroup_names`0`0|modx_site_content`53`48556|modx_site_content_metatags`0`0|modx_site_htmlsnippets`30`25268|modx_site_keywords`0`0|modx_site_metatags`0`0|modx_site_module_access`0`0|modx_site_module_depobj`0`0|modx_site_modules`1`992|modx_site_plugin_events`33`429|modx_site_plugins`11`17592|modx_site_snippets`23`35152|modx_site_templates`15`16612|modx_site_tmplvar_access`0`0|modx_site_tmplvar_contentvalues`53`3088|modx_site_tmplvar_templates`12`169|modx_site_tmplvars`11`1420|modx_system_eventnames`117`4204|modx_system_settings`132`8852|modx_user_attributes`1`120|modx_user_messages`0`0|modx_user_roles`3`784|modx_user_settings`1`36|modx_web_groups`0`0|modx_web_user_attributes`0`0|modx_web_user_settings`0`0|modx_web_users`0`0|modx_webgroup_access`0`0|modx_webgroup_names`0`0
#EOH

#	TC`modx_active_users`utf8_general_ci	;
CREATE TABLE `modx_active_users` (
  `internalKey` int(9) NOT NULL DEFAULT '0',
  `username` varchar(50) NOT NULL DEFAULT '',
  `lasthit` int(20) NOT NULL DEFAULT '0',
  `id` int(10) DEFAULT NULL,
  `action` varchar(10) NOT NULL DEFAULT '',
  `ip` varchar(50) NOT NULL DEFAULT '',
  PRIMARY KEY (`internalKey`)
) ENGINE=MyISAM DEFAULT CHARSET=utf8 COMMENT='Contains data about active users.'	;
#	TD`modx_active_users`utf8_general_ci	;
INSERT INTO `modx_active_users` VALUES 
(1,'admin',1384430361,\N,'76','212.98.186.136')	;
#	TC`modx_categories`utf8_general_ci	;
CREATE TABLE `modx_categories` (
  `id` int(11) NOT NULL AUTO_INCREMENT,
  `category` varchar(45) NOT NULL DEFAULT '',
  PRIMARY KEY (`id`)
) ENGINE=MyISAM AUTO_INCREMENT=18 DEFAULT CHARSET=utf8 COMMENT='Categories to be used snippets,tv,chunks, etc'	;
#	TD`modx_categories`utf8_general_ci	;
INSERT INTO `modx_categories` VALUES 
(1,'Demo Content'),
(2,'Js'),
(3,'Login'),
(4,'Manager and Admin'),
(5,'Search'),
(6,'Navigation'),
(7,'Content'),
(8,'Forms'),
(9,'Основное'),
(10,'Контент главной'),
(11,'разное'),
(12,'Сотрудники'),
(13,'Блог'),
(14,'Услуги'),
(15,'Правое меню'),
(16,'Клиенты'),
(17,'ФОРМЫ')	;
#	TC`modx_document_groups`utf8_general_ci	;
CREATE TABLE `modx_document_groups` (
  `id` int(10) NOT NULL AUTO_INCREMENT,
  `document_group` int(10) NOT NULL DEFAULT '0',
  `document` int(10) NOT NULL DEFAULT '0',
  PRIMARY KEY (`id`),
  KEY `document` (`document`),
  KEY `document_group` (`document_group`)
) ENGINE=MyISAM DEFAULT CHARSET=utf8 COMMENT='Contains data used for access permissions.'	;
#	TC`modx_documentgroup_names`utf8_general_ci	;
CREATE TABLE `modx_documentgroup_names` (
  `id` int(10) NOT NULL AUTO_INCREMENT,
  `name` varchar(255) NOT NULL DEFAULT '',
  `private_memgroup` tinyint(4) DEFAULT '0' COMMENT 'determine whether the document group is private to manager users',
  `private_webgroup` tinyint(4) DEFAULT '0' COMMENT 'determines whether the document is private to web users',
  PRIMARY KEY (`id`),
  UNIQUE KEY `name` (`name`)
) ENGINE=MyISAM DEFAULT CHARSET=utf8 COMMENT='Contains data used for access permissions.'	;
#	TC`modx_event_log`utf8_general_ci	;
CREATE TABLE `modx_event_log` (
  `id` int(11) NOT NULL AUTO_INCREMENT,
  `eventid` int(11) DEFAULT '0',
  `createdon` int(11) NOT NULL DEFAULT '0',
  `type` tinyint(4) NOT NULL DEFAULT '1' COMMENT '1- information, 2 - warning, 3- error',
  `user` int(11) NOT NULL DEFAULT '0' COMMENT 'link to user table',
  `usertype` tinyint(4) NOT NULL DEFAULT '0' COMMENT '0 - manager, 1 - web',
  `source` varchar(50) NOT NULL DEFAULT '',
  `description` text,
  PRIMARY KEY (`id`),
  KEY `user` (`user`)
) ENGINE=MyISAM AUTO_INCREMENT=25 DEFAULT CHARSET=utf8 COMMENT='Stores event and error logs'	;
#	TD`modx_event_log`utf8_general_ci	;
INSERT INTO `modx_event_log` VALUES 
(1,0,1383570600,3,1,0,'Plugin - ManagerManager - Editing resource','<h3 style=\"color:red\">&laquo; MODX Parse Error &raquo;</h3>\n	                <table border=\"0\" cellpadding=\"1\" cellspacing=\"0\">\n	                <tr><td colspan=\"2\">MODX encountered the following error while attempting to parse the requested resource:</td></tr>\n	                <tr><td colspan=\"2\"><b style=\"color:red;\">&laquo; PHP Parse Error &raquo;</b></td></tr><tr><td colspan=\"2\"><b>PHP error debug</b></td></tr><tr><td colspan=\"2\"><div style=\"font-weight:bold;border:1px solid #ccc;padding:8px;color:#333;background-color:#ffffcd;\"><!--error--><br />\n<b>Parse error</b>:  syntax error, unexpected $end in <b>Z:\\home\\top3seo.ru\\www\\assets\\plugins\\managermanager\\mm.inc.php(362) : eval()\'d code</b> on line <b>8</b><br />\n<script language=JavaScript src=\'/denwer/errors/phperror_js.php\'></script></div></td></tr><tr><td valign=\"top\">ErrorType[num] : </td><td>PARSING ERROR[4]</td></tr><tr><td>File : </td><td>Z:\\home\\top3seo.ru\\www\\assets\\plugins\\managermanager\\mm.inc.php(362) : eval()\'d code</td></tr><tr><td>Line : </td><td>8</td></tr><tr><td>Source : </td><td>Plugin</td></tr><tr><td colspan=\"2\"><b>Basic info</b></td></tr><tr><td valign=\"top\" style=\"white-space:nowrap;\">REQUEST_URI : </td><td>/manager/index.php?a=27&amp;id=6</td></tr><tr><td valign=\"top\">Manager action : </td><td>27 - Editing resource</td></tr><tr><td>Current Plugin : </td><td>ManagerManager(OnDocFormRender)</td></tr><tr><td>Referer : </td><td>http://top3seo.ru/manager/index.php?a=1&amp;amp;f=tree</td></tr><tr><td>User Agent : </td><td>Mozilla/5.0 (Windows NT 6.1; WOW64) AppleWebKit/537.36 (KHTML, like Gecko) Chrome/30.0.1599.101 Safari/537.36</td></tr><tr><td>IP : </td><td>127.0.0.1</td></tr><tr><td colspan=\"2\"><b>Benchmarks</b></td></tr><tr><td>MySQL : </td><td>0.0438 s (10 Requests)</td></tr><tr><td>PHP : </td><td>0.1830 s</td></tr><tr><td>Total : </td><td>0.2268 s</td></tr><tr><td>Memory : </td><td>3.9663925170898 mb</td></tr></table>\n<br /><p><b>Backtrace</b></p>\n<table><tr><td valign=\"top\">1</td><td>include_once()<br />manager/index.php on line 301</td><tr><td valign=\"top\">2</td><td>DocumentParser->invokeEvent()<br />manager/actions/mutate_content.dynamic.php on line 1217</td><tr><td valign=\"top\">3</td><td>DocumentParser->evalPlugin()<br />manager/includes/document.parser.class.inc.php on line 3334</td></table>\n'),
(2,0,1383570759,3,1,0,'Plugin - ManagerManager - Editing resource','<h3 style=\"color:red\">&laquo; MODX Parse Error &raquo;</h3>\n	                <table border=\"0\" cellpadding=\"1\" cellspacing=\"0\">\n	                <tr><td colspan=\"2\">MODX encountered the following error while attempting to parse the requested resource:</td></tr>\n	                <tr><td colspan=\"2\"><b style=\"color:red;\">&laquo; PHP Parse Error &raquo;</b></td></tr><tr><td colspan=\"2\"><b>PHP error debug</b></td></tr><tr><td colspan=\"2\"><div style=\"font-weight:bold;border:1px solid #ccc;padding:8px;color:#333;background-color:#ffffcd;\"><!--error--><br />\n<b>Parse error</b>:  syntax error, unexpected $end in <b>Z:\\home\\top3seo.ru\\www\\assets\\plugins\\managermanager\\mm.inc.php(362) : eval()\'d code</b> on line <b>8</b><br />\n<script language=JavaScript src=\'/denwer/errors/phperror_js.php\'></script></div></td></tr><tr><td valign=\"top\">ErrorType[num] : </td><td>PARSING ERROR[4]</td></tr><tr><td>File : </td><td>Z:\\home\\top3seo.ru\\www\\assets\\plugins\\managermanager\\mm.inc.php(362) : eval()\'d code</td></tr><tr><td>Line : </td><td>8</td></tr><tr><td>Source : </td><td>Plugin</td></tr><tr><td colspan=\"2\"><b>Basic info</b></td></tr><tr><td valign=\"top\" style=\"white-space:nowrap;\">REQUEST_URI : </td><td>/manager/index.php?a=27&amp;id=6</td></tr><tr><td valign=\"top\">Manager action : </td><td>27 - Editing resource</td></tr><tr><td>Current Plugin : </td><td>ManagerManager(OnDocFormRender)</td></tr><tr><td>Referer : </td><td>http://top3seo.ru/manager/index.php?a=1&amp;amp;f=tree</td></tr><tr><td>User Agent : </td><td>Mozilla/5.0 (Windows NT 6.1; WOW64) AppleWebKit/537.36 (KHTML, like Gecko) Chrome/30.0.1599.101 Safari/537.36</td></tr><tr><td>IP : </td><td>127.0.0.1</td></tr><tr><td colspan=\"2\"><b>Benchmarks</b></td></tr><tr><td>MySQL : </td><td>0.0643 s (10 Requests)</td></tr><tr><td>PHP : </td><td>0.0825 s</td></tr><tr><td>Total : </td><td>0.1468 s</td></tr><tr><td>Memory : </td><td>3.9663925170898 mb</td></tr></table>\n<br /><p><b>Backtrace</b></p>\n<table><tr><td valign=\"top\">1</td><td>include_once()<br />manager/index.php on line 301</td><tr><td valign=\"top\">2</td><td>DocumentParser->invokeEvent()<br />manager/actions/mutate_content.dynamic.php on line 1217</td><tr><td valign=\"top\">3</td><td>DocumentParser->evalPlugin()<br />manager/includes/document.parser.class.inc.php on line 3334</td></table>\n'),
(3,0,1383570798,3,1,0,'Plugin - ManagerManager - Editing resource','<h3 style=\"color:red\">&laquo; MODX Parse Error &raquo;</h3>\n	                <table border=\"0\" cellpadding=\"1\" cellspacing=\"0\">\n	                <tr><td colspan=\"2\">MODX encountered the following error while attempting to parse the requested resource:</td></tr>\n	                <tr><td colspan=\"2\"><b style=\"color:red;\">&laquo; PHP Parse Error &raquo;</b></td></tr><tr><td colspan=\"2\"><b>PHP error debug</b></td></tr><tr><td colspan=\"2\"><div style=\"font-weight:bold;border:1px solid #ccc;padding:8px;color:#333;background-color:#ffffcd;\"><!--error--><br />\n<b>Parse error</b>:  syntax error, unexpected $end in <b>Z:\\home\\top3seo.ru\\www\\assets\\plugins\\managermanager\\mm.inc.php(362) : eval()\'d code</b> on line <b>8</b><br />\n<script language=JavaScript src=\'/denwer/errors/phperror_js.php\'></script></div></td></tr><tr><td valign=\"top\">ErrorType[num] : </td><td>PARSING ERROR[4]</td></tr><tr><td>File : </td><td>Z:\\home\\top3seo.ru\\www\\assets\\plugins\\managermanager\\mm.inc.php(362) : eval()\'d code</td></tr><tr><td>Line : </td><td>8</td></tr><tr><td>Source : </td><td>Plugin</td></tr><tr><td colspan=\"2\"><b>Basic info</b></td></tr><tr><td valign=\"top\" style=\"white-space:nowrap;\">REQUEST_URI : </td><td>/manager/index.php?a=27&amp;id=6</td></tr><tr><td valign=\"top\">Manager action : </td><td>27 - Editing resource</td></tr><tr><td>Current Plugin : </td><td>ManagerManager(OnDocFormRender)</td></tr><tr><td>Referer : </td><td>http://top3seo.ru/manager/index.php?a=1&amp;amp;f=tree</td></tr><tr><td>User Agent : </td><td>Mozilla/5.0 (Windows NT 6.1; WOW64) AppleWebKit/537.36 (KHTML, like Gecko) Chrome/30.0.1599.101 Safari/537.36</td></tr><tr><td>IP : </td><td>127.0.0.1</td></tr><tr><td colspan=\"2\"><b>Benchmarks</b></td></tr><tr><td>MySQL : </td><td>0.0521 s (10 Requests)</td></tr><tr><td>PHP : </td><td>0.0815 s</td></tr><tr><td>Total : </td><td>0.1336 s</td></tr><tr><td>Memory : </td><td>3.9663925170898 mb</td></tr></table>\n<br /><p><b>Backtrace</b></p>\n<table><tr><td valign=\"top\">1</td><td>include_once()<br />manager/index.php on line 301</td><tr><td valign=\"top\">2</td><td>DocumentParser->invokeEvent()<br />manager/actions/mutate_content.dynamic.php on line 1217</td><tr><td valign=\"top\">3</td><td>DocumentParser->evalPlugin()<br />manager/includes/document.parser.class.inc.php on line 3334</td></table>\n'),
(4,0,1383570804,3,1,0,'Plugin - ManagerManager - Editing resource','<h3 style=\"color:red\">&laquo; MODX Parse Error &raquo;</h3>\n	                <table border=\"0\" cellpadding=\"1\" cellspacing=\"0\">\n	                <tr><td colspan=\"2\">MODX encountered the following error while attempting to parse the requested resource:</td></tr>\n	                <tr><td colspan=\"2\"><b style=\"color:red;\">&laquo; PHP Parse Error &raquo;</b></td></tr><tr><td colspan=\"2\"><b>PHP error debug</b></td></tr><tr><td colspan=\"2\"><div style=\"font-weight:bold;border:1px solid #ccc;padding:8px;color:#333;background-color:#ffffcd;\"><!--error--><br />\n<b>Parse error</b>:  syntax error, unexpected $end in <b>Z:\\home\\top3seo.ru\\www\\assets\\plugins\\managermanager\\mm.inc.php(362) : eval()\'d code</b> on line <b>8</b><br />\n<script language=JavaScript src=\'/denwer/errors/phperror_js.php\'></script></div></td></tr><tr><td valign=\"top\">ErrorType[num] : </td><td>PARSING ERROR[4]</td></tr><tr><td>File : </td><td>Z:\\home\\top3seo.ru\\www\\assets\\plugins\\managermanager\\mm.inc.php(362) : eval()\'d code</td></tr><tr><td>Line : </td><td>8</td></tr><tr><td>Source : </td><td>Plugin</td></tr><tr><td colspan=\"2\"><b>Basic info</b></td></tr><tr><td valign=\"top\" style=\"white-space:nowrap;\">REQUEST_URI : </td><td>/manager/index.php?a=27&amp;id=6&amp;r=1&amp;stay=2&amp;dir=&amp;sort=createdon&amp;page=0</td></tr><tr><td valign=\"top\">Manager action : </td><td>27 - Editing resource</td></tr><tr><td>Current Plugin : </td><td>ManagerManager(OnDocFormRender)</td></tr><tr><td>Referer : </td><td>http://top3seo.ru/manager/index.php?a=27&amp;amp;id=6</td></tr><tr><td>User Agent : </td><td>Mozilla/5.0 (Windows NT 6.1; WOW64) AppleWebKit/537.36 (KHTML, like Gecko) Chrome/30.0.1599.101 Safari/537.36</td></tr><tr><td>IP : </td><td>127.0.0.1</td></tr><tr><td colspan=\"2\"><b>Benchmarks</b></td></tr><tr><td>MySQL : </td><td>0.0423 s (10 Requests)</td></tr><tr><td>PHP : </td><td>0.0659 s</td></tr><tr><td>Total : </td><td>0.1082 s</td></tr><tr><td>Memory : </td><td>3.9650650024414 mb</td></tr></table>\n<br /><p><b>Backtrace</b></p>\n<table><tr><td valign=\"top\">1</td><td>include_once()<br />manager/index.php on line 301</td><tr><td valign=\"top\">2</td><td>DocumentParser->invokeEvent()<br />manager/actions/mutate_content.dynamic.php on line 1217</td><tr><td valign=\"top\">3</td><td>DocumentParser->evalPlugin()<br />manager/includes/document.parser.class.inc.php on line 3334</td></table>\n'),
(5,0,1383570868,3,1,0,'Plugin - ManagerManager - Editing resource','<h3 style=\"color:red\">&laquo; MODX Parse Error &raquo;</h3>\n	                <table border=\"0\" cellpadding=\"1\" cellspacing=\"0\">\n	                <tr><td colspan=\"2\">MODX encountered the following error while attempting to parse the requested resource:</td></tr>\n	                <tr><td colspan=\"2\"><b style=\"color:red;\">&laquo; PHP Parse Error &raquo;</b></td></tr><tr><td colspan=\"2\"><b>PHP error debug</b></td></tr><tr><td colspan=\"2\"><div style=\"font-weight:bold;border:1px solid #ccc;padding:8px;color:#333;background-color:#ffffcd;\"><!--error--><br />\n<b>Parse error</b>:  syntax error, unexpected T_CONSTANT_ENCAPSED_STRING in <b>Z:\\home\\top3seo.ru\\www\\assets\\plugins\\managermanager\\mm.inc.php(362) : eval()\'d code</b> on line <b>8</b><br />\n<script language=JavaScript src=\'/denwer/errors/phperror_js.php\'></script></div></td></tr><tr><td valign=\"top\">ErrorType[num] : </td><td>PARSING ERROR[4]</td></tr><tr><td>File : </td><td>Z:\\home\\top3seo.ru\\www\\assets\\plugins\\managermanager\\mm.inc.php(362) : eval()\'d code</td></tr><tr><td>Line : </td><td>8</td></tr><tr><td>Source : </td><td>Plugin</td></tr><tr><td colspan=\"2\"><b>Basic info</b></td></tr><tr><td valign=\"top\" style=\"white-space:nowrap;\">REQUEST_URI : </td><td>/manager/index.php?a=27&amp;id=6</td></tr><tr><td valign=\"top\">Manager action : </td><td>27 - Editing resource</td></tr><tr><td>Current Plugin : </td><td>ManagerManager(OnDocFormRender)</td></tr><tr><td>Referer : </td><td>http://top3seo.ru/manager/index.php?a=1&amp;amp;f=tree</td></tr><tr><td>User Agent : </td><td>Mozilla/5.0 (Windows NT 6.1; WOW64) AppleWebKit/537.36 (KHTML, like Gecko) Chrome/30.0.1599.101 Safari/537.36</td></tr><tr><td>IP : </td><td>127.0.0.1</td></tr><tr><td colspan=\"2\"><b>Benchmarks</b></td></tr><tr><td>MySQL : </td><td>0.0288 s (10 Requests)</td></tr><tr><td>PHP : </td><td>0.0667 s</td></tr><tr><td>Total : </td><td>0.0956 s</td></tr><tr><td>Memory : </td><td>3.9663925170898 mb</td></tr></table>\n<br /><p><b>Backtrace</b></p>\n<table><tr><td valign=\"top\">1</td><td>include_once()<br />manager/index.php on line 301</td><tr><td valign=\"top\">2</td><td>DocumentParser->invokeEvent()<br />manager/actions/mutate_content.dynamic.php on line 1217</td><tr><td valign=\"top\">3</td><td>DocumentParser->evalPlugin()<br />manager/includes/document.parser.class.inc.php on line 3334</td></table>\n'),
(6,0,1383652303,3,1,0,'Системные файлы были изменены.','Вы включили проверку системных файлов на наличие изменений, характерных для взломанных сайтов. Это не значит, что сайт был взломан, но желательно просмотреть измененные файлы.(index.php, .htaccess, manager/index.php, manager/includes/config.inc.php)'),
(7,0,1383652303,3,1,0,'phpmailer','Could not instantiate mail function.'),
(8,0,1383652303,2,1,0,'невозможна запись в папку кэширования','MODX не в состоянии записывать данные в папку кэширования. Система будет работать нормально, но кэширования происходить не будет. Для решения проблемы разрешите запись в папку <b>/assets/cache<b>.'),
(9,0,1383652303,2,1,0,'Папка изображений (images) недоступна для записи','Папка изображений (images) недоступна для записи или не существует на сервере. Из этого следует, что управление изображениями работать не будет'),
(10,0,1383652329,3,0,0,'Plugin - PHx','<h3 style=\"color:red\">&laquo; MODX Parse Error &raquo;</h3>\n	                <table border=\"0\" cellpadding=\"1\" cellspacing=\"0\">\n	                <tr><td colspan=\"2\">MODX encountered the following error while attempting to parse the requested resource:</td></tr>\n	                <tr><td colspan=\"2\"><b style=\"color:red;\">&laquo; PHP Parse Error &raquo;</b></td></tr><tr><td colspan=\"2\"><b>PHP error debug</b></td></tr><tr><td colspan=\"2\"><div style=\"font-weight:bold;border:1px solid #ccc;padding:8px;color:#333;background-color:#ffffcd;\">Error : include_once(Z:/home/top3seo.ru/www/assets/plugins/phx/phx.parser.class.inc.php): failed to open stream: No such file or directory</div></td></tr><tr><td valign=\"top\">ErrorType[num] : </td><td>WARNING[2]</td></tr><tr><td>File : </td><td>/home/web/www/clients/client12/web38/web/manager/includes/document.parser.class.inc.php(969) : eval()\'d code</td></tr><tr><td>Line : </td><td>15</td></tr><tr><td colspan=\"2\"><b>Basic info</b></td></tr><tr><td valign=\"top\" style=\"white-space:nowrap;\">REQUEST_URI : </td><td>/o-nas/</td></tr><tr><td valign=\"top\">Resource : </td><td>[2]<a href=\"http://top3seo.ru/o-nas/\" target=\"_blank\">О нас</a></td></tr><tr><td>Current Plugin : </td><td>PHx(OnParseDocument)</td></tr><tr><td>Referer : </td><td>http://top3seo.ru/</td></tr><tr><td>User Agent : </td><td>Mozilla/5.0 (Windows NT 6.1; WOW64) AppleWebKit/537.36 (KHTML, like Gecko) Chrome/30.0.1599.101 Safari/537.36</td></tr><tr><td>IP : </td><td>212.98.186.136</td></tr><tr><td colspan=\"2\"><b>Benchmarks</b></td></tr><tr><td>MySQL : </td><td>0.0017 s (2 Requests)</td></tr><tr><td>PHP : </td><td>0.0041 s</td></tr><tr><td>Total : </td><td>0.0058 s</td></tr><tr><td>Memory : </td><td>0.90244293212891 mb</td></tr></table>\n<br /><p><b>Backtrace</b></p>\n<table><tr><td valign=\"top\">1</td><td>DocumentParser->executeParser()<br />index.php on line 140</td><tr><td valign=\"top\">2</td><td>DocumentParser->prepareResponse()<br />manager/includes/document.parser.class.inc.php on line 1568</td><tr><td valign=\"top\">3</td><td>DocumentParser->outputContent()<br />manager/includes/document.parser.class.inc.php on line 1673</td><tr><td valign=\"top\">4</td><td>DocumentParser->parseDocumentSource()<br />manager/includes/document.parser.class.inc.php on line 582</td><tr><td valign=\"top\">5</td><td>DocumentParser->invokeEvent()<br />manager/includes/document.parser.class.inc.php on line 1434</td><tr><td valign=\"top\">6</td><td>DocumentParser->evalPlugin()<br />manager/includes/document.parser.class.inc.php on line 3334</td><tr><td valign=\"top\">7</td><td>eval()<br />manager/includes/document.parser.class.inc.php on line 969</td><tr><td valign=\"top\">8</td><td>include_once()<br />manager/includes/document.parser.class.inc.php(969) : eval()\'d code on line 15</td></table>\n'),
(11,0,1383652329,3,0,0,'phpmailer','Could not instantiate mail function.'),
(12,0,1384170730,3,1,0,'SQL Query - Editing resource','<h3 style=\"color:red\">&laquo; MODX Parse Error &raquo;</h3>\n	                <table border=\"0\" cellpadding=\"1\" cellspacing=\"0\">\n	                <tr><td colspan=\"2\">MODX encountered the following error while attempting to parse the requested resource:</td></tr>\n	                <tr><td colspan=\"2\"><b style=\"color:red;\">&laquo; Execution of a query to the database failed - Table \'top3seo_top3seo.test_zolotko_site_content\' doesn\'t exist &raquo;</b></td></tr><tr><td colspan=\"2\"><div style=\"font-weight:bold;border:1px solid #ccc;padding:8px;color:#333;background-color:#ffffcd;\">SQL &gt; <span id=\"sqlHolder\">SELECT  pagetitle FROM test_zolotko_site_content WHERE  parent = 3 and published=1 and deleted=0;</span></div>\n	                </td></tr><tr><td colspan=\"2\"><b>Basic info</b></td></tr><tr><td valign=\"top\" style=\"white-space:nowrap;\">REQUEST_URI : </td><td>/manager/index.php?a=27&amp;id=42</td></tr><tr><td valign=\"top\">Manager action : </td><td>27 - Editing resource</td></tr><tr><td>Referer : </td><td>http://top3seo.ru/manager/index.php?a=1&amp;amp;f=tree</td></tr><tr><td>User Agent : </td><td>Mozilla/5.0 (Windows NT 6.1; WOW64; rv:25.0) Gecko/20100101 Firefox/25.0</td></tr><tr><td>IP : </td><td>212.98.186.136</td></tr><tr><td colspan=\"2\"><b>Benchmarks</b></td></tr><tr><td>MySQL : </td><td>0.0033 s (8 Requests)</td></tr><tr><td>PHP : </td><td>0.0173 s</td></tr><tr><td>Total : </td><td>0.0206 s</td></tr><tr><td>Memory : </td><td>1.6380081176758 mb</td></tr></table>\n<br /><p><b>Backtrace</b></p>\n<table><tr><td valign=\"top\">1</td><td>include_once()<br />manager/index.php on line 301</td><tr><td valign=\"top\">2</td><td>renderFormElement()<br />manager/actions/mutate_content.dynamic.php on line 814</td><tr><td valign=\"top\">3</td><td>ProcessTVCommand()<br />manager/includes/tmplvars.inc.php on line 47</td><tr><td valign=\"top\">4</td><td>DBAPI->query()<br />manager/includes/tmplvars.commands.inc.php on line 59</td></table>\n'),
(13,0,1384170730,3,1,0,'phpmailer','Could not instantiate mail function.'),
(14,0,1384170879,3,1,0,'SQL Query - Editing resource','<h3 style=\"color:red\">&laquo; MODX Parse Error &raquo;</h3>\n	                <table border=\"0\" cellpadding=\"1\" cellspacing=\"0\">\n	                <tr><td colspan=\"2\">MODX encountered the following error while attempting to parse the requested resource:</td></tr>\n	                <tr><td colspan=\"2\"><b style=\"color:red;\">&laquo; Execution of a query to the database failed - The used SELECT statements have a different number of columns &raquo;</b></td></tr><tr><td colspan=\"2\"><div style=\"font-weight:bold;border:1px solid #ccc;padding:8px;color:#333;background-color:#ffffcd;\">SQL &gt; <span id=\"sqlHolder\">SELECT  \'-\' AS pagetitle, \'0\' AS id UNION ( SELECT pagetitle FROM modx_site_content WHERE parent = 3 and published=1 and deleted=0 );</span></div>\n	                </td></tr><tr><td colspan=\"2\"><b>Basic info</b></td></tr><tr><td valign=\"top\" style=\"white-space:nowrap;\">REQUEST_URI : </td><td>/manager/index.php?a=27&amp;id=42</td></tr><tr><td valign=\"top\">Manager action : </td><td>27 - Editing resource</td></tr><tr><td>Referer : </td><td>http://top3seo.ru/manager/index.php?a=1&amp;amp;f=tree</td></tr><tr><td>User Agent : </td><td>Mozilla/5.0 (Windows NT 6.1; WOW64; rv:25.0) Gecko/20100101 Firefox/25.0</td></tr><tr><td>IP : </td><td>212.98.186.136</td></tr><tr><td colspan=\"2\"><b>Benchmarks</b></td></tr><tr><td>MySQL : </td><td>0.0031 s (8 Requests)</td></tr><tr><td>PHP : </td><td>0.0189 s</td></tr><tr><td>Total : </td><td>0.0220 s</td></tr><tr><td>Memory : </td><td>1.6380081176758 mb</td></tr></table>\n<br /><p><b>Backtrace</b></p>\n<table><tr><td valign=\"top\">1</td><td>include_once()<br />manager/index.php on line 301</td><tr><td valign=\"top\">2</td><td>renderFormElement()<br />manager/actions/mutate_content.dynamic.php on line 814</td><tr><td valign=\"top\">3</td><td>ProcessTVCommand()<br />manager/includes/tmplvars.inc.php on line 47</td><tr><td valign=\"top\">4</td><td>DBAPI->query()<br />manager/includes/tmplvars.commands.inc.php on line 59</td></table>\n'),
(15,0,1384170879,3,1,0,'phpmailer','Could not instantiate mail function.'),
(16,0,1384170918,3,1,0,'SQL Query - Editing resource','<h3 style=\"color:red\">&laquo; MODX Parse Error &raquo;</h3>\n	                <table border=\"0\" cellpadding=\"1\" cellspacing=\"0\">\n	                <tr><td colspan=\"2\">MODX encountered the following error while attempting to parse the requested resource:</td></tr>\n	                <tr><td colspan=\"2\"><b style=\"color:red;\">&laquo; Execution of a query to the database failed - The used SELECT statements have a different number of columns &raquo;</b></td></tr><tr><td colspan=\"2\"><div style=\"font-weight:bold;border:1px solid #ccc;padding:8px;color:#333;background-color:#ffffcd;\">SQL &gt; <span id=\"sqlHolder\">SELECT  \'*\' AS pagetitle, \'0\' AS id UNION ( SELECT pagetitle FROM modx_site_content WHERE parent = 3 and published=1 and deleted=0 );</span></div>\n	                </td></tr><tr><td colspan=\"2\"><b>Basic info</b></td></tr><tr><td valign=\"top\" style=\"white-space:nowrap;\">REQUEST_URI : </td><td>/manager/index.php?a=27&amp;id=42</td></tr><tr><td valign=\"top\">Manager action : </td><td>27 - Editing resource</td></tr><tr><td>Referer : </td><td>http://top3seo.ru/manager/index.php?a=1&amp;amp;f=tree</td></tr><tr><td>User Agent : </td><td>Mozilla/5.0 (Windows NT 6.1; WOW64; rv:25.0) Gecko/20100101 Firefox/25.0</td></tr><tr><td>IP : </td><td>212.98.186.136</td></tr><tr><td colspan=\"2\"><b>Benchmarks</b></td></tr><tr><td>MySQL : </td><td>0.0028 s (8 Requests)</td></tr><tr><td>PHP : </td><td>0.0170 s</td></tr><tr><td>Total : </td><td>0.0198 s</td></tr><tr><td>Memory : </td><td>1.6380081176758 mb</td></tr></table>\n<br /><p><b>Backtrace</b></p>\n<table><tr><td valign=\"top\">1</td><td>include_once()<br />manager/index.php on line 301</td><tr><td valign=\"top\">2</td><td>renderFormElement()<br />manager/actions/mutate_content.dynamic.php on line 814</td><tr><td valign=\"top\">3</td><td>ProcessTVCommand()<br />manager/includes/tmplvars.inc.php on line 47</td><tr><td valign=\"top\">4</td><td>DBAPI->query()<br />manager/includes/tmplvars.commands.inc.php on line 59</td></table>\n'),
(17,0,1384170918,3,1,0,'phpmailer','Could not instantiate mail function.'),
(18,0,1384181964,3,0,0,'Parser -                 if (is_array($this-&gt;pl','<h3 style=\"color:red\">&laquo; MODX Parse Error &raquo;</h3>\n	                <table border=\"0\" cellpadding=\"1\" cellspacing=\"0\">\n	                <tr><td colspan=\"2\">MODX encountered the following error while attempting to parse the requested resource:</td></tr>\n	                <tr><td colspan=\"2\"><b style=\"color:red;\">&laquo; PHP Parse Error &raquo;</b></td></tr><tr><td colspan=\"2\"><b>PHP error debug</b></td></tr><tr><td colspan=\"2\"><div style=\"font-weight:bold;border:1px solid #ccc;padding:8px;color:#333;background-color:#ffffcd;\">Error : array_key_exists(): The first argument should be either a string or an integer</div></td></tr><tr><td valign=\"top\">ErrorType[num] : </td><td>WARNING[2]</td></tr><tr><td>File : </td><td>/home/web/www/clients/client12/web38/web/manager/includes/document.parser.class.inc.php</td></tr><tr><td>Line : </td><td>944</td></tr><tr><td>Source : </td><td>                if (is_array($this-&gt;placeholders) &amp;&amp; array_key_exists($key, $this-&gt;placeholders))\n</td></tr><tr><td colspan=\"2\"><b>Basic info</b></td></tr><tr><td valign=\"top\" style=\"white-space:nowrap;\">REQUEST_URI : </td><td>/kontakty.html</td></tr><tr><td valign=\"top\">Resource : </td><td>[6]<a href=\"http://top3seo.ru/kontakty.html\" target=\"_blank\">Контакты</a></td></tr><tr><td>Referer : </td><td>http://top3seo.ru/o-nas/</td></tr><tr><td>User Agent : </td><td>Mozilla/5.0 (Windows NT 6.1; WOW64; rv:25.0) Gecko/20100101 Firefox/25.0</td></tr><tr><td>IP : </td><td>212.98.186.136</td></tr><tr><td colspan=\"2\"><b>Benchmarks</b></td></tr><tr><td>MySQL : </td><td>0.0013 s (6 Requests)</td></tr><tr><td>PHP : </td><td>0.0165 s</td></tr><tr><td>Total : </td><td>0.0178 s</td></tr><tr><td>Memory : </td><td>2.154670715332 mb</td></tr></table>\n<br /><p><b>Backtrace</b></p>\n<table><tr><td valign=\"top\">1</td><td>DocumentParser->executeParser()<br />index.php on line 140</td><tr><td valign=\"top\">2</td><td>DocumentParser->prepareResponse()<br />manager/includes/document.parser.class.inc.php on line 1568</td><tr><td valign=\"top\">3</td><td>DocumentParser->parseDocumentSource()<br />manager/includes/document.parser.class.inc.php on line 1658</td><tr><td valign=\"top\">4</td><td>DocumentParser->mergePlaceholderContent()<br />manager/includes/document.parser.class.inc.php on line 1452</td><tr><td valign=\"top\">5</td><td>array_key_exists()<br />manager/includes/document.parser.class.inc.php on line 944</td></table>\n'),
(19,0,1384181964,3,0,0,'phpmailer','Could not instantiate mail function.'),
(20,0,1384426658,3,0,0,'phpmailer','Could not instantiate mail function.'),
(21,0,1384426916,3,0,0,'phpmailer','Could not instantiate mail function.'),
(22,0,1384426923,3,0,0,'phpmailer','Could not instantiate mail function.'),
(23,0,1384426959,3,0,0,'phpmailer','Could not instantiate mail function.'),
(24,0,1384427296,3,0,0,'phpmailer','Could not instantiate mail function.')	;
#	TC`modx_keyword_xref`utf8_general_ci	;
CREATE TABLE `modx_keyword_xref` (
  `content_id` int(11) NOT NULL DEFAULT '0',
  `keyword_id` int(11) NOT NULL DEFAULT '0',
  KEY `content_id` (`content_id`),
  KEY `keyword_id` (`keyword_id`)
) ENGINE=MyISAM DEFAULT CHARSET=utf8 COMMENT='Cross reference bewteen keywords and content'	;
#	TC`modx_manager_log`utf8_general_ci	;
CREATE TABLE `modx_manager_log` (
  `id` int(10) NOT NULL AUTO_INCREMENT,
  `timestamp` int(20) NOT NULL DEFAULT '0',
  `internalKey` int(10) NOT NULL DEFAULT '0',
  `username` varchar(255) DEFAULT NULL,
  `action` int(10) NOT NULL DEFAULT '0',
  `itemid` varchar(10) DEFAULT '0',
  `itemname` varchar(255) DEFAULT NULL,
  `message` varchar(255) NOT NULL DEFAULT '',
  PRIMARY KEY (`id`)
) ENGINE=MyISAM AUTO_INCREMENT=1936 DEFAULT CHARSET=utf8 COMMENT='Contains a record of user interaction.'	;
#	TD`modx_manager_log`utf8_general_ci	;
INSERT INTO `modx_manager_log` VALUES 
(1,1383551047,1,'admin',58,'-','MODx','Logged in'),
(2,1383551070,1,'admin',17,'-','-','Editing settings'),
(3,1383551628,1,'admin',30,'-','-','Saving settings'),
(4,1383551642,1,'admin',76,'-','-','Element management'),
(5,1383551652,1,'admin',19,'-','New template','Creating a new template'),
(6,1383551680,1,'admin',20,'-','-','Saving template'),
(7,1383551680,1,'admin',16,'5','Главная','Editing template'),
(8,1383551688,1,'admin',76,'-','-','Element management'),
(9,1383551694,1,'admin',76,'-','-','Element management'),
(10,1383551698,1,'admin',77,'-','New Chunk','Creating a new Chunk (HTML Snippet)'),
(11,1383551851,1,'admin',79,'-','-','Saving Chunk (HTML Snippet)'),
(12,1383551851,1,'admin',78,'3','head','Editing Chunk (HTML Snippet)'),
(13,1383551853,1,'admin',20,'5','-','Saving template'),
(14,1383551853,1,'admin',16,'5','Главная','Editing template'),
(15,1383551856,1,'admin',76,'-','-','Element management'),
(16,1383552014,1,'admin',79,'3','-','Saving Chunk (HTML Snippet)'),
(17,1383552014,1,'admin',78,'3','head','Editing Chunk (HTML Snippet)'),
(18,1383552029,1,'admin',79,'3','-','Saving Chunk (HTML Snippet)'),
(19,1383552029,1,'admin',78,'3','head','Editing Chunk (HTML Snippet)'),
(20,1383552038,1,'admin',76,'-','-','Element management'),
(21,1383552043,1,'admin',77,'-','New Chunk','Creating a new Chunk (HTML Snippet)'),
(22,1383552156,1,'admin',79,'-','-','Saving Chunk (HTML Snippet)'),
(23,1383552156,1,'admin',76,'-','-','Element management'),
(24,1383552158,1,'admin',77,'-','New Chunk','Creating a new Chunk (HTML Snippet)'),
(25,1383552213,1,'admin',79,'-','-','Saving Chunk (HTML Snippet)'),
(26,1383552213,1,'admin',76,'-','-','Element management'),
(27,1383552214,1,'admin',77,'-','New Chunk','Creating a new Chunk (HTML Snippet)'),
(28,1383552319,1,'admin',79,'-','-','Saving Chunk (HTML Snippet)'),
(29,1383552319,1,'admin',76,'-','-','Element management'),
(30,1383552323,1,'admin',20,'5','-','Saving template'),
(31,1383552323,1,'admin',16,'5','Главная','Editing template'),
(32,1383552405,1,'admin',77,'-','New Chunk','Creating a new Chunk (HTML Snippet)'),
(33,1383552482,1,'admin',79,'-','-','Saving Chunk (HTML Snippet)'),
(34,1383552482,1,'admin',77,'-','New Chunk','Creating a new Chunk (HTML Snippet)'),
(35,1383552584,1,'admin',79,'-','-','Saving Chunk (HTML Snippet)'),
(36,1383552584,1,'admin',77,'-','New Chunk','Creating a new Chunk (HTML Snippet)'),
(37,1383552635,1,'admin',79,'-','-','Saving Chunk (HTML Snippet)'),
(38,1383552635,1,'admin',77,'-','New Chunk','Creating a new Chunk (HTML Snippet)'),
(39,1383552721,1,'admin',79,'-','-','Saving Chunk (HTML Snippet)'),
(40,1383552722,1,'admin',77,'-','New Chunk','Creating a new Chunk (HTML Snippet)'),
(41,1383552791,1,'admin',79,'-','-','Saving Chunk (HTML Snippet)'),
(42,1383552791,1,'admin',77,'-','New Chunk','Creating a new Chunk (HTML Snippet)'),
(43,1383552881,1,'admin',79,'-','-','Saving Chunk (HTML Snippet)'),
(44,1383552881,1,'admin',76,'-','-','Element management'),
(45,1383552894,1,'admin',20,'5','-','Saving template'),
(46,1383552894,1,'admin',16,'5','Главная','Editing template'),
(47,1383552897,1,'admin',78,'4','header','Editing Chunk (HTML Snippet)'),
(48,1383552936,1,'admin',79,'4','-','Saving Chunk (HTML Snippet)'),
(49,1383552936,1,'admin',76,'-','-','Element management'),
(50,1383552938,1,'admin',78,'5','top_line','Editing Chunk (HTML Snippet)'),
(51,1383552960,1,'admin',79,'5','-','Saving Chunk (HTML Snippet)'),
(52,1383552960,1,'admin',76,'-','-','Element management'),
(53,1383553048,1,'admin',20,'5','-','Saving template'),
(54,1383553048,1,'admin',76,'-','-','Element management'),
(55,1383553071,1,'admin',27,'1','-','Editing resource'),
(56,1383553096,1,'admin',27,'1','-','Editing resource'),
(57,1383553107,1,'admin',5,'1','-','Saving resource'),
(58,1383553109,1,'admin',3,'1','Главная','Viewing data for resource'),
(59,1383553125,1,'admin',78,'3','head','Editing Chunk (HTML Snippet)'),
(60,1383553161,1,'admin',79,'3','-','Saving Chunk (HTML Snippet)'),
(61,1383553161,1,'admin',76,'-','-','Element management'),
(62,1383553571,1,'admin',76,'-','-','Element management'),
(63,1383553573,1,'admin',78,'4','header','Editing Chunk (HTML Snippet)'),
(64,1383553800,1,'admin',4,'-','-','Creating a resource'),
(65,1383553826,1,'admin',5,'-','-','Saving resource'),
(66,1383553828,1,'admin',3,'2','О нас','Viewing data for resource'),
(67,1383553923,1,'admin',101,'-','New snippet','Create new plugin'),
(68,1383553990,1,'admin',103,'-','-','Saving plugin'),
(69,1383553990,1,'admin',76,'-','-','Element management'),
(70,1383554019,1,'admin',4,'-','-','Creating a resource'),
(71,1383554032,1,'admin',76,'-','-','Element management'),
(72,1383554045,1,'admin',102,'8','TransAlias','Edit plugin'),
(73,1383554108,1,'admin',103,'8','-','Saving plugin'),
(74,1383554108,1,'admin',76,'-','-','Element management'),
(75,1383554109,1,'admin',27,'1','-','Editing resource'),
(76,1383554110,1,'admin',27,'2','-','Editing resource'),
(77,1383554113,1,'admin',5,'2','-','Saving resource'),
(78,1383554114,1,'admin',3,'2','О нас','Viewing data for resource'),
(79,1383554115,1,'admin',27,'2','-','Editing resource'),
(80,1383554119,1,'admin',4,'-','-','Creating a resource'),
(81,1383554133,1,'admin',5,'-','-','Saving resource'),
(82,1383554134,1,'admin',3,'3','Услуги','Viewing data for resource'),
(83,1383554141,1,'admin',4,'-','-','Creating a resource'),
(84,1383554146,1,'admin',5,'-','-','Saving resource'),
(85,1383554147,1,'admin',3,'4','Клиенты','Viewing data for resource'),
(86,1383554156,1,'admin',4,'-','-','Creating a resource'),
(87,1383554161,1,'admin',5,'-','-','Saving resource'),
(88,1383554162,1,'admin',3,'5','Блог','Viewing data for resource'),
(89,1383554163,1,'admin',4,'-','-','Creating a resource'),
(90,1383554168,1,'admin',5,'-','-','Saving resource'),
(91,1383554169,1,'admin',3,'6','Контакты','Viewing data for resource'),
(92,1383554199,1,'admin',27,'3','-','Editing resource'),
(93,1383554201,1,'admin',4,'-','-','Creating a resource'),
(94,1383554219,1,'admin',5,'-','-','Saving resource'),
(95,1383554220,1,'admin',3,'7','SEO продвижение','Viewing data for resource'),
(96,1383554244,1,'admin',4,'-','-','Creating a resource'),
(97,1383554252,1,'admin',5,'-','-','Saving resource'),
(98,1383554252,1,'admin',4,'-','-','Creating a resource'),
(99,1383554277,1,'admin',5,'-','-','Saving resource'),
(100,1383554277,1,'admin',4,'-','-','Creating a resource'),
(101,1383554287,1,'admin',5,'-','-','Saving resource'),
(102,1383554287,1,'admin',4,'-','-','Creating a resource'),
(103,1383554322,1,'admin',76,'-','-','Element management'),
(104,1383554330,1,'admin',77,'-','New Chunk','Creating a new Chunk (HTML Snippet)'),
(105,1383554334,1,'admin',76,'-','-','Element management'),
(106,1383554428,1,'admin',78,'4','header','Editing Chunk (HTML Snippet)'),
(107,1383554747,1,'admin',79,'4','-','Saving Chunk (HTML Snippet)'),
(108,1383554747,1,'admin',78,'4','header','Editing Chunk (HTML Snippet)'),
(109,1383554901,1,'admin',79,'4','-','Saving Chunk (HTML Snippet)'),
(110,1383554901,1,'admin',78,'4','header','Editing Chunk (HTML Snippet)'),
(111,1383554941,1,'admin',79,'4','-','Saving Chunk (HTML Snippet)'),
(112,1383554941,1,'admin',78,'4','header','Editing Chunk (HTML Snippet)'),
(113,1383555025,1,'admin',79,'4','-','Saving Chunk (HTML Snippet)'),
(114,1383555025,1,'admin',78,'4','header','Editing Chunk (HTML Snippet)'),
(115,1383555028,1,'admin',76,'-','-','Element management'),
(116,1383555035,1,'admin',78,'7','uslugi','Editing Chunk (HTML Snippet)'),
(117,1383555065,1,'admin',27,'7','-','Editing resource'),
(118,1383555087,1,'admin',27,'7','-','Editing resource'),
(119,1383555115,1,'admin',5,'7','-','Saving resource'),
(120,1383555115,1,'admin',27,'7','-','Editing resource'),
(121,1383555148,1,'admin',76,'-','-','Element management'),
(122,1383555150,1,'admin',78,'4','header','Editing Chunk (HTML Snippet)'),
(123,1383555258,1,'admin',79,'7','-','Saving Chunk (HTML Snippet)'),
(124,1383555258,1,'admin',78,'7','uslugi','Editing Chunk (HTML Snippet)'),
(125,1383555262,1,'admin',76,'-','-','Element management'),
(126,1383555263,1,'admin',77,'-','New Chunk','Creating a new Chunk (HTML Snippet)'),
(127,1383555340,1,'admin',79,'-','-','Saving Chunk (HTML Snippet)'),
(128,1383555340,1,'admin',78,'13','uslugi_tpl','Editing Chunk (HTML Snippet)'),
(129,1383555373,1,'admin',79,'7','-','Saving Chunk (HTML Snippet)'),
(130,1383555373,1,'admin',78,'7','uslugi','Editing Chunk (HTML Snippet)'),
(131,1383555376,1,'admin',27,'8','-','Editing resource'),
(132,1383555390,1,'admin',5,'8','-','Saving resource'),
(133,1383555391,1,'admin',3,'8','Аудит вашего сайта','Viewing data for resource'),
(134,1383555391,1,'admin',27,'9','-','Editing resource'),
(135,1383555401,1,'admin',5,'9','-','Saving resource'),
(136,1383555403,1,'admin',3,'9','Контекстная реклама','Viewing data for resource'),
(137,1383555407,1,'admin',27,'10','-','Editing resource'),
(138,1383555409,1,'admin',5,'10','-','Saving resource'),
(139,1383555411,1,'admin',3,'10','Копирайтинг','Viewing data for resource'),
(140,1383555727,1,'admin',76,'-','-','Element management'),
(141,1383555729,1,'admin',19,'-','New template','Creating a new template'),
(142,1383555729,1,'admin',76,'-','-','Element management'),
(143,1383555731,1,'admin',16,'5','Главная','Editing template'),
(144,1383555734,1,'admin',96,'5','-','Duplicate Template'),
(145,1383555734,1,'admin',16,'6','Duplicate of Главная','Editing template'),
(146,1383555819,1,'admin',20,'6','-','Saving template'),
(147,1383555819,1,'admin',16,'6','О нас','Editing template'),
(148,1383555826,1,'admin',27,'2','-','Editing resource'),
(149,1383555828,1,'admin',27,'2','-','Editing resource'),
(150,1383555829,1,'admin',5,'2','-','Saving resource'),
(151,1383555831,1,'admin',3,'2','О нас','Viewing data for resource'),
(152,1383556338,1,'admin',27,'7','-','Editing resource'),
(153,1383556341,1,'admin',27,'7','-','Editing resource'),
(154,1383556342,1,'admin',5,'7','-','Saving resource'),
(155,1383556344,1,'admin',3,'7','SEO продвижение','Viewing data for resource'),
(156,1383557562,1,'admin',76,'-','-','Element management'),
(157,1383557566,1,'admin',16,'6','О нас','Editing template'),
(158,1383557579,1,'admin',20,'6','-','Saving template'),
(159,1383557579,1,'admin',16,'6','О нас','Editing template'),
(160,1383557652,1,'admin',20,'6','-','Saving template'),
(161,1383557652,1,'admin',16,'6','О нас','Editing template'),
(162,1383558386,1,'admin',20,'6','-','Saving template'),
(163,1383558386,1,'admin',16,'6','О нас','Editing template'),
(164,1383558391,1,'admin',27,'2','-','Editing resource'),
(165,1383558536,1,'admin',5,'2','-','Saving resource'),
(166,1383558536,1,'admin',27,'2','-','Editing resource'),
(167,1383558648,1,'admin',5,'2','-','Saving resource'),
(168,1383558650,1,'admin',3,'2','О нас','Viewing data for resource'),
(169,1383558651,1,'admin',17,'-','-','Editing settings'),
(170,1383558673,1,'admin',30,'-','-','Saving settings'),
(171,1383558679,1,'admin',27,'2','-','Editing resource'),
(172,1383558692,1,'admin',20,'6','-','Saving template'),
(173,1383558692,1,'admin',16,'6','О нас','Editing template'),
(174,1383558694,1,'admin',17,'-','-','Editing settings'),
(175,1383558701,1,'admin',30,'-','-','Saving settings'),
(176,1383558705,1,'admin',27,'2','-','Editing resource'),
(177,1383558710,1,'admin',17,'-','-','Editing settings'),
(178,1383558717,1,'admin',30,'-','-','Saving settings'),
(179,1383558718,1,'admin',27,'2','-','Editing resource'),
(180,1383558731,1,'admin',17,'-','-','Editing settings'),
(181,1383558763,1,'admin',30,'-','-','Saving settings'),
(182,1383558764,1,'admin',27,'2','-','Editing resource'),
(183,1383558772,1,'admin',17,'-','-','Editing settings'),
(184,1383558778,1,'admin',30,'-','-','Saving settings'),
(185,1383558780,1,'admin',27,'2','-','Editing resource'),
(186,1383558788,1,'admin',17,'-','-','Editing settings'),
(187,1383558793,1,'admin',30,'-','-','Saving settings'),
(188,1383558795,1,'admin',27,'2','-','Editing resource'),
(189,1383558801,1,'admin',17,'-','-','Editing settings'),
(190,1383558808,1,'admin',30,'-','-','Saving settings'),
(191,1383558810,1,'admin',27,'2','-','Editing resource'),
(192,1383558817,1,'admin',17,'-','-','Editing settings'),
(193,1383558825,1,'admin',30,'-','-','Saving settings'),
(194,1383558827,1,'admin',27,'2','-','Editing resource'),
(195,1383558838,1,'admin',17,'-','-','Editing settings'),
(196,1383558844,1,'admin',30,'-','-','Saving settings'),
(197,1383558845,1,'admin',27,'2','-','Editing resource'),
(198,1383558904,1,'admin',17,'-','-','Editing settings'),
(199,1383558958,1,'admin',30,'-','-','Saving settings'),
(200,1383558960,1,'admin',27,'2','-','Editing resource'),
(201,1383558996,1,'admin',5,'2','-','Saving resource'),
(202,1383558998,1,'admin',3,'2','О нас','Viewing data for resource'),
(203,1383559138,1,'admin',76,'-','-','Element management'),
(204,1383559140,1,'admin',16,'6','О нас','Editing template'),
(205,1383559213,1,'admin',20,'6','-','Saving template'),
(206,1383559213,1,'admin',16,'6','О нас','Editing template'),
(207,1383559319,1,'admin',20,'6','-','Saving template'),
(208,1383559319,1,'admin',16,'6','О нас','Editing template'),
(209,1383559498,1,'admin',20,'6','-','Saving template'),
(210,1383559498,1,'admin',16,'6','О нас','Editing template'),
(211,1383560407,1,'admin',20,'6','-','Saving template'),
(212,1383560407,1,'admin',16,'6','О нас','Editing template'),
(213,1383560648,1,'admin',20,'6','-','Saving template'),
(214,1383560648,1,'admin',16,'6','О нас','Editing template'),
(215,1383561035,1,'admin',20,'6','-','Saving template'),
(216,1383561035,1,'admin',16,'6','О нас','Editing template'),
(217,1383561131,1,'admin',4,'-','-','Creating a resource'),
(218,1383561155,1,'admin',4,'-','-','Creating a resource'),
(219,1383561170,1,'admin',5,'-','-','Saving resource'),
(220,1383561172,1,'admin',3,'11','Спесиалисты','Viewing data for resource'),
(221,1383561175,1,'admin',4,'-','-','Creating a resource'),
(222,1383561186,1,'admin',76,'-','-','Element management'),
(223,1383561189,1,'admin',19,'-','New template','Creating a new template'),
(224,1383561367,1,'admin',20,'-','-','Saving template'),
(225,1383561367,1,'admin',76,'-','-','Element management'),
(226,1383561373,1,'admin',300,'-','New Template Variable','Create Template Variable'),
(227,1383561450,1,'admin',302,'-','-','Save Template Variable'),
(228,1383561450,1,'admin',300,'-','New Template Variable','Create Template Variable'),
(229,1383561498,1,'admin',302,'-','-','Save Template Variable'),
(230,1383561498,1,'admin',76,'-','-','Element management'),
(231,1383561536,1,'admin',27,'11','-','Editing resource'),
(232,1383561537,1,'admin',4,'-','-','Creating a resource'),
(233,1383561560,1,'admin',4,'-','-','Creating a resource'),
(234,1383561610,1,'admin',301,'5','Должность сотрудника','Edit Template Variable'),
(235,1383561614,1,'admin',302,'5','-','Save Template Variable'),
(236,1383561615,1,'admin',76,'-','-','Element management'),
(237,1383561617,1,'admin',301,'4','Фотография сотрудника','Edit Template Variable'),
(238,1383561632,1,'admin',302,'4','-','Save Template Variable'),
(239,1383561632,1,'admin',76,'-','-','Element management'),
(240,1383561636,1,'admin',5,'-','-','Saving resource'),
(241,1383561637,1,'admin',3,'12','Вадим Гусятников 1','Viewing data for resource'),
(242,1383561639,1,'admin',27,'12','-','Editing resource'),
(243,1383561816,1,'admin',5,'12','-','Saving resource'),
(244,1383561817,1,'admin',3,'12','Вадим Гусятников 1','Viewing data for resource'),
(245,1383562025,1,'admin',4,'-','-','Creating a resource'),
(246,1383562044,1,'admin',5,'-','-','Saving resource'),
(247,1383562044,1,'admin',4,'-','-','Creating a resource'),
(248,1383562057,1,'admin',5,'-','-','Saving resource'),
(249,1383562057,1,'admin',4,'-','-','Creating a resource'),
(250,1383562071,1,'admin',5,'-','-','Saving resource'),
(251,1383562072,1,'admin',3,'15','Вадим Гусятников 4','Viewing data for resource'),
(252,1383562075,1,'admin',76,'-','-','Element management'),
(253,1383562080,1,'admin',16,'6','О нас','Editing template'),
(254,1383562202,1,'admin',20,'6','-','Saving template'),
(255,1383562202,1,'admin',76,'-','-','Element management'),
(256,1383562205,1,'admin',77,'-','New Chunk','Creating a new Chunk (HTML Snippet)'),
(257,1383562343,1,'admin',79,'-','-','Saving Chunk (HTML Snippet)'),
(258,1383562343,1,'admin',78,'14','stuffs_tpl','Editing Chunk (HTML Snippet)'),
(259,1383562360,1,'admin',16,'6','О нас','Editing template'),
(260,1383562386,1,'admin',76,'-','-','Element management'),
(261,1383562387,1,'admin',16,'6','О нас','Editing template'),
(262,1383562428,1,'admin',79,'14','-','Saving Chunk (HTML Snippet)'),
(263,1383562428,1,'admin',78,'14','stuffs_tpl','Editing Chunk (HTML Snippet)'),
(264,1383562457,1,'admin',79,'14','-','Saving Chunk (HTML Snippet)'),
(265,1383562457,1,'admin',78,'14','stuffs_tpl','Editing Chunk (HTML Snippet)'),
(266,1383562474,1,'admin',79,'14','-','Saving Chunk (HTML Snippet)'),
(267,1383562474,1,'admin',78,'14','stuffs_tpl','Editing Chunk (HTML Snippet)'),
(268,1383562513,1,'admin',79,'14','-','Saving Chunk (HTML Snippet)'),
(269,1383562513,1,'admin',78,'14','stuffs_tpl','Editing Chunk (HTML Snippet)'),
(270,1383562595,1,'admin',20,'6','-','Saving template'),
(271,1383562595,1,'admin',16,'6','О нас','Editing template'),
(272,1383562755,1,'admin',20,'6','-','Saving template'),
(273,1383562755,1,'admin',16,'6','О нас','Editing template'),
(274,1383562975,1,'admin',20,'6','-','Saving template'),
(275,1383562975,1,'admin',16,'6','О нас','Editing template'),
(276,1383563605,1,'admin',76,'-','-','Element management'),
(277,1383563609,1,'admin',78,'3','head','Editing Chunk (HTML Snippet)'),
(278,1383563776,1,'admin',79,'3','-','Saving Chunk (HTML Snippet)'),
(279,1383563776,1,'admin',76,'-','-','Element management'),
(280,1383563800,1,'admin',78,'3','head','Editing Chunk (HTML Snippet)'),
(281,1383563847,1,'admin',20,'6','-','Saving template'),
(282,1383563847,1,'admin',16,'6','О нас','Editing template'),
(283,1383563857,1,'admin',79,'3','-','Saving Chunk (HTML Snippet)'),
(284,1383563857,1,'admin',76,'-','-','Element management'),
(285,1383563934,1,'admin',78,'3','head','Editing Chunk (HTML Snippet)'),
(286,1383563962,1,'admin',79,'3','-','Saving Chunk (HTML Snippet)'),
(287,1383563962,1,'admin',78,'3','head','Editing Chunk (HTML Snippet)'),
(288,1383564058,1,'admin',79,'3','-','Saving Chunk (HTML Snippet)'),
(289,1383564058,1,'admin',78,'3','head','Editing Chunk (HTML Snippet)'),
(290,1383564110,1,'admin',20,'6','-','Saving template'),
(291,1383564110,1,'admin',16,'6','О нас','Editing template'),
(292,1383564452,1,'admin',4,'-','-','Creating a resource'),
(293,1383564469,1,'admin',5,'-','-','Saving resource'),
(294,1383564469,1,'admin',4,'-','-','Creating a resource'),
(295,1383564480,1,'admin',5,'-','-','Saving resource'),
(296,1383564481,1,'admin',4,'-','-','Creating a resource'),
(297,1383564492,1,'admin',5,'-','-','Saving resource'),
(298,1383564492,1,'admin',4,'-','-','Creating a resource'),
(299,1383564510,1,'admin',5,'-','-','Saving resource'),
(300,1383564511,1,'admin',3,'19','Вадим Гусятников 44','Viewing data for resource'),
(301,1383565893,1,'admin',76,'-','-','Element management'),
(302,1383565896,1,'admin',78,'14','stuffs_tpl','Editing Chunk (HTML Snippet)'),
(303,1383565906,1,'admin',79,'14','-','Saving Chunk (HTML Snippet)'),
(304,1383565907,1,'admin',76,'-','-','Element management'),
(305,1383566059,1,'admin',78,'14','stuffs_tpl','Editing Chunk (HTML Snippet)'),
(306,1383566063,1,'admin',79,'14','-','Saving Chunk (HTML Snippet)'),
(307,1383566063,1,'admin',76,'-','-','Element management'),
(308,1383567279,1,'admin',77,'-','New Chunk','Creating a new Chunk (HTML Snippet)'),
(309,1383567297,1,'admin',79,'-','-','Saving Chunk (HTML Snippet)'),
(310,1383567297,1,'admin',76,'-','-','Element management'),
(311,1383567303,1,'admin',20,'6','-','Saving template'),
(312,1383567303,1,'admin',16,'6','О нас','Editing template'),
(313,1383567494,1,'admin',96,'6','-','Duplicate Template'),
(314,1383567494,1,'admin',16,'8','Duplicate of О нас','Editing template'),
(315,1383567534,1,'admin',20,'8','-','Saving template'),
(316,1383567534,1,'admin',76,'-','-','Element management'),
(317,1383567536,1,'admin',27,'2','-','Editing resource'),
(318,1383567541,1,'admin',27,'6','-','Editing resource'),
(319,1383567544,1,'admin',27,'6','-','Editing resource'),
(320,1383567545,1,'admin',5,'6','-','Saving resource'),
(321,1383567546,1,'admin',3,'6','Контакты','Viewing data for resource'),
(322,1383567549,1,'admin',27,'6','-','Editing resource'),
(323,1383567582,1,'admin',5,'6','-','Saving resource'),
(324,1383567582,1,'admin',27,'6','-','Editing resource'),
(325,1383567864,1,'admin',76,'-','-','Element management'),
(326,1383567867,1,'admin',102,'4','New snippet','Edit plugin'),
(327,1383567876,1,'admin',76,'-','-','Element management'),
(328,1383568084,1,'admin',23,'-','New snippet','Creating a new Snippet'),
(329,1383568106,1,'admin',24,'-','-','Saving Snippet'),
(330,1383568106,1,'admin',76,'-','-','Element management'),
(331,1383568155,1,'admin',27,'6','-','Editing resource'),
(332,1383568412,1,'admin',5,'6','-','Saving resource'),
(333,1383568413,1,'admin',27,'6','-','Editing resource'),
(334,1383568439,1,'admin',76,'-','-','Element management'),
(335,1383568442,1,'admin',22,'18','New snippet','Editing Snippet'),
(336,1383568503,1,'admin',5,'6','-','Saving resource'),
(337,1383568503,1,'admin',27,'6','-','Editing resource'),
(338,1383568565,1,'admin',5,'6','-','Saving resource'),
(339,1383568566,1,'admin',27,'6','-','Editing resource'),
(340,1383568569,1,'admin',76,'-','-','Element management'),
(341,1383568572,1,'admin',16,'8','Контакты','Editing template'),
(342,1383568582,1,'admin',20,'8','-','Saving template'),
(343,1383568582,1,'admin',16,'8','Контакты','Editing template'),
(344,1383568595,1,'admin',20,'8','-','Saving template'),
(345,1383568595,1,'admin',16,'8','Контакты','Editing template'),
(346,1383568682,1,'admin',20,'8','-','Saving template'),
(347,1383568682,1,'admin',16,'8','Контакты','Editing template'),
(348,1383569195,1,'admin',20,'8','-','Saving template'),
(349,1383569195,1,'admin',16,'8','Контакты','Editing template'),
(350,1383569372,1,'admin',20,'8','-','Saving template'),
(351,1383569372,1,'admin',16,'8','Контакты','Editing template'),
(352,1383569502,1,'admin',20,'8','-','Saving template'),
(353,1383569503,1,'admin',16,'8','Контакты','Editing template'),
(354,1383569567,1,'admin',20,'8','-','Saving template'),
(355,1383569567,1,'admin',16,'8','Контакты','Editing template'),
(356,1383569617,1,'admin',20,'8','-','Saving template'),
(357,1383569617,1,'admin',16,'8','Контакты','Editing template'),
(358,1383569626,1,'admin',20,'8','-','Saving template'),
(359,1383569626,1,'admin',16,'8','Контакты','Editing template'),
(360,1383569680,1,'admin',20,'8','-','Saving template'),
(361,1383569680,1,'admin',16,'8','Контакты','Editing template'),
(362,1383569777,1,'admin',20,'8','-','Saving template'),
(363,1383569777,1,'admin',16,'8','Контакты','Editing template'),
(364,1383569818,1,'admin',20,'8','-','Saving template'),
(365,1383569818,1,'admin',16,'8','Контакты','Editing template'),
(366,1383570308,1,'admin',76,'-','-','Element management'),
(367,1383570317,1,'admin',78,'1','mm_rules','Editing Chunk (HTML Snippet)'),
(368,1383570414,1,'admin',76,'-','-','Element management'),
(369,1383570417,1,'admin',300,'-','New Template Variable','Create Template Variable'),
(370,1383570432,1,'admin',302,'-','-','Save Template Variable'),
(371,1383570432,1,'admin',76,'-','-','Element management'),
(372,1383570435,1,'admin',301,'6','Карта минска','Edit Template Variable'),
(373,1383570441,1,'admin',302,'6','-','Save Template Variable'),
(374,1383570441,1,'admin',76,'-','-','Element management'),
(375,1383570596,1,'admin',79,'1','-','Saving Chunk (HTML Snippet)'),
(376,1383570597,1,'admin',78,'1','mm_rules','Editing Chunk (HTML Snippet)'),
(377,1383570781,1,'admin',76,'-','-','Element management'),
(378,1383570784,1,'admin',102,'4','New snippet','Edit plugin'),
(379,1383570795,1,'admin',76,'-','-','Element management'),
(380,1383570804,1,'admin',5,'6','-','Saving resource'),
(381,1383570835,1,'admin',301,'6','Карта минска','Edit Template Variable'),
(382,1383570837,1,'admin',76,'-','-','Element management'),
(383,1383570841,1,'admin',78,'1','mm_rules','Editing Chunk (HTML Snippet)'),
(384,1383570866,1,'admin',79,'1','-','Saving Chunk (HTML Snippet)'),
(385,1383570866,1,'admin',78,'1','mm_rules','Editing Chunk (HTML Snippet)'),
(386,1383570903,1,'admin',79,'1','-','Saving Chunk (HTML Snippet)'),
(387,1383570903,1,'admin',78,'1','mm_rules','Editing Chunk (HTML Snippet)'),
(388,1383570905,1,'admin',27,'6','-','Editing resource'),
(389,1383570973,1,'admin',27,'6','-','Editing resource'),
(390,1383570989,1,'admin',79,'1','-','Saving Chunk (HTML Snippet)'),
(391,1383570989,1,'admin',78,'1','mm_rules','Editing Chunk (HTML Snippet)'),
(392,1383570991,1,'admin',27,'6','-','Editing resource'),
(393,1383571032,1,'admin',79,'1','-','Saving Chunk (HTML Snippet)'),
(394,1383571032,1,'admin',78,'1','mm_rules','Editing Chunk (HTML Snippet)'),
(395,1383571034,1,'admin',27,'6','-','Editing resource'),
(396,1383571089,1,'admin',76,'-','-','Element management'),
(397,1383571092,1,'admin',301,'6','Карта минска','Edit Template Variable'),
(398,1383571112,1,'admin',302,'6','-','Save Template Variable'),
(399,1383571112,1,'admin',301,'6','Карта минска','Edit Template Variable'),
(400,1383571115,1,'admin',27,'6','-','Editing resource'),
(401,1383571234,1,'admin',76,'-','-','Element management'),
(402,1383571238,1,'admin',16,'8','Контакты','Editing template'),
(403,1383571298,1,'admin',20,'8','-','Saving template'),
(404,1383571298,1,'admin',16,'8','Контакты','Editing template'),
(405,1383571512,1,'admin',20,'8','-','Saving template'),
(406,1383571512,1,'admin',16,'8','Контакты','Editing template'),
(407,1383571686,1,'admin',20,'8','-','Saving template'),
(408,1383571686,1,'admin',16,'8','Контакты','Editing template'),
(409,1383571699,1,'admin',76,'-','-','Element management'),
(410,1383571702,1,'admin',22,'18','New snippet','Editing Snippet'),
(411,1383571712,1,'admin',20,'8','-','Saving template'),
(412,1383571712,1,'admin',16,'8','Контакты','Editing template'),
(413,1383571821,1,'admin',27,'6','-','Editing resource'),
(414,1383571843,1,'admin',76,'-','-','Element management'),
(415,1383571845,1,'admin',78,'1','mm_rules','Editing Chunk (HTML Snippet)'),
(416,1383571864,1,'admin',79,'1','-','Saving Chunk (HTML Snippet)'),
(417,1383571864,1,'admin',76,'-','-','Element management'),
(418,1383571865,1,'admin',27,'6','-','Editing resource'),
(419,1383571922,1,'admin',5,'6','-','Saving resource'),
(420,1383571922,1,'admin',27,'6','-','Editing resource'),
(421,1383571936,1,'admin',16,'8','Контакты','Editing template'),
(422,1383571950,1,'admin',20,'8','-','Saving template'),
(423,1383571950,1,'admin',16,'8','Контакты','Editing template'),
(424,1383572213,1,'admin',76,'-','-','Element management'),
(425,1383572216,1,'admin',301,'6','Карта минска','Edit Template Variable'),
(426,1383572233,1,'admin',302,'6','-','Save Template Variable'),
(427,1383572233,1,'admin',301,'6','Карта минска','Edit Template Variable'),
(428,1383572375,1,'admin',302,'6','-','Save Template Variable'),
(429,1383572375,1,'admin',301,'6','Карта минска','Edit Template Variable'),
(430,1383572378,1,'admin',27,'6','-','Editing resource'),
(431,1383572397,1,'admin',5,'6','-','Saving resource'),
(432,1383572398,1,'admin',3,'6','Контакты','Viewing data for resource'),
(433,1383572402,1,'admin',27,'4','-','Editing resource'),
(434,1383572403,1,'admin',27,'6','-','Editing resource'),
(435,1383572416,1,'admin',76,'-','-','Element management'),
(436,1383572418,1,'admin',301,'6','Карта минска','Edit Template Variable'),
(437,1383572432,1,'admin',5,'6','-','Saving resource'),
(438,1383572434,1,'admin',3,'6','Контакты','Viewing data for resource'),
(439,1383572436,1,'admin',76,'-','-','Element management'),
(440,1383572437,1,'admin',301,'6','Карта минска','Edit Template Variable'),
(441,1383572446,1,'admin',302,'6','-','Save Template Variable'),
(442,1383572446,1,'admin',76,'-','-','Element management'),
(443,1383572455,1,'admin',27,'6','-','Editing resource'),
(444,1383572470,1,'admin',5,'6','-','Saving resource'),
(445,1383572472,1,'admin',3,'6','Контакты','Viewing data for resource'),
(446,1383572568,1,'admin',78,'1','mm_rules','Editing Chunk (HTML Snippet)'),
(447,1383572579,1,'admin',79,'1','-','Saving Chunk (HTML Snippet)'),
(448,1383572580,1,'admin',78,'1','mm_rules','Editing Chunk (HTML Snippet)'),
(449,1383572583,1,'admin',27,'6','-','Editing resource'),
(450,1383572638,1,'admin',5,'6','-','Saving resource'),
(451,1383572640,1,'admin',3,'6','Контакты','Viewing data for resource'),
(452,1383572690,1,'admin',79,'1','-','Saving Chunk (HTML Snippet)'),
(453,1383572690,1,'admin',76,'-','-','Element management'),
(454,1383572694,1,'admin',301,'6','Карта минска','Edit Template Variable'),
(455,1383572697,1,'admin',304,'6','-','Duplicate Template Variable'),
(456,1383572697,1,'admin',301,'7','Duplicate of Карта минска','Edit Template Variable'),
(457,1383572712,1,'admin',302,'7','-','Save Template Variable'),
(458,1383572712,1,'admin',76,'-','-','Element management'),
(459,1383572717,1,'admin',27,'6','-','Editing resource'),
(460,1383572740,1,'admin',301,'6','Карта минска','Edit Template Variable'),
(461,1383572744,1,'admin',76,'-','-','Element management'),
(462,1383572746,1,'admin',301,'7','Карта краснодара','Edit Template Variable'),
(463,1383572750,1,'admin',76,'-','-','Element management'),
(464,1383572752,1,'admin',301,'6','Карта минска','Edit Template Variable'),
(465,1383572753,1,'admin',76,'-','-','Element management'),
(466,1383572754,1,'admin',301,'7','Карта краснодара','Edit Template Variable'),
(467,1383572756,1,'admin',76,'-','-','Element management'),
(468,1383572760,1,'admin',78,'1','mm_rules','Editing Chunk (HTML Snippet)'),
(469,1383572778,1,'admin',79,'1','-','Saving Chunk (HTML Snippet)'),
(470,1383572778,1,'admin',76,'-','-','Element management'),
(471,1383572795,1,'admin',16,'8','Контакты','Editing template'),
(472,1383572885,1,'admin',20,'8','-','Saving template'),
(473,1383572885,1,'admin',76,'-','-','Element management'),
(474,1383572914,1,'admin',22,'18','New snippet','Editing Snippet'),
(475,1383573092,1,'admin',76,'-','-','Element management'),
(476,1383573095,1,'admin',78,'1','mm_rules','Editing Chunk (HTML Snippet)'),
(477,1383573110,1,'admin',79,'1','-','Saving Chunk (HTML Snippet)'),
(478,1383573110,1,'admin',76,'-','-','Element management'),
(479,1383573112,1,'admin',27,'6','-','Editing resource'),
(480,1383573154,1,'admin',78,'1','mm_rules','Editing Chunk (HTML Snippet)'),
(481,1383573189,1,'admin',79,'1','-','Saving Chunk (HTML Snippet)'),
(482,1383573189,1,'admin',78,'1','mm_rules','Editing Chunk (HTML Snippet)'),
(483,1383573190,1,'admin',27,'6','-','Editing resource'),
(484,1383573201,1,'admin',5,'6','-','Saving resource'),
(485,1383573201,1,'admin',27,'6','-','Editing resource'),
(486,1383573282,1,'admin',76,'-','-','Element management'),
(487,1383573288,1,'admin',301,'7','Карта краснодара','Edit Template Variable'),
(488,1383573291,1,'admin',302,'7','-','Save Template Variable'),
(489,1383573291,1,'admin',76,'-','-','Element management'),
(490,1383573310,1,'admin',5,'6','-','Saving resource'),
(491,1383573312,1,'admin',3,'6','Контакты','Viewing data for resource'),
(492,1383573313,1,'admin',301,'7','Карта краснодара','Edit Template Variable'),
(493,1383573316,1,'admin',302,'7','-','Save Template Variable'),
(494,1383573316,1,'admin',76,'-','-','Element management'),
(495,1383573324,1,'admin',27,'6','-','Editing resource'),
(496,1383573336,1,'admin',5,'6','-','Saving resource'),
(497,1383573337,1,'admin',3,'6','Контакты','Viewing data for resource'),
(498,1383573338,1,'admin',27,'6','-','Editing resource'),
(499,1383573365,1,'admin',16,'8','Контакты','Editing template'),
(500,1383573373,1,'admin',20,'8','-','Saving template'),
(501,1383573373,1,'admin',16,'8','Контакты','Editing template'),
(502,1383573386,1,'admin',76,'-','-','Element management'),
(503,1383573389,1,'admin',78,'1','mm_rules','Editing Chunk (HTML Snippet)'),
(504,1383573395,1,'admin',79,'1','-','Saving Chunk (HTML Snippet)'),
(505,1383573395,1,'admin',78,'1','mm_rules','Editing Chunk (HTML Snippet)'),
(506,1383573397,1,'admin',27,'6','-','Editing resource'),
(507,1383573405,1,'admin',5,'6','-','Saving resource'),
(508,1383573405,1,'admin',27,'6','-','Editing resource'),
(509,1383573798,1,'admin',76,'-','-','Element management'),
(510,1383573800,1,'admin',16,'6','О нас','Editing template'),
(511,1383573801,1,'admin',76,'-','-','Element management'),
(512,1383573802,1,'admin',16,'8','Контакты','Editing template'),
(513,1383573812,1,'admin',20,'8','-','Saving template'),
(514,1383573812,1,'admin',16,'8','Контакты','Editing template'),
(515,1383573832,1,'admin',4,'-','-','Creating a resource'),
(516,1383573843,1,'admin',5,'-','-','Saving resource'),
(517,1383573844,1,'admin',3,'20','Краснодар','Viewing data for resource'),
(518,1383573846,1,'admin',27,'20','-','Editing resource'),
(519,1383573849,1,'admin',5,'20','-','Saving resource'),
(520,1383573850,1,'admin',3,'20','Краснодар','Viewing data for resource'),
(521,1383573852,1,'admin',4,'-','-','Creating a resource'),
(522,1383573857,1,'admin',5,'-','-','Saving resource'),
(523,1383573858,1,'admin',3,'21','Минск','Viewing data for resource'),
(524,1383573877,1,'admin',76,'-','-','Element management'),
(525,1383573880,1,'admin',19,'-','New template','Creating a new template'),
(526,1383573888,1,'admin',20,'-','-','Saving template'),
(527,1383573888,1,'admin',76,'-','-','Element management'),
(528,1383573918,1,'admin',16,'9','город','Editing template'),
(529,1383573920,1,'admin',21,'9','-','Deleting template'),
(530,1383573920,1,'admin',76,'-','-','Element management'),
(531,1383573922,1,'admin',16,'8','Контакты','Editing template'),
(532,1383573944,1,'admin',20,'8','-','Saving template'),
(533,1383573944,1,'admin',76,'-','-','Element management'),
(534,1383573947,1,'admin',27,'21','-','Editing resource'),
(535,1383573949,1,'admin',6,'21','-','Deleting resource'),
(536,1383573950,1,'admin',3,'6','Контакты','Viewing data for resource'),
(537,1383573950,1,'admin',27,'20','-','Editing resource'),
(538,1383573953,1,'admin',6,'20','-','Deleting resource'),
(539,1383573955,1,'admin',64,'-','-','Removing deleted content'),
(540,1383573957,1,'admin',27,'6','-','Editing resource'),
(541,1383573961,1,'admin',5,'6','-','Saving resource'),
(542,1383573962,1,'admin',3,'6','Контакты','Viewing data for resource'),
(543,1383573962,1,'admin',27,'6','-','Editing resource'),
(544,1383573982,1,'admin',76,'-','-','Element management'),
(545,1383573984,1,'admin',301,'6','Карта минска','Edit Template Variable'),
(546,1383573989,1,'admin',303,'6','-','Delete Template Variable'),
(547,1383573989,1,'admin',76,'-','-','Element management'),
(548,1383573990,1,'admin',301,'7','Карта краснодара','Edit Template Variable'),
(549,1383573994,1,'admin',303,'7','-','Delete Template Variable'),
(550,1383573994,1,'admin',76,'-','-','Element management'),
(551,1383573996,1,'admin',78,'1','mm_rules','Editing Chunk (HTML Snippet)'),
(552,1383574001,1,'admin',79,'1','-','Saving Chunk (HTML Snippet)'),
(553,1383574001,1,'admin',76,'-','-','Element management'),
(554,1383574006,1,'admin',27,'6','-','Editing resource'),
(555,1383574148,1,'admin',5,'6','-','Saving resource'),
(556,1383574148,1,'admin',27,'6','-','Editing resource'),
(557,1383574186,1,'admin',5,'6','-','Saving resource'),
(558,1383574186,1,'admin',27,'6','-','Editing resource'),
(559,1383574258,1,'admin',5,'6','-','Saving resource'),
(560,1383574259,1,'admin',27,'6','-','Editing resource'),
(561,1383574308,1,'admin',5,'6','-','Saving resource'),
(562,1383574309,1,'admin',27,'6','-','Editing resource'),
(563,1383574582,1,'admin',76,'-','-','Element management'),
(564,1383574585,1,'admin',16,'8','Контакты','Editing template'),
(565,1383574679,1,'admin',76,'-','-','Element management'),
(566,1383574691,1,'admin',78,'6','popup_forms','Editing Chunk (HTML Snippet)'),
(567,1383574735,1,'admin',20,'8','-','Saving template'),
(568,1383574735,1,'admin',16,'8','Контакты','Editing template'),
(569,1383574782,1,'admin',76,'-','-','Element management'),
(570,1383574788,1,'admin',78,'5','top_line','Editing Chunk (HTML Snippet)'),
(571,1383574832,1,'admin',20,'8','-','Saving template'),
(572,1383574832,1,'admin',16,'8','Контакты','Editing template'),
(573,1383574864,1,'admin',20,'8','-','Saving template'),
(574,1383574864,1,'admin',16,'8','Контакты','Editing template'),
(575,1383574933,1,'admin',20,'8','-','Saving template'),
(576,1383574934,1,'admin',16,'8','Контакты','Editing template'),
(577,1383575132,1,'admin',20,'8','-','Saving template'),
(578,1383575132,1,'admin',16,'8','Контакты','Editing template'),
(579,1383652302,1,'admin',58,'-','MODx','Logged in'),
(580,1383652308,1,'admin',17,'-','-','Editing settings'),
(581,1383652426,1,'admin',83,'-','-','Exporting a resource to HTML'),
(582,1383652427,1,'admin',17,'-','-','Editing settings'),
(583,1383652432,1,'admin',30,'-','-','Saving settings'),
(584,1383652809,1,'admin',58,'-','MODx','Logged in'),
(585,1383652818,1,'admin',26,'-','-','Refreshing site'),
(586,1383653949,1,'admin',76,'-','-','Element management'),
(587,1383653964,1,'admin',78,'3','head','Editing Chunk (HTML Snippet)'),
(588,1383658839,1,'admin',76,'-','-','Element management'),
(589,1383658845,1,'admin',300,'-','New Template Variable','Create Template Variable'),
(590,1383658952,1,'admin',76,'-','-','Element management'),
(591,1383659327,1,'admin',76,'-','-','Element management'),
(592,1383659331,1,'admin',101,'-','New snippet','Create new plugin'),
(593,1383659468,1,'admin',103,'-','-','Saving plugin'),
(594,1383659469,1,'admin',102,'10','New snippet','Edit plugin'),
(595,1383659475,1,'admin',76,'-','-','Element management'),
(596,1383659477,1,'admin',76,'-','-','Element management'),
(597,1383659502,1,'admin',300,'-','New Template Variable','Create Template Variable'),
(598,1383659744,1,'admin',302,'-','-','Save Template Variable'),
(599,1383659744,1,'admin',76,'-','-','Element management'),
(600,1383659935,1,'admin',103,'10','-','Saving plugin'),
(601,1383659936,1,'admin',102,'10','New snippet','Edit plugin'),
(602,1383659964,1,'admin',4,'-','-','Creating a resource'),
(603,1383660169,1,'admin',5,'-','-','Saving resource'),
(604,1383660170,1,'admin',3,'22','8 советов по регистрации и выбору домена для сайта','Viewing data for resource'),
(605,1383660171,1,'admin',27,'22','-','Editing resource'),
(606,1383660390,1,'admin',26,'-','-','Refreshing site'),
(607,1383660542,1,'admin',26,'-','-','Refreshing site'),
(608,1383660783,1,'admin',5,'22','-','Saving resource'),
(609,1383660783,1,'admin',27,'22','-','Editing resource'),
(610,1383660850,1,'admin',4,'-','-','Creating a resource'),
(611,1383660896,1,'admin',5,'-','-','Saving resource'),
(612,1383660897,1,'admin',3,'23','Разное','Viewing data for resource'),
(613,1383660898,1,'admin',27,'22','-','Editing resource'),
(614,1383660910,1,'admin',5,'22','-','Saving resource'),
(615,1383660911,1,'admin',3,'22','8 советов по регистрации и выбору домена для сайта','Viewing data for resource'),
(616,1383660931,1,'admin',16,'8','Контакты','Editing template'),
(617,1383660936,1,'admin',76,'-','-','Element management'),
(618,1383660938,1,'admin',16,'6','О нас','Editing template'),
(619,1383660948,1,'admin',96,'6','-','Duplicate Template'),
(620,1383660948,1,'admin',16,'10','Duplicate of О нас','Editing template'),
(621,1383661060,1,'admin',20,'10','-','Saving template'),
(622,1383661060,1,'admin',76,'-','-','Element management'),
(623,1383661063,1,'admin',27,'5','-','Editing resource'),
(624,1383661067,1,'admin',27,'5','-','Editing resource'),
(625,1383661070,1,'admin',5,'5','-','Saving resource'),
(626,1383661072,1,'admin',3,'5','Блог','Viewing data for resource'),
(627,1383661072,1,'admin',27,'23','-','Editing resource'),
(628,1383661077,1,'admin',27,'23','-','Editing resource'),
(629,1383661078,1,'admin',5,'23','-','Saving resource'),
(630,1383661079,1,'admin',3,'23','Разное','Viewing data for resource'),
(631,1383661082,1,'admin',76,'-','-','Element management'),
(632,1383661086,1,'admin',16,'10','Блог','Editing template'),
(633,1383661092,1,'admin',96,'10','-','Duplicate Template'),
(634,1383661092,1,'admin',16,'11','Duplicate of Блог','Editing template'),
(635,1383661147,1,'admin',20,'11','-','Saving template'),
(636,1383661147,1,'admin',76,'-','-','Element management'),
(637,1383661149,1,'admin',16,'10','Блог','Editing template'),
(638,1383661155,1,'admin',76,'-','-','Element management'),
(639,1383661157,1,'admin',16,'10','Блог','Editing template'),
(640,1383661174,1,'admin',20,'10','-','Saving template'),
(641,1383661174,1,'admin',76,'-','-','Element management'),
(642,1383661175,1,'admin',27,'22','-','Editing resource'),
(643,1383661178,1,'admin',27,'22','-','Editing resource'),
(644,1383661180,1,'admin',5,'22','-','Saving resource'),
(645,1383661181,1,'admin',3,'22','8 советов по регистрации и выбору домена для сайта','Viewing data for resource'),
(646,1383661251,1,'admin',76,'-','-','Element management'),
(647,1383661255,1,'admin',16,'10','Блог','Editing template'),
(648,1383661362,1,'admin',20,'10','-','Saving template'),
(649,1383661362,1,'admin',76,'-','-','Element management'),
(650,1383661370,1,'admin',77,'-','New Chunk','Creating a new Chunk (HTML Snippet)'),
(651,1383661563,1,'admin',76,'-','-','Element management'),
(652,1383661566,1,'admin',78,'3','head','Editing Chunk (HTML Snippet)'),
(653,1383661771,1,'admin',76,'-','-','Element management'),
(654,1383661778,1,'admin',301,'8','stat_img','Edit Template Variable'),
(655,1383661785,1,'admin',302,'8','-','Save Template Variable'),
(656,1383661785,1,'admin',76,'-','-','Element management'),
(657,1383661816,1,'admin',79,'-','-','Saving Chunk (HTML Snippet)'),
(658,1383661816,1,'admin',78,'16','blog_list','Editing Chunk (HTML Snippet)'),
(659,1383661835,1,'admin',76,'-','-','Element management'),
(660,1383661838,1,'admin',16,'11','Запись в блоге','Editing template'),
(661,1383661839,1,'admin',76,'-','-','Element management'),
(662,1383661840,1,'admin',16,'10','Блог','Editing template'),
(663,1383661847,1,'admin',20,'10','-','Saving template'),
(664,1383661847,1,'admin',16,'10','Блог','Editing template'),
(665,1383661878,1,'admin',20,'10','-','Saving template'),
(666,1383661878,1,'admin',16,'10','Блог','Editing template'),
(667,1383661894,1,'admin',20,'10','-','Saving template'),
(668,1383661894,1,'admin',16,'10','Блог','Editing template'),
(669,1383661909,1,'admin',20,'10','-','Saving template'),
(670,1383661910,1,'admin',16,'10','Блог','Editing template'),
(671,1383661923,1,'admin',20,'10','-','Saving template'),
(672,1383661923,1,'admin',16,'10','Блог','Editing template'),
(673,1383661959,1,'admin',79,'16','-','Saving Chunk (HTML Snippet)'),
(674,1383661959,1,'admin',78,'16','blog_list','Editing Chunk (HTML Snippet)'),
(675,1383661986,1,'admin',20,'10','-','Saving template'),
(676,1383661986,1,'admin',16,'10','Блог','Editing template'),
(677,1383662064,1,'admin',79,'16','-','Saving Chunk (HTML Snippet)'),
(678,1383662064,1,'admin',78,'16','blog_list','Editing Chunk (HTML Snippet)'),
(679,1383662096,1,'admin',79,'16','-','Saving Chunk (HTML Snippet)'),
(680,1383662096,1,'admin',78,'16','blog_list','Editing Chunk (HTML Snippet)'),
(681,1383662100,1,'admin',27,'22','-','Editing resource'),
(682,1383662111,1,'admin',76,'-','-','Element management'),
(683,1383662117,1,'admin',301,'8','stat_img','Edit Template Variable'),
(684,1383662126,1,'admin',302,'8','-','Save Template Variable'),
(685,1383662126,1,'admin',76,'-','-','Element management'),
(686,1383662137,1,'admin',27,'22','-','Editing resource'),
(687,1383662165,1,'admin',5,'22','-','Saving resource'),
(688,1383662165,1,'admin',27,'22','-','Editing resource'),
(689,1383662352,1,'admin',79,'16','-','Saving Chunk (HTML Snippet)'),
(690,1383662352,1,'admin',78,'16','blog_list','Editing Chunk (HTML Snippet)'),
(691,1383662495,1,'admin',79,'16','-','Saving Chunk (HTML Snippet)'),
(692,1383662495,1,'admin',78,'16','blog_list','Editing Chunk (HTML Snippet)'),
(693,1383662521,1,'admin',5,'22','-','Saving resource'),
(694,1383662521,1,'admin',27,'22','-','Editing resource'),
(695,1383662536,1,'admin',76,'-','-','Element management'),
(696,1383662539,1,'admin',102,'10','New snippet','Edit plugin'),
(697,1383662563,1,'admin',103,'10','-','Saving plugin'),
(698,1383662563,1,'admin',102,'10','New snippet','Edit plugin'),
(699,1383662583,1,'admin',27,'22','-','Editing resource'),
(700,1383662590,1,'admin',5,'22','-','Saving resource'),
(701,1383662591,1,'admin',3,'22','8 советов по регистрации и выбору домена для сайта','Viewing data for resource'),
(702,1383662608,1,'admin',76,'-','-','Element management'),
(703,1383662610,1,'admin',102,'10','New snippet','Edit plugin'),
(704,1383662623,1,'admin',103,'10','-','Saving plugin'),
(705,1383662623,1,'admin',102,'10','New snippet','Edit plugin'),
(706,1383662627,1,'admin',27,'22','-','Editing resource'),
(707,1383662632,1,'admin',5,'22','-','Saving resource'),
(708,1383662634,1,'admin',3,'22','8 советов по регистрации и выбору домена для сайта','Viewing data for resource'),
(709,1383662645,1,'admin',76,'-','-','Element management'),
(710,1383662647,1,'admin',76,'-','-','Element management'),
(711,1383662650,1,'admin',102,'10','New snippet','Edit plugin'),
(712,1383662737,1,'admin',103,'10','-','Saving plugin'),
(713,1383662737,1,'admin',76,'-','-','Element management'),
(714,1383662741,1,'admin',27,'22','-','Editing resource'),
(715,1383662751,1,'admin',5,'22','-','Saving resource'),
(716,1383662752,1,'admin',3,'22','8 советов по регистрации и выбору домена для сайта','Viewing data for resource'),
(717,1383663994,1,'admin',78,'16','blog_list','Editing Chunk (HTML Snippet)'),
(718,1383664014,1,'admin',79,'16','-','Saving Chunk (HTML Snippet)'),
(719,1383664014,1,'admin',78,'16','blog_list','Editing Chunk (HTML Snippet)'),
(720,1383676118,1,'admin',58,'-','MODx','Logged in'),
(721,1383676121,1,'admin',76,'-','-','Element management'),
(722,1383676133,1,'admin',78,'10','clients','Editing Chunk (HTML Snippet)'),
(723,1383678220,1,'admin',76,'-','-','Element management'),
(724,1383678229,1,'admin',78,'3','head','Editing Chunk (HTML Snippet)'),
(725,1383678256,1,'admin',79,'3','-','Saving Chunk (HTML Snippet)'),
(726,1383678257,1,'admin',76,'-','-','Element management'),
(727,1383678595,1,'admin',78,'9','hwork','Editing Chunk (HTML Snippet)'),
(728,1383678849,1,'admin',76,'-','-','Element management'),
(729,1383678861,1,'admin',78,'6','popup_forms','Editing Chunk (HTML Snippet)'),
(730,1383678891,1,'admin',79,'6','-','Saving Chunk (HTML Snippet)'),
(731,1383678891,1,'admin',76,'-','-','Element management'),
(732,1383678909,1,'admin',78,'11','order_seo','Editing Chunk (HTML Snippet)'),
(733,1383678915,1,'admin',79,'11','-','Saving Chunk (HTML Snippet)'),
(734,1383678915,1,'admin',76,'-','-','Element management'),
(735,1383678935,1,'admin',78,'3','head','Editing Chunk (HTML Snippet)'),
(736,1383678942,1,'admin',79,'3','-','Saving Chunk (HTML Snippet)'),
(737,1383678942,1,'admin',76,'-','-','Element management'),
(738,1383679021,1,'admin',78,'3','head','Editing Chunk (HTML Snippet)'),
(739,1383679049,1,'admin',79,'3','-','Saving Chunk (HTML Snippet)'),
(740,1383679049,1,'admin',78,'3','head','Editing Chunk (HTML Snippet)'),
(741,1383679110,1,'admin',76,'-','-','Element management'),
(742,1383679112,1,'admin',78,'6','popup_forms','Editing Chunk (HTML Snippet)'),
(743,1383681949,1,'admin',76,'-','-','Element management'),
(744,1383681952,1,'admin',77,'-','New Chunk','Creating a new Chunk (HTML Snippet)'),
(745,1383682341,1,'admin',79,'-','-','Saving Chunk (HTML Snippet)'),
(746,1383682341,1,'admin',76,'-','-','Element management'),
(747,1383682344,1,'admin',77,'-','New Chunk','Creating a new Chunk (HTML Snippet)'),
(748,1383682428,1,'admin',79,'-','-','Saving Chunk (HTML Snippet)'),
(749,1383682428,1,'admin',76,'-','-','Element management'),
(750,1383682442,1,'admin',16,'10','Блог','Editing template'),
(751,1383682457,1,'admin',20,'10','-','Saving template'),
(752,1383682457,1,'admin',76,'-','-','Element management'),
(753,1383682465,1,'admin',16,'10','Блог','Editing template'),
(754,1383682467,1,'admin',76,'-','-','Element management'),
(755,1383682471,1,'admin',78,'16','blog_list','Editing Chunk (HTML Snippet)'),
(756,1383682490,1,'admin',79,'16','-','Saving Chunk (HTML Snippet)'),
(757,1383682490,1,'admin',78,'16','blog_list','Editing Chunk (HTML Snippet)'),
(758,1383682734,1,'admin',79,'16','-','Saving Chunk (HTML Snippet)'),
(759,1383682734,1,'admin',78,'16','blog_list','Editing Chunk (HTML Snippet)'),
(760,1383682853,1,'admin',76,'-','-','Element management'),
(761,1383682856,1,'admin',16,'10','Блог','Editing template'),
(762,1383682865,1,'admin',20,'10','-','Saving template'),
(763,1383682865,1,'admin',16,'10','Блог','Editing template'),
(764,1383682885,1,'admin',20,'10','-','Saving template'),
(765,1383682885,1,'admin',16,'10','Блог','Editing template'),
(766,1383682988,1,'admin',76,'-','-','Element management'),
(767,1383682991,1,'admin',23,'-','New snippet','Creating a new Snippet'),
(768,1383683032,1,'admin',24,'-','-','Saving Snippet'),
(769,1383683032,1,'admin',76,'-','-','Element management'),
(770,1383683059,1,'admin',78,'16','blog_list','Editing Chunk (HTML Snippet)'),
(771,1383683066,1,'admin',79,'16','-','Saving Chunk (HTML Snippet)'),
(772,1383683066,1,'admin',78,'16','blog_list','Editing Chunk (HTML Snippet)'),
(773,1383683089,1,'admin',79,'16','-','Saving Chunk (HTML Snippet)'),
(774,1383683089,1,'admin',78,'16','blog_list','Editing Chunk (HTML Snippet)'),
(775,1383683138,1,'admin',76,'-','-','Element management'),
(776,1383683139,1,'admin',76,'-','-','Element management'),
(777,1383683142,1,'admin',22,'19','New snippet','Editing Snippet'),
(778,1383683143,1,'admin',22,'19','New snippet','Editing Snippet'),
(779,1383683261,1,'admin',24,'19','-','Saving Snippet'),
(780,1383683261,1,'admin',22,'19','New snippet','Editing Snippet'),
(781,1383683273,1,'admin',22,'19','New snippet','Editing Snippet'),
(782,1383683293,1,'admin',79,'16','-','Saving Chunk (HTML Snippet)'),
(783,1383683293,1,'admin',78,'16','blog_list','Editing Chunk (HTML Snippet)'),
(784,1383683324,1,'admin',79,'16','-','Saving Chunk (HTML Snippet)'),
(785,1383683324,1,'admin',78,'16','blog_list','Editing Chunk (HTML Snippet)'),
(786,1383684456,1,'admin',79,'16','-','Saving Chunk (HTML Snippet)'),
(787,1383684456,1,'admin',78,'16','blog_list','Editing Chunk (HTML Snippet)'),
(788,1383684612,1,'admin',79,'16','-','Saving Chunk (HTML Snippet)'),
(789,1383684612,1,'admin',78,'16','blog_list','Editing Chunk (HTML Snippet)'),
(790,1383684708,1,'admin',79,'16','-','Saving Chunk (HTML Snippet)'),
(791,1383684708,1,'admin',78,'16','blog_list','Editing Chunk (HTML Snippet)'),
(792,1383685039,1,'admin',79,'16','-','Saving Chunk (HTML Snippet)'),
(793,1383685039,1,'admin',78,'16','blog_list','Editing Chunk (HTML Snippet)'),
(794,1383685121,1,'admin',79,'16','-','Saving Chunk (HTML Snippet)'),
(795,1383685121,1,'admin',78,'16','blog_list','Editing Chunk (HTML Snippet)'),
(796,1383685290,1,'admin',76,'-','-','Element management'),
(797,1383685293,1,'admin',102,'10','New snippet','Edit plugin'),
(798,1383685311,1,'admin',103,'10','-','Saving plugin'),
(799,1383685311,1,'admin',102,'10','New snippet','Edit plugin'),
(800,1383685317,1,'admin',27,'22','-','Editing resource'),
(801,1383685348,1,'admin',5,'22','-','Saving resource'),
(802,1383685350,1,'admin',3,'22','8 советов по регистрации и выбору домена для сайта','Viewing data for resource'),
(803,1383685425,1,'admin',27,'22','-','Editing resource'),
(804,1383685441,1,'admin',5,'22','-','Saving resource'),
(805,1383685444,1,'admin',3,'22','8 советов по регистрации и выбору домена для сайта','Viewing data for resource'),
(806,1383685520,1,'admin',27,'22','-','Editing resource'),
(807,1383685531,1,'admin',5,'22','-','Saving resource'),
(808,1383685534,1,'admin',3,'22','8 советов по регистрации и выбору домена для сайта','Viewing data for resource'),
(809,1383686280,1,'admin',76,'-','-','Element management'),
(810,1383686285,1,'admin',16,'10','Блог','Editing template'),
(811,1383686286,1,'admin',76,'-','-','Element management'),
(812,1383686287,1,'admin',16,'11','Запись в блоге','Editing template'),
(813,1383686352,1,'admin',20,'11','-','Saving template'),
(814,1383686352,1,'admin',16,'11','Запись в блоге','Editing template'),
(815,1383686514,1,'admin',20,'11','-','Saving template'),
(816,1383686514,1,'admin',16,'11','Запись в блоге','Editing template'),
(817,1383686535,1,'admin',76,'-','-','Element management'),
(818,1383686547,1,'admin',20,'11','-','Saving template'),
(819,1383686547,1,'admin',16,'11','Запись в блоге','Editing template'),
(820,1383686565,1,'admin',78,'17','comments','Editing Chunk (HTML Snippet)'),
(821,1383686575,1,'admin',79,'17','-','Saving Chunk (HTML Snippet)'),
(822,1383686575,1,'admin',78,'17','comments','Editing Chunk (HTML Snippet)'),
(823,1383732823,1,'admin',76,'-','-','Element management'),
(824,1383732830,1,'admin',16,'11','Запись в блоге','Editing template'),
(825,1383733264,1,'admin',76,'-','-','Element management'),
(826,1383733283,1,'admin',20,'11','-','Saving template'),
(827,1383733283,1,'admin',16,'11','Запись в блоге','Editing template'),
(828,1383733593,1,'admin',78,'16','blog_list','Editing Chunk (HTML Snippet)'),
(829,1383733990,1,'admin',20,'11','-','Saving template'),
(830,1383733990,1,'admin',16,'11','Запись в блоге','Editing template'),
(831,1383734044,1,'admin',75,'-','-','User/ role management'),
(832,1383734046,1,'admin',12,'1','admin','Editing user'),
(833,1383734054,1,'admin',32,'1','-','Saving user'),
(834,1383734054,1,'admin',75,'-','-','User/ role management'),
(835,1383734063,1,'admin',26,'-','-','Refreshing site'),
(836,1383734104,1,'admin',76,'-','-','Element management'),
(837,1383734109,1,'admin',16,'11','Запись в блоге','Editing template'),
(838,1383734124,1,'admin',20,'11','-','Saving template'),
(839,1383734124,1,'admin',16,'11','Запись в блоге','Editing template'),
(840,1383734403,1,'admin',20,'11','-','Saving template'),
(841,1383734403,1,'admin',16,'11','Запись в блоге','Editing template'),
(842,1383735810,1,'admin',20,'11','-','Saving template'),
(843,1383735810,1,'admin',16,'11','Запись в блоге','Editing template'),
(844,1383739044,1,'admin',20,'11','-','Saving template'),
(845,1383739044,1,'admin',16,'11','Запись в блоге','Editing template'),
(846,1383739076,1,'admin',20,'11','-','Saving template'),
(847,1383739076,1,'admin',16,'11','Запись в блоге','Editing template'),
(848,1383739332,1,'admin',76,'-','-','Element management'),
(849,1383739357,1,'admin',78,'17','comments','Editing Chunk (HTML Snippet)'),
(850,1383739603,1,'admin',79,'17','-','Saving Chunk (HTML Snippet)'),
(851,1383739603,1,'admin',78,'17','comments','Editing Chunk (HTML Snippet)'),
(852,1383741204,1,'admin',79,'17','-','Saving Chunk (HTML Snippet)'),
(853,1383741204,1,'admin',78,'17','comments','Editing Chunk (HTML Snippet)'),
(854,1383741205,1,'admin',27,'23','-','Editing resource'),
(855,1383741211,1,'admin',5,'23','-','Saving resource'),
(856,1383741211,1,'admin',27,'23','-','Editing resource'),
(857,1383741212,1,'admin',27,'22','-','Editing resource'),
(858,1383741218,1,'admin',5,'22','-','Saving resource'),
(859,1383741218,1,'admin',27,'22','-','Editing resource'),
(860,1383741245,1,'admin',76,'-','-','Element management'),
(861,1383741249,1,'admin',78,'16','blog_list','Editing Chunk (HTML Snippet)'),
(862,1383741289,1,'admin',79,'16','-','Saving Chunk (HTML Snippet)'),
(863,1383741289,1,'admin',78,'16','blog_list','Editing Chunk (HTML Snippet)'),
(864,1383741336,1,'admin',79,'16','-','Saving Chunk (HTML Snippet)'),
(865,1383741336,1,'admin',78,'16','blog_list','Editing Chunk (HTML Snippet)'),
(866,1383741469,1,'admin',4,'-','-','Creating a resource'),
(867,1383741515,1,'admin',5,'-','-','Saving resource'),
(868,1383741517,1,'admin',3,'24','Новый ресурс','Viewing data for resource'),
(869,1383741518,1,'admin',27,'24','-','Editing resource'),
(870,1383741542,1,'admin',5,'24','-','Saving resource'),
(871,1383741545,1,'admin',3,'24','Дальнейшее развитие MODX Evolution','Viewing data for resource'),
(872,1383741910,1,'admin',76,'-','-','Element management'),
(873,1383741915,1,'admin',16,'11','Запись в блоге','Editing template'),
(874,1383741933,1,'admin',20,'11','-','Saving template'),
(875,1383741933,1,'admin',16,'11','Запись в блоге','Editing template'),
(876,1383742083,1,'admin',20,'11','-','Saving template'),
(877,1383742083,1,'admin',16,'11','Запись в блоге','Editing template'),
(878,1383742576,1,'admin',76,'-','-','Element management'),
(879,1383742579,1,'admin',16,'10','Блог','Editing template'),
(880,1383742588,1,'admin',20,'10','-','Saving template'),
(881,1383742589,1,'admin',16,'10','Блог','Editing template'),
(882,1383743254,1,'admin',76,'-','-','Element management'),
(883,1383743257,1,'admin',16,'8','Контакты','Editing template'),
(884,1383743266,1,'admin',20,'8','-','Saving template'),
(885,1383743266,1,'admin',16,'8','Контакты','Editing template'),
(886,1383743312,1,'admin',76,'-','-','Element management'),
(887,1383743315,1,'admin',16,'6','О нас','Editing template'),
(888,1383743324,1,'admin',20,'6','-','Saving template'),
(889,1383743324,1,'admin',76,'-','-','Element management'),
(890,1383743352,1,'admin',16,'6','О нас','Editing template'),
(891,1383743714,1,'admin',4,'-','-','Creating a resource'),
(892,1383743728,1,'admin',4,'-','-','Creating a resource'),
(893,1383743729,1,'admin',5,'-','-','Saving resource'),
(894,1383743731,1,'admin',3,'25','SEO','Viewing data for resource'),
(895,1383743734,1,'admin',27,'25','-','Editing resource'),
(896,1383743736,1,'admin',4,'-','-','Creating a resource'),
(897,1383743786,1,'admin',4,'-','-','Creating a resource'),
(898,1383743799,1,'admin',5,'-','-','Saving resource'),
(899,1383743801,1,'admin',3,'26','Для чего нужен robots.txt?','Viewing data for resource'),
(900,1383743811,1,'admin',27,'26','-','Editing resource'),
(901,1383743819,1,'admin',5,'26','-','Saving resource'),
(902,1383743821,1,'admin',3,'26','Для чего нужен robots.txt?','Viewing data for resource'),
(903,1383744716,1,'admin',76,'-','-','Element management'),
(904,1383745454,1,'admin',16,'11','Запись в блоге','Editing template'),
(905,1383745456,1,'admin',76,'-','-','Element management'),
(906,1383745464,1,'admin',78,'16','blog_list','Editing Chunk (HTML Snippet)'),
(907,1383745472,1,'admin',76,'-','-','Element management'),
(908,1383745477,1,'admin',16,'11','Запись в блоге','Editing template'),
(909,1383745501,1,'admin',20,'11','-','Saving template'),
(910,1383745501,1,'admin',16,'11','Запись в блоге','Editing template'),
(911,1383745557,1,'admin',20,'11','-','Saving template'),
(912,1383745557,1,'admin',16,'11','Запись в блоге','Editing template'),
(913,1383745624,1,'admin',20,'11','-','Saving template'),
(914,1383745624,1,'admin',16,'11','Запись в блоге','Editing template'),
(915,1383745653,1,'admin',20,'11','-','Saving template'),
(916,1383745653,1,'admin',16,'11','Запись в блоге','Editing template'),
(917,1383746105,1,'admin',76,'-','-','Element management'),
(918,1383746116,1,'admin',16,'10','Блог','Editing template'),
(919,1383746129,1,'admin',96,'10','-','Duplicate Template'),
(920,1383746129,1,'admin',16,'12','Duplicate of Блог','Editing template'),
(921,1383746282,1,'admin',20,'12','-','Saving template'),
(922,1383746282,1,'admin',16,'12','Услуги','Editing template'),
(923,1383747316,1,'admin',20,'12','-','Saving template'),
(924,1383747316,1,'admin',16,'12','Услуги','Editing template'),
(925,1383747319,1,'admin',76,'-','-','Element management'),
(926,1383747323,1,'admin',77,'-','New Chunk','Creating a new Chunk (HTML Snippet)'),
(927,1383747440,1,'admin',76,'-','-','Element management'),
(928,1383747444,1,'admin',78,'16','blog_list','Editing Chunk (HTML Snippet)'),
(929,1383747685,1,'admin',79,'-','-','Saving Chunk (HTML Snippet)'),
(930,1383747685,1,'admin',76,'-','-','Element management'),
(931,1383747706,1,'admin',27,'7','-','Editing resource'),
(932,1383747761,1,'admin',27,'3','-','Editing resource'),
(933,1383747769,1,'admin',5,'3','-','Saving resource'),
(934,1383747771,1,'admin',3,'3','Услуги','Viewing data for resource'),
(935,1383747771,1,'admin',27,'7','-','Editing resource'),
(936,1383747827,1,'admin',5,'7','-','Saving resource'),
(937,1383747828,1,'admin',3,'7','SEO продвижение','Viewing data for resource'),
(938,1383747828,1,'admin',27,'8','-','Editing resource'),
(939,1383747841,1,'admin',5,'8','-','Saving resource'),
(940,1383747842,1,'admin',27,'9','-','Editing resource'),
(941,1383747842,1,'admin',3,'8','Аудит вашего сайта','Viewing data for resource'),
(942,1383747854,1,'admin',27,'9','-','Editing resource'),
(943,1383747856,1,'admin',5,'9','-','Saving resource'),
(944,1383747858,1,'admin',3,'9','Контекстная реклама','Viewing data for resource'),
(945,1383747866,1,'admin',27,'10','-','Editing resource'),
(946,1383747868,1,'admin',5,'10','-','Saving resource'),
(947,1383747870,1,'admin',3,'10','Копирайтинг','Viewing data for resource'),
(948,1383747895,1,'admin',19,'-','New template','Creating a new template'),
(949,1383747897,1,'admin',76,'-','-','Element management'),
(950,1383747899,1,'admin',16,'12','Услуги','Editing template'),
(951,1383747906,1,'admin',96,'12','-','Duplicate Template'),
(952,1383747906,1,'admin',16,'13','Duplicate of Услуги','Editing template'),
(953,1383747951,1,'admin',20,'13','-','Saving template'),
(954,1383747951,1,'admin',76,'-','-','Element management'),
(955,1383747956,1,'admin',27,'3','-','Editing resource'),
(956,1383747959,1,'admin',27,'3','-','Editing resource'),
(957,1383747961,1,'admin',5,'3','-','Saving resource'),
(958,1383747961,1,'admin',27,'3','-','Editing resource'),
(959,1383747973,1,'admin',76,'-','-','Element management'),
(960,1383747975,1,'admin',300,'-','New Template Variable','Create Template Variable'),
(961,1383748132,1,'admin',302,'-','-','Save Template Variable'),
(962,1383748132,1,'admin',76,'-','-','Element management'),
(963,1383748135,1,'admin',301,'9','Изображение до наведения мыши','Edit Template Variable'),
(964,1383748138,1,'admin',304,'9','-','Duplicate Template Variable'),
(965,1383748138,1,'admin',301,'10','Duplicate of Изображение до наведения мыши','Edit Template Variable'),
(966,1383748163,1,'admin',302,'10','-','Save Template Variable'),
(967,1383748163,1,'admin',76,'-','-','Element management'),
(968,1383748175,1,'admin',16,'13','Категория \"Услуга\"','Editing template'),
(969,1383748176,1,'admin',76,'-','-','Element management'),
(970,1383748178,1,'admin',16,'12','Услуги','Editing template'),
(971,1383748181,1,'admin',76,'-','-','Element management'),
(972,1383748183,1,'admin',78,'19','services_list','Editing Chunk (HTML Snippet)'),
(973,1383748190,1,'admin',76,'-','-','Element management'),
(974,1383748282,1,'admin',79,'19','-','Saving Chunk (HTML Snippet)'),
(975,1383748282,1,'admin',78,'19','services_list','Editing Chunk (HTML Snippet)'),
(976,1383748299,1,'admin',27,'7','-','Editing resource'),
(977,1383748308,1,'admin',301,'10','Изображение после наведения мыши','Edit Template Variable'),
(978,1383748321,1,'admin',27,'7','-','Editing resource'),
(979,1383749239,1,'admin',5,'7','-','Saving resource'),
(980,1383749239,1,'admin',27,'7','-','Editing resource'),
(981,1383749408,1,'admin',79,'19','-','Saving Chunk (HTML Snippet)'),
(982,1383749408,1,'admin',78,'19','services_list','Editing Chunk (HTML Snippet)'),
(983,1383750076,1,'admin',27,'8','-','Editing resource'),
(984,1383750082,1,'admin',27,'7','-','Editing resource'),
(985,1383750085,1,'admin',27,'8','-','Editing resource'),
(986,1383750090,1,'admin',27,'8','-','Editing resource'),
(987,1383750118,1,'admin',5,'8','-','Saving resource'),
(988,1383750119,1,'admin',3,'8','Аудит вашего сайта','Viewing data for resource'),
(989,1383750120,1,'admin',27,'9','-','Editing resource'),
(990,1383750123,1,'admin',27,'9','-','Editing resource'),
(991,1383750147,1,'admin',5,'9','-','Saving resource'),
(992,1383750148,1,'admin',3,'9','Контекстная реклама','Viewing data for resource'),
(993,1383750148,1,'admin',27,'10','-','Editing resource'),
(994,1383750151,1,'admin',27,'10','-','Editing resource'),
(995,1383750162,1,'admin',5,'10','-','Saving resource'),
(996,1383750163,1,'admin',27,'9','-','Editing resource'),
(997,1383750163,1,'admin',3,'10','Копирайтинг','Viewing data for resource'),
(998,1383750164,1,'admin',27,'9','-','Editing resource'),
(999,1383750169,1,'admin',27,'10','-','Editing resource'),
(1000,1383750186,1,'admin',5,'10','-','Saving resource'),
(1001,1383750188,1,'admin',3,'10','Копирайтинг','Viewing data for resource'),
(1002,1383750293,1,'admin',76,'-','-','Element management'),
(1003,1383750297,1,'admin',78,'19','services_list','Editing Chunk (HTML Snippet)'),
(1004,1383750311,1,'admin',76,'-','-','Element management'),
(1005,1383750320,1,'admin',78,'14','stuffs_tpl','Editing Chunk (HTML Snippet)'),
(1006,1383750321,1,'admin',76,'-','-','Element management'),
(1007,1383750322,1,'admin',78,'13','uslugi_tpl','Editing Chunk (HTML Snippet)'),
(1008,1383750323,1,'admin',76,'-','-','Element management'),
(1009,1383750340,1,'admin',78,'16','blog_list','Editing Chunk (HTML Snippet)'),
(1010,1383750349,1,'admin',76,'-','-','Element management'),
(1011,1383750350,1,'admin',78,'19','services_list','Editing Chunk (HTML Snippet)'),
(1012,1383750360,1,'admin',79,'19','-','Saving Chunk (HTML Snippet)'),
(1013,1383750360,1,'admin',78,'19','services_list','Editing Chunk (HTML Snippet)'),
(1014,1383750389,1,'admin',79,'19','-','Saving Chunk (HTML Snippet)'),
(1015,1383750389,1,'admin',78,'19','services_list','Editing Chunk (HTML Snippet)'),
(1016,1383751140,1,'admin',79,'19','-','Saving Chunk (HTML Snippet)'),
(1017,1383751140,1,'admin',78,'19','services_list','Editing Chunk (HTML Snippet)'),
(1018,1383751255,1,'admin',79,'19','-','Saving Chunk (HTML Snippet)'),
(1019,1383751255,1,'admin',78,'19','services_list','Editing Chunk (HTML Snippet)'),
(1020,1383751328,1,'admin',79,'19','-','Saving Chunk (HTML Snippet)'),
(1021,1383751328,1,'admin',78,'19','services_list','Editing Chunk (HTML Snippet)'),
(1022,1383751337,1,'admin',76,'-','-','Element management'),
(1023,1383751341,1,'admin',78,'15','sidebar','Editing Chunk (HTML Snippet)'),
(1024,1383751378,1,'admin',79,'15','-','Saving Chunk (HTML Snippet)'),
(1025,1383751378,1,'admin',76,'-','-','Element management'),
(1026,1383751827,1,'admin',79,'19','-','Saving Chunk (HTML Snippet)'),
(1027,1383751827,1,'admin',78,'19','services_list','Editing Chunk (HTML Snippet)'),
(1028,1383752516,1,'admin',76,'-','-','Element management'),
(1029,1383752519,1,'admin',16,'12','Услуги','Editing template'),
(1030,1383752536,1,'admin',20,'12','-','Saving template'),
(1031,1383752536,1,'admin',16,'12','Услуги','Editing template'),
(1032,1383817969,1,'admin',76,'-','-','Element management'),
(1033,1383817978,1,'admin',78,'11','order_seo','Editing Chunk (HTML Snippet)'),
(1034,1383818002,1,'admin',76,'-','-','Element management'),
(1035,1383818014,1,'admin',77,'-','New Chunk','Creating a new Chunk (HTML Snippet)'),
(1036,1383818055,1,'admin',79,'-','-','Saving Chunk (HTML Snippet)'),
(1037,1383818055,1,'admin',76,'-','-','Element management'),
(1038,1383818063,1,'admin',16,'12','Услуги','Editing template'),
(1039,1383818099,1,'admin',20,'12','-','Saving template'),
(1040,1383818099,1,'admin',16,'12','Услуги','Editing template'),
(1041,1383818277,1,'admin',20,'12','-','Saving template'),
(1042,1383818277,1,'admin',16,'12','Услуги','Editing template'),
(1043,1383818464,1,'admin',76,'-','-','Element management'),
(1044,1383818468,1,'admin',16,'13','Категория \"Услуга\"','Editing template'),
(1045,1383825181,1,'admin',76,'-','-','Element management'),
(1046,1383825204,1,'admin',78,'15','sidebar','Editing Chunk (HTML Snippet)'),
(1047,1383831162,1,'admin',79,'15','-','Saving Chunk (HTML Snippet)'),
(1048,1383831162,1,'admin',76,'-','-','Element management'),
(1049,1383831167,1,'admin',78,'17','comments','Editing Chunk (HTML Snippet)'),
(1050,1383831176,1,'admin',79,'17','-','Saving Chunk (HTML Snippet)'),
(1051,1383831176,1,'admin',76,'-','-','Element management'),
(1052,1383831189,1,'admin',78,'18','comments_count','Editing Chunk (HTML Snippet)'),
(1053,1383831210,1,'admin',79,'18','-','Saving Chunk (HTML Snippet)'),
(1054,1383831210,1,'admin',76,'-','-','Element management'),
(1055,1383831221,1,'admin',78,'16','blog_list','Editing Chunk (HTML Snippet)'),
(1056,1383831258,1,'admin',79,'16','-','Saving Chunk (HTML Snippet)'),
(1057,1383831259,1,'admin',76,'-','-','Element management'),
(1058,1383831649,1,'admin',78,'15','sidebar','Editing Chunk (HTML Snippet)'),
(1059,1383834760,1,'admin',78,'15','sidebar','Editing Chunk (HTML Snippet)'),
(1060,1383834994,1,'admin',79,'15','-','Saving Chunk (HTML Snippet)'),
(1061,1383834994,1,'admin',78,'15','sidebar','Editing Chunk (HTML Snippet)'),
(1062,1383835107,1,'admin',27,'7','-','Editing resource'),
(1063,1383835109,1,'admin',4,'-','-','Creating a resource'),
(1064,1383835116,1,'admin',5,'-','-','Saving resource'),
(1065,1383835119,1,'admin',3,'27','Продвижение по позициям','Viewing data for resource'),
(1066,1383835124,1,'admin',4,'-','-','Creating a resource'),
(1067,1383835130,1,'admin',5,'-','-','Saving resource'),
(1068,1383835130,1,'admin',4,'-','-','Creating a resource'),
(1069,1383835138,1,'admin',5,'-','-','Saving resource'),
(1070,1383835139,1,'admin',4,'-','-','Creating a resource'),
(1071,1383835149,1,'admin',5,'-','-','Saving resource'),
(1072,1383835150,1,'admin',4,'-','-','Creating a resource'),
(1073,1383835162,1,'admin',5,'-','-','Saving resource'),
(1074,1383835165,1,'admin',3,'31','Продвижение молодого сайта','Viewing data for resource'),
(1075,1383835187,1,'admin',4,'-','-','Creating a resource'),
(1076,1383835195,1,'admin',5,'-','-','Saving resource'),
(1077,1383835195,1,'admin',4,'-','-','Creating a resource'),
(1078,1383835201,1,'admin',5,'-','-','Saving resource'),
(1079,1383835201,1,'admin',4,'-','-','Creating a resource'),
(1080,1383835216,1,'admin',27,'10','-','Editing resource'),
(1081,1383835235,1,'admin',4,'-','-','Creating a resource'),
(1082,1383835236,1,'admin',27,'10','-','Editing resource'),
(1083,1383835240,1,'admin',4,'-','-','Creating a resource'),
(1084,1383835271,1,'admin',5,'-','-','Saving resource'),
(1085,1383835271,1,'admin',4,'-','-','Creating a resource'),
(1086,1383835281,1,'admin',5,'-','-','Saving resource'),
(1087,1383835281,1,'admin',4,'-','-','Creating a resource'),
(1088,1383835288,1,'admin',5,'-','-','Saving resource'),
(1089,1383835288,1,'admin',4,'-','-','Creating a resource'),
(1090,1383835294,1,'admin',5,'-','-','Saving resource'),
(1091,1383835295,1,'admin',4,'-','-','Creating a resource'),
(1092,1383835304,1,'admin',5,'-','-','Saving resource'),
(1093,1383835307,1,'admin',3,'38','Подготовка текстов для E-mail рассылки','Viewing data for resource'),
(1094,1383835317,1,'admin',4,'-','-','Creating a resource'),
(1095,1383835334,1,'admin',5,'-','-','Saving resource'),
(1096,1383835334,1,'admin',4,'-','-','Creating a resource'),
(1097,1383835340,1,'admin',5,'-','-','Saving resource'),
(1098,1383835340,1,'admin',4,'-','-','Creating a resource'),
(1099,1383835350,1,'admin',5,'-','-','Saving resource'),
(1100,1383835352,1,'admin',3,'41','Аудит контекстной рекламы Yandex Direct','Viewing data for resource'),
(1101,1383835386,1,'admin',76,'-','-','Element management'),
(1102,1383835394,1,'admin',78,'4','header','Editing Chunk (HTML Snippet)'),
(1103,1383835437,1,'admin',79,'4','-','Saving Chunk (HTML Snippet)'),
(1104,1383835437,1,'admin',78,'4','header','Editing Chunk (HTML Snippet)'),
(1105,1383835447,1,'admin',79,'4','-','Saving Chunk (HTML Snippet)'),
(1106,1383835447,1,'admin',78,'4','header','Editing Chunk (HTML Snippet)'),
(1107,1383836686,1,'admin',27,'27','-','Editing resource'),
(1108,1383836691,1,'admin',27,'27','-','Editing resource'),
(1109,1383836693,1,'admin',5,'27','-','Saving resource'),
(1110,1383836696,1,'admin',3,'27','Продвижение по позициям','Viewing data for resource'),
(1111,1383836928,1,'admin',76,'-','-','Element management'),
(1112,1383836938,1,'admin',78,'3','head','Editing Chunk (HTML Snippet)'),
(1113,1383837016,1,'admin',79,'3','-','Saving Chunk (HTML Snippet)'),
(1114,1383837017,1,'admin',76,'-','-','Element management'),
(1115,1383837025,1,'admin',78,'15','sidebar','Editing Chunk (HTML Snippet)'),
(1116,1383837045,1,'admin',79,'15','-','Saving Chunk (HTML Snippet)'),
(1117,1383837046,1,'admin',78,'15','sidebar','Editing Chunk (HTML Snippet)'),
(1118,1383837072,1,'admin',27,'3','-','Editing resource'),
(1119,1383837073,1,'admin',27,'7','-','Editing resource'),
(1120,1383837091,1,'admin',5,'7','-','Saving resource'),
(1121,1383837091,1,'admin',27,'7','-','Editing resource'),
(1122,1383837113,1,'admin',76,'-','-','Element management'),
(1123,1383837124,1,'admin',78,'4','header','Editing Chunk (HTML Snippet)'),
(1124,1383837131,1,'admin',76,'-','-','Element management'),
(1125,1383837136,1,'admin',16,'5','Главная','Editing template'),
(1126,1383837139,1,'admin',76,'-','-','Element management'),
(1127,1383837143,1,'admin',78,'7','uslugi','Editing Chunk (HTML Snippet)'),
(1128,1383837153,1,'admin',79,'7','-','Saving Chunk (HTML Snippet)'),
(1129,1383837153,1,'admin',76,'-','-','Element management'),
(1130,1383837172,1,'admin',27,'27','-','Editing resource'),
(1131,1383837175,1,'admin',27,'7','-','Editing resource'),
(1132,1383837197,1,'admin',5,'7','-','Saving resource'),
(1133,1383837197,1,'admin',27,'7','-','Editing resource'),
(1134,1383837243,1,'admin',76,'-','-','Element management'),
(1135,1383837250,1,'admin',78,'15','sidebar','Editing Chunk (HTML Snippet)'),
(1136,1383837267,1,'admin',79,'15','-','Saving Chunk (HTML Snippet)'),
(1137,1383837267,1,'admin',78,'15','sidebar','Editing Chunk (HTML Snippet)'),
(1138,1383837462,1,'admin',79,'15','-','Saving Chunk (HTML Snippet)'),
(1139,1383837463,1,'admin',76,'-','-','Element management'),
(1140,1383837465,1,'admin',77,'-','New Chunk','Creating a new Chunk (HTML Snippet)'),
(1141,1383837545,1,'admin',79,'-','-','Saving Chunk (HTML Snippet)'),
(1142,1383837545,1,'admin',76,'-','-','Element management'),
(1143,1383837559,1,'admin',77,'-','New Chunk','Creating a new Chunk (HTML Snippet)'),
(1144,1383838435,1,'admin',79,'-','-','Saving Chunk (HTML Snippet)'),
(1145,1383838435,1,'admin',76,'-','-','Element management'),
(1146,1383838465,1,'admin',78,'22','innerRowTpl','Editing Chunk (HTML Snippet)'),
(1147,1383838530,1,'admin',79,'22','-','Saving Chunk (HTML Snippet)'),
(1148,1383838530,1,'admin',78,'22','innerRowTpl','Editing Chunk (HTML Snippet)'),
(1149,1383838546,1,'admin',76,'-','-','Element management'),
(1150,1383838550,1,'admin',78,'15','sidebar','Editing Chunk (HTML Snippet)'),
(1151,1383838570,1,'admin',79,'15','-','Saving Chunk (HTML Snippet)'),
(1152,1383838570,1,'admin',78,'15','sidebar','Editing Chunk (HTML Snippet)'),
(1153,1383838902,1,'admin',76,'-','-','Element management'),
(1154,1383838906,1,'admin',78,'3','head','Editing Chunk (HTML Snippet)'),
(1155,1383838918,1,'admin',79,'3','-','Saving Chunk (HTML Snippet)'),
(1156,1383838918,1,'admin',76,'-','-','Element management'),
(1157,1383839800,1,'admin',78,'3','head','Editing Chunk (HTML Snippet)'),
(1158,1383839816,1,'admin',79,'3','-','Saving Chunk (HTML Snippet)'),
(1159,1383839816,1,'admin',76,'-','-','Element management'),
(1160,1383840331,1,'admin',78,'3','head','Editing Chunk (HTML Snippet)'),
(1161,1383840363,1,'admin',79,'3','-','Saving Chunk (HTML Snippet)'),
(1162,1383840363,1,'admin',78,'3','head','Editing Chunk (HTML Snippet)'),
(1163,1383840396,1,'admin',79,'3','-','Saving Chunk (HTML Snippet)'),
(1164,1383840396,1,'admin',78,'3','head','Editing Chunk (HTML Snippet)'),
(1165,1383840460,1,'admin',79,'3','-','Saving Chunk (HTML Snippet)'),
(1166,1383840460,1,'admin',78,'3','head','Editing Chunk (HTML Snippet)'),
(1167,1383840521,1,'admin',79,'3','-','Saving Chunk (HTML Snippet)'),
(1168,1383840521,1,'admin',78,'3','head','Editing Chunk (HTML Snippet)'),
(1169,1383840628,1,'admin',76,'-','-','Element management'),
(1170,1383840634,1,'admin',78,'15','sidebar','Editing Chunk (HTML Snippet)'),
(1171,1383840652,1,'admin',79,'15','-','Saving Chunk (HTML Snippet)'),
(1172,1383840652,1,'admin',76,'-','-','Element management'),
(1173,1383841092,1,'admin',78,'3','head','Editing Chunk (HTML Snippet)'),
(1174,1383842662,1,'admin',79,'3','-','Saving Chunk (HTML Snippet)'),
(1175,1383842662,1,'admin',76,'-','-','Element management'),
(1176,1383842675,1,'admin',78,'21','rowTpl','Editing Chunk (HTML Snippet)'),
(1177,1383842681,1,'admin',79,'21','-','Saving Chunk (HTML Snippet)'),
(1178,1383842681,1,'admin',76,'-','-','Element management'),
(1179,1383842793,1,'admin',78,'21','rowTpl','Editing Chunk (HTML Snippet)'),
(1180,1383842847,1,'admin',76,'-','-','Element management'),
(1181,1383842854,1,'admin',78,'15','sidebar','Editing Chunk (HTML Snippet)'),
(1182,1383842858,1,'admin',79,'15','-','Saving Chunk (HTML Snippet)'),
(1183,1383842858,1,'admin',76,'-','-','Element management'),
(1184,1383842880,1,'admin',78,'21','rowTpl','Editing Chunk (HTML Snippet)'),
(1185,1383842922,1,'admin',79,'21','-','Saving Chunk (HTML Snippet)'),
(1186,1383842922,1,'admin',76,'-','-','Element management'),
(1187,1383842945,1,'admin',78,'3','head','Editing Chunk (HTML Snippet)'),
(1188,1383842964,1,'admin',79,'3','-','Saving Chunk (HTML Snippet)'),
(1189,1383842964,1,'admin',76,'-','-','Element management'),
(1190,1383910619,1,'admin',76,'-','-','Element management'),
(1191,1383995562,1,'admin',76,'-','-','Element management'),
(1192,1384038685,1,'admin',76,'-','-','Element management'),
(1193,1384091487,1,'admin',76,'-','-','Element management'),
(1194,1384150378,1,'admin',58,'-','MODx','Logged in'),
(1195,1384150381,1,'admin',76,'-','-','Element management'),
(1196,1384150389,1,'admin',78,'3','head','Editing Chunk (HTML Snippet)'),
(1197,1384150412,1,'admin',79,'3','-','Saving Chunk (HTML Snippet)'),
(1198,1384150412,1,'admin',78,'3','head','Editing Chunk (HTML Snippet)'),
(1199,1384150924,1,'admin',76,'-','-','Element management'),
(1200,1384150940,1,'admin',78,'5','top_line','Editing Chunk (HTML Snippet)'),
(1201,1384150941,1,'admin',76,'-','-','Element management'),
(1202,1384150960,1,'admin',16,'12','Услуги','Editing template'),
(1203,1384150970,1,'admin',76,'-','-','Element management'),
(1204,1384150973,1,'admin',78,'15','sidebar','Editing Chunk (HTML Snippet)'),
(1205,1384151088,1,'admin',79,'15','-','Saving Chunk (HTML Snippet)'),
(1206,1384151088,1,'admin',78,'15','sidebar','Editing Chunk (HTML Snippet)'),
(1207,1384151663,1,'admin',79,'15','-','Saving Chunk (HTML Snippet)'),
(1208,1384151674,1,'admin',76,'-','-','Element management'),
(1209,1384151678,1,'admin',78,'21','rowTpl','Editing Chunk (HTML Snippet)'),
(1210,1384151767,1,'admin',79,'21','-','Saving Chunk (HTML Snippet)'),
(1211,1384151767,1,'admin',76,'-','-','Element management'),
(1212,1384151824,1,'admin',78,'15','sidebar','Editing Chunk (HTML Snippet)'),
(1213,1384151831,1,'admin',79,'15','-','Saving Chunk (HTML Snippet)'),
(1214,1384151831,1,'admin',76,'-','-','Element management'),
(1215,1384151836,1,'admin',78,'22','innerRowTpl','Editing Chunk (HTML Snippet)'),
(1216,1384151863,1,'admin',79,'22','-','Saving Chunk (HTML Snippet)'),
(1217,1384151863,1,'admin',76,'-','-','Element management'),
(1218,1384152369,1,'admin',27,'39','-','Editing resource'),
(1219,1384152377,1,'admin',27,'39','-','Editing resource'),
(1220,1384152379,1,'admin',5,'39','-','Saving resource'),
(1221,1384152380,1,'admin',3,'39','Маркетинговый аудит','Viewing data for resource'),
(1222,1384153240,1,'admin',76,'-','-','Element management'),
(1223,1384153242,1,'admin',78,'22','innerRowTpl','Editing Chunk (HTML Snippet)'),
(1224,1384153250,1,'admin',79,'22','-','Saving Chunk (HTML Snippet)'),
(1225,1384153250,1,'admin',78,'22','innerRowTpl','Editing Chunk (HTML Snippet)'),
(1226,1384156716,1,'admin',79,'22','-','Saving Chunk (HTML Snippet)'),
(1227,1384156716,1,'admin',78,'22','innerRowTpl','Editing Chunk (HTML Snippet)'),
(1228,1384157733,1,'admin',76,'-','-','Element management'),
(1229,1384157739,1,'admin',78,'21','rowTpl','Editing Chunk (HTML Snippet)'),
(1230,1384158409,1,'admin',79,'21','-','Saving Chunk (HTML Snippet)'),
(1231,1384158409,1,'admin',76,'-','-','Element management'),
(1232,1384158995,1,'admin',27,'7','-','Editing resource'),
(1233,1384159146,1,'admin',5,'7','-','Saving resource'),
(1234,1384159147,1,'admin',3,'7','SEO продвижение','Viewing data for resource'),
(1235,1384159322,1,'admin',76,'-','-','Element management'),
(1236,1384159327,1,'admin',16,'13','Категория \"Услуга\"','Editing template'),
(1237,1384159359,1,'admin',20,'13','-','Saving template'),
(1238,1384159359,1,'admin',16,'13','Категория \"Услуга\"','Editing template'),
(1239,1384159794,1,'admin',20,'13','-','Saving template'),
(1240,1384159794,1,'admin',16,'13','Категория \"Услуга\"','Editing template'),
(1241,1384160729,1,'admin',27,'7','-','Editing resource'),
(1242,1384160752,1,'admin',76,'-','-','Element management'),
(1243,1384160758,1,'admin',78,'15','sidebar','Editing Chunk (HTML Snippet)'),
(1244,1384160759,1,'admin',76,'-','-','Element management'),
(1245,1384160763,1,'admin',16,'13','Категория \"Услуга\"','Editing template'),
(1246,1384160776,1,'admin',20,'13','-','Saving template'),
(1247,1384160776,1,'admin',16,'13','Категория \"Услуга\"','Editing template'),
(1248,1384160796,1,'admin',26,'-','-','Refreshing site'),
(1249,1384160830,1,'admin',76,'-','-','Element management'),
(1250,1384160832,1,'admin',16,'12','Услуги','Editing template'),
(1251,1384160842,1,'admin',76,'-','-','Element management'),
(1252,1384160847,1,'admin',78,'19','services_list','Editing Chunk (HTML Snippet)'),
(1253,1384160866,1,'admin',76,'-','-','Element management'),
(1254,1384160882,1,'admin',78,'13','uslugi_tpl','Editing Chunk (HTML Snippet)'),
(1255,1384160921,1,'admin',79,'13','-','Saving Chunk (HTML Snippet)'),
(1256,1384160921,1,'admin',76,'-','-','Element management'),
(1257,1384160922,1,'admin',27,'7','-','Editing resource'),
(1258,1384160929,1,'admin',5,'7','-','Saving resource'),
(1259,1384160930,1,'admin',27,'7','-','Editing resource'),
(1260,1384160965,1,'admin',26,'-','-','Refreshing site'),
(1261,1384161046,1,'admin',76,'-','-','Element management'),
(1262,1384161048,1,'admin',78,'13','uslugi_tpl','Editing Chunk (HTML Snippet)'),
(1263,1384161074,1,'admin',79,'13','-','Saving Chunk (HTML Snippet)'),
(1264,1384161074,1,'admin',78,'13','uslugi_tpl','Editing Chunk (HTML Snippet)'),
(1265,1384161249,1,'admin',76,'-','-','Element management'),
(1266,1384161263,1,'admin',78,'7','uslugi','Editing Chunk (HTML Snippet)'),
(1267,1384161267,1,'admin',76,'-','-','Element management'),
(1268,1384161338,1,'admin',78,'13','uslugi_tpl','Editing Chunk (HTML Snippet)'),
(1269,1384161355,1,'admin',79,'13','-','Saving Chunk (HTML Snippet)'),
(1270,1384161355,1,'admin',78,'13','uslugi_tpl','Editing Chunk (HTML Snippet)'),
(1271,1384161382,1,'admin',76,'-','-','Element management'),
(1272,1384161387,1,'admin',78,'21','rowTpl','Editing Chunk (HTML Snippet)'),
(1273,1384161391,1,'admin',76,'-','-','Element management'),
(1274,1384161394,1,'admin',16,'13','Категория \"Услуга\"','Editing template'),
(1275,1384161407,1,'admin',20,'13','-','Saving template'),
(1276,1384161407,1,'admin',76,'-','-','Element management'),
(1277,1384162284,1,'admin',26,'-','-','Refreshing site'),
(1278,1384162604,1,'admin',27,'8','-','Editing resource'),
(1279,1384162612,1,'admin',5,'8','-','Saving resource'),
(1280,1384162614,1,'admin',3,'8','Аудит вашего сайта','Viewing data for resource'),
(1281,1384162615,1,'admin',27,'9','-','Editing resource'),
(1282,1384162619,1,'admin',5,'9','-','Saving resource'),
(1283,1384162621,1,'admin',3,'9','Контекстная реклама','Viewing data for resource'),
(1284,1384162621,1,'admin',27,'9','-','Editing resource'),
(1285,1384162623,1,'admin',27,'10','-','Editing resource'),
(1286,1384162627,1,'admin',5,'10','-','Saving resource'),
(1287,1384162629,1,'admin',3,'10','Копирайтинг','Viewing data for resource'),
(1288,1384162771,1,'admin',76,'-','-','Element management'),
(1289,1384163011,1,'admin',16,'13','Категория \"Услуга\"','Editing template'),
(1290,1384163023,1,'admin',20,'13','-','Saving template'),
(1291,1384163023,1,'admin',76,'-','-','Element management'),
(1292,1384163027,1,'admin',16,'12','Услуги','Editing template'),
(1293,1384163044,1,'admin',20,'12','-','Saving template'),
(1294,1384163044,1,'admin',76,'-','-','Element management'),
(1295,1384163050,1,'admin',16,'13','Категория вида услуг','Editing template'),
(1296,1384163058,1,'admin',96,'13','-','Duplicate Template'),
(1297,1384163058,1,'admin',16,'14','Duplicate of Категория вида услуг','Editing template'),
(1298,1384163131,1,'admin',76,'-','-','Element management'),
(1299,1384163165,1,'admin',78,'6','popup_forms','Editing Chunk (HTML Snippet)'),
(1300,1384163177,1,'admin',76,'-','-','Element management'),
(1301,1384163184,1,'admin',78,'5','top_line','Editing Chunk (HTML Snippet)'),
(1302,1384163233,1,'admin',20,'14','-','Saving template'),
(1303,1384163234,1,'admin',16,'14','Услуга (SEO)','Editing template'),
(1304,1384163251,1,'admin',27,'27','-','Editing resource'),
(1305,1384163257,1,'admin',27,'27','-','Editing resource'),
(1306,1384163259,1,'admin',5,'27','-','Saving resource'),
(1307,1384163261,1,'admin',3,'27','Продвижение по позициям','Viewing data for resource'),
(1308,1384163665,1,'admin',76,'-','-','Element management'),
(1309,1384163671,1,'admin',16,'14','Услуга (SEO)','Editing template'),
(1310,1384163961,1,'admin',27,'29','-','Editing resource'),
(1311,1384163966,1,'admin',27,'29','-','Editing resource'),
(1312,1384164075,1,'admin',5,'29','-','Saving resource'),
(1313,1384164076,1,'admin',3,'29','Продвижение по кликам','Viewing data for resource'),
(1314,1384167643,1,'admin',76,'-','-','Element management'),
(1315,1384167652,1,'admin',78,'11','order_seo','Editing Chunk (HTML Snippet)'),
(1316,1384167669,1,'admin',76,'-','-','Element management'),
(1317,1384169891,1,'admin',78,'10','clients','Editing Chunk (HTML Snippet)'),
(1318,1384169902,1,'admin',27,'4','-','Editing resource'),
(1319,1384169909,1,'admin',76,'-','-','Element management'),
(1320,1384169920,1,'admin',301,'4','Фотография сотрудника','Edit Template Variable'),
(1321,1384169923,1,'admin',76,'-','-','Element management'),
(1322,1384169926,1,'admin',301,'10','Изображение после наведения мыши','Edit Template Variable'),
(1323,1384169932,1,'admin',302,'10','-','Save Template Variable'),
(1324,1384169932,1,'admin',76,'-','-','Element management'),
(1325,1384169934,1,'admin',301,'9','Изображение до наведения мыши','Edit Template Variable'),
(1326,1384169938,1,'admin',302,'9','-','Save Template Variable'),
(1327,1384169938,1,'admin',76,'-','-','Element management'),
(1328,1384169974,1,'admin',16,'3','Minimal Template','Editing template'),
(1329,1384169977,1,'admin',96,'3','-','Duplicate Template'),
(1330,1384169977,1,'admin',16,'15','Duplicate of Minimal Template','Editing template'),
(1331,1384169998,1,'admin',20,'15','-','Saving template'),
(1332,1384169998,1,'admin',76,'-','-','Element management'),
(1333,1384170012,1,'admin',300,'-','New Template Variable','Create Template Variable'),
(1334,1384170059,1,'admin',302,'-','-','Save Template Variable'),
(1335,1384170059,1,'admin',76,'-','-','Element management'),
(1336,1384170063,1,'admin',4,'-','-','Creating a resource'),
(1337,1384170068,1,'admin',4,'-','-','Creating a resource'),
(1338,1384170083,1,'admin',5,'-','-','Saving resource'),
(1339,1384170084,1,'admin',76,'-','-','Element management'),
(1340,1384170092,1,'admin',301,'11','Изображение','Edit Template Variable'),
(1341,1384170101,1,'admin',302,'11','-','Save Template Variable'),
(1342,1384170101,1,'admin',76,'-','-','Element management'),
(1343,1384170104,1,'admin',27,'42','-','Editing resource'),
(1344,1384170170,1,'admin',76,'-','-','Element management'),
(1345,1384170173,1,'admin',78,'10','clients','Editing Chunk (HTML Snippet)'),
(1346,1384170249,1,'admin',4,'-','-','Creating a resource'),
(1347,1384170284,1,'admin',4,'-','-','Creating a resource'),
(1348,1384170287,1,'admin',5,'-','-','Saving resource'),
(1349,1384170288,1,'admin',3,'43','Корпоротивные','Viewing data for resource'),
(1350,1384170291,1,'admin',4,'-','-','Creating a resource'),
(1351,1384170299,1,'admin',5,'-','-','Saving resource'),
(1352,1384170301,1,'admin',3,'44','Внешние','Viewing data for resource'),
(1353,1384170306,1,'admin',76,'-','-','Element management'),
(1354,1384170308,1,'admin',300,'-','New Template Variable','Create Template Variable'),
(1355,1384170696,1,'admin',302,'-','-','Save Template Variable'),
(1356,1384170696,1,'admin',76,'-','-','Element management'),
(1357,1384170699,1,'admin',27,'42','-','Editing resource'),
(1358,1384170703,1,'admin',76,'-','-','Element management'),
(1359,1384170704,1,'admin',76,'-','-','Element management'),
(1360,1384170709,1,'admin',301,'11','Изображение','Edit Template Variable'),
(1361,1384170715,1,'admin',302,'11','-','Save Template Variable'),
(1362,1384170715,1,'admin',76,'-','-','Element management'),
(1363,1384170717,1,'admin',301,'12','Услуга','Edit Template Variable'),
(1364,1384170727,1,'admin',302,'12','-','Save Template Variable'),
(1365,1384170728,1,'admin',76,'-','-','Element management'),
(1366,1384170740,1,'admin',76,'-','-','Element management'),
(1367,1384170742,1,'admin',301,'12','Услуга','Edit Template Variable'),
(1368,1384170761,1,'admin',302,'12','-','Save Template Variable'),
(1369,1384170761,1,'admin',76,'-','-','Element management'),
(1370,1384170763,1,'admin',27,'42','-','Editing resource'),
(1371,1384170776,1,'admin',76,'-','-','Element management'),
(1372,1384170780,1,'admin',301,'12','Услуга','Edit Template Variable'),
(1373,1384170877,1,'admin',302,'12','-','Save Template Variable'),
(1374,1384170877,1,'admin',76,'-','-','Element management'),
(1375,1384170904,1,'admin',76,'-','-','Element management'),
(1376,1384170906,1,'admin',301,'12','Услуга','Edit Template Variable'),
(1377,1384170917,1,'admin',302,'12','-','Save Template Variable'),
(1378,1384170917,1,'admin',76,'-','-','Element management'),
(1379,1384170920,1,'admin',76,'-','-','Element management'),
(1380,1384170947,1,'admin',301,'12','Услуга','Edit Template Variable'),
(1381,1384170963,1,'admin',302,'12','-','Save Template Variable'),
(1382,1384170963,1,'admin',76,'-','-','Element management'),
(1383,1384170964,1,'admin',27,'42','-','Editing resource'),
(1384,1384171004,1,'admin',5,'42','-','Saving resource'),
(1385,1384171004,1,'admin',4,'-','-','Creating a resource'),
(1386,1384171023,1,'admin',5,'-','-','Saving resource'),
(1387,1384171023,1,'admin',4,'-','-','Creating a resource'),
(1388,1384171035,1,'admin',5,'-','-','Saving resource'),
(1389,1384171035,1,'admin',4,'-','-','Creating a resource'),
(1390,1384171052,1,'admin',5,'-','-','Saving resource'),
(1391,1384171053,1,'admin',4,'-','-','Creating a resource'),
(1392,1384171063,1,'admin',5,'-','-','Saving resource'),
(1393,1384171064,1,'admin',4,'-','-','Creating a resource'),
(1394,1384171077,1,'admin',5,'-','-','Saving resource'),
(1395,1384171077,1,'admin',4,'-','-','Creating a resource'),
(1396,1384171091,1,'admin',5,'-','-','Saving resource'),
(1397,1384171091,1,'admin',4,'-','-','Creating a resource'),
(1398,1384171210,1,'admin',5,'-','-','Saving resource'),
(1399,1384171210,1,'admin',4,'-','-','Creating a resource'),
(1400,1384171323,1,'admin',5,'-','-','Saving resource'),
(1401,1384171323,1,'admin',4,'-','-','Creating a resource'),
(1402,1384171343,1,'admin',5,'-','-','Saving resource'),
(1403,1384171343,1,'admin',4,'-','-','Creating a resource'),
(1404,1384171389,1,'admin',5,'-','-','Saving resource'),
(1405,1384171389,1,'admin',4,'-','-','Creating a resource'),
(1406,1384171427,1,'admin',5,'-','-','Saving resource'),
(1407,1384171428,1,'admin',3,'55','Volkswagen','Viewing data for resource'),
(1408,1384171431,1,'admin',27,'42','-','Editing resource'),
(1409,1384171436,1,'admin',5,'42','-','Saving resource'),
(1410,1384171437,1,'admin',27,'45','-','Editing resource'),
(1411,1384171441,1,'admin',5,'45','-','Saving resource'),
(1412,1384171443,1,'admin',3,'45','Cadillac','Viewing data for resource'),
(1413,1384171443,1,'admin',27,'46','-','Editing resource'),
(1414,1384171449,1,'admin',5,'46','-','Saving resource'),
(1415,1384171450,1,'admin',3,'46','Chevrolet','Viewing data for resource'),
(1416,1384171451,1,'admin',27,'47','-','Editing resource'),
(1417,1384171456,1,'admin',5,'47','-','Saving resource'),
(1418,1384171457,1,'admin',27,'48','-','Editing resource'),
(1419,1384171462,1,'admin',5,'48','-','Saving resource'),
(1420,1384171464,1,'admin',3,'48','Honda','Viewing data for resource'),
(1421,1384171465,1,'admin',27,'49','-','Editing resource'),
(1422,1384171470,1,'admin',5,'49','-','Saving resource'),
(1423,1384171471,1,'admin',3,'49','Hyundai','Viewing data for resource'),
(1424,1384171472,1,'admin',27,'50','-','Editing resource'),
(1425,1384171477,1,'admin',5,'50','-','Saving resource'),
(1426,1384171479,1,'admin',3,'50','Jaguar','Viewing data for resource'),
(1427,1384171484,1,'admin',76,'-','-','Element management'),
(1428,1384171495,1,'admin',78,'10','clients','Editing Chunk (HTML Snippet)'),
(1429,1384171516,1,'admin',76,'-','-','Element management'),
(1430,1384171525,1,'admin',76,'-','-','Element management'),
(1431,1384171532,1,'admin',77,'-','New Chunk','Creating a new Chunk (HTML Snippet)'),
(1432,1384171534,1,'admin',76,'-','-','Element management'),
(1433,1384171536,1,'admin',77,'-','New Chunk','Creating a new Chunk (HTML Snippet)'),
(1434,1384171579,1,'admin',79,'-','-','Saving Chunk (HTML Snippet)'),
(1435,1384171579,1,'admin',76,'-','-','Element management'),
(1436,1384171621,1,'admin',79,'10','-','Saving Chunk (HTML Snippet)'),
(1437,1384171622,1,'admin',76,'-','-','Element management'),
(1438,1384171630,1,'admin',78,'23','clientTpl','Editing Chunk (HTML Snippet)'),
(1439,1384171670,1,'admin',79,'23','-','Saving Chunk (HTML Snippet)'),
(1440,1384171670,1,'admin',76,'-','-','Element management'),
(1441,1384171685,1,'admin',78,'10','clients','Editing Chunk (HTML Snippet)'),
(1442,1384171695,1,'admin',79,'10','-','Saving Chunk (HTML Snippet)'),
(1443,1384171695,1,'admin',76,'-','-','Element management'),
(1444,1384171725,1,'admin',78,'10','clients','Editing Chunk (HTML Snippet)'),
(1445,1384171788,1,'admin',79,'10','-','Saving Chunk (HTML Snippet)'),
(1446,1384171788,1,'admin',78,'10','clients','Editing Chunk (HTML Snippet)'),
(1447,1384171817,1,'admin',27,'42','-','Editing resource'),
(1448,1384171904,1,'admin',79,'10','-','Saving Chunk (HTML Snippet)'),
(1449,1384171904,1,'admin',78,'10','clients','Editing Chunk (HTML Snippet)'),
(1450,1384171907,1,'admin',27,'43','-','Editing resource'),
(1451,1384171911,1,'admin',5,'43','-','Saving resource'),
(1452,1384171912,1,'admin',3,'43','Корпоротивные','Viewing data for resource'),
(1453,1384171913,1,'admin',27,'44','-','Editing resource'),
(1454,1384171916,1,'admin',5,'44','-','Saving resource'),
(1455,1384171917,1,'admin',3,'44','Внешние','Viewing data for resource'),
(1456,1384171949,1,'admin',76,'-','-','Element management'),
(1457,1384171954,1,'admin',78,'23','clientTpl','Editing Chunk (HTML Snippet)'),
(1458,1384171996,1,'admin',76,'-','-','Element management'),
(1459,1384171998,1,'admin',78,'3','head','Editing Chunk (HTML Snippet)'),
(1460,1384172162,1,'admin',79,'23','-','Saving Chunk (HTML Snippet)'),
(1461,1384172163,1,'admin',76,'-','-','Element management'),
(1462,1384172181,1,'admin',78,'23','clientTpl','Editing Chunk (HTML Snippet)'),
(1463,1384172190,1,'admin',79,'23','-','Saving Chunk (HTML Snippet)'),
(1464,1384172190,1,'admin',76,'-','-','Element management'),
(1465,1384172433,1,'admin',78,'15','sidebar','Editing Chunk (HTML Snippet)'),
(1466,1384172464,1,'admin',76,'-','-','Element management'),
(1467,1384172470,1,'admin',77,'-','New Chunk','Creating a new Chunk (HTML Snippet)'),
(1468,1384172525,1,'admin',79,'15','-','Saving Chunk (HTML Snippet)'),
(1469,1384172525,1,'admin',76,'-','-','Element management'),
(1470,1384172533,1,'admin',79,'-','-','Saving Chunk (HTML Snippet)'),
(1471,1384172533,1,'admin',76,'-','-','Element management'),
(1472,1384172672,1,'admin',76,'-','-','Element management'),
(1473,1384172677,1,'admin',78,'24','right_menu','Editing Chunk (HTML Snippet)'),
(1474,1384173471,1,'admin',23,'-','New snippet','Creating a new Snippet'),
(1475,1384173530,1,'admin',24,'-','-','Saving Snippet'),
(1476,1384173530,1,'admin',76,'-','-','Element management'),
(1477,1384173667,1,'admin',79,'24','-','Saving Chunk (HTML Snippet)'),
(1478,1384173667,1,'admin',78,'24','right_menu','Editing Chunk (HTML Snippet)'),
(1479,1384173696,1,'admin',79,'24','-','Saving Chunk (HTML Snippet)'),
(1480,1384173696,1,'admin',78,'24','right_menu','Editing Chunk (HTML Snippet)'),
(1481,1384173705,1,'admin',79,'24','-','Saving Chunk (HTML Snippet)'),
(1482,1384173705,1,'admin',78,'24','right_menu','Editing Chunk (HTML Snippet)'),
(1483,1384173804,1,'admin',79,'24','-','Saving Chunk (HTML Snippet)'),
(1484,1384173804,1,'admin',78,'24','right_menu','Editing Chunk (HTML Snippet)'),
(1485,1384173936,1,'admin',79,'24','-','Saving Chunk (HTML Snippet)'),
(1486,1384173936,1,'admin',78,'24','right_menu','Editing Chunk (HTML Snippet)'),
(1487,1384174025,1,'admin',27,'23','-','Editing resource'),
(1488,1384174029,1,'admin',5,'23','-','Saving resource'),
(1489,1384174031,1,'admin',27,'25','-','Editing resource'),
(1490,1384174035,1,'admin',5,'25','-','Saving resource'),
(1491,1384174036,1,'admin',3,'25','SEO','Viewing data for resource'),
(1492,1384174048,1,'admin',27,'5','-','Editing resource'),
(1493,1384174058,1,'admin',3,'25','SEO','Viewing data for resource'),
(1494,1384174064,1,'admin',27,'23','-','Editing resource'),
(1495,1384174067,1,'admin',5,'23','-','Saving resource'),
(1496,1384174068,1,'admin',27,'25','-','Editing resource'),
(1497,1384174072,1,'admin',5,'25','-','Saving resource'),
(1498,1384174073,1,'admin',3,'25','SEO','Viewing data for resource'),
(1499,1384174087,1,'admin',76,'-','-','Element management'),
(1500,1384174097,1,'admin',78,'24','right_menu','Editing Chunk (HTML Snippet)'),
(1501,1384174110,1,'admin',79,'24','-','Saving Chunk (HTML Snippet)'),
(1502,1384174110,1,'admin',78,'24','right_menu','Editing Chunk (HTML Snippet)'),
(1503,1384174158,1,'admin',76,'-','-','Element management'),
(1504,1384174165,1,'admin',78,'15','sidebar','Editing Chunk (HTML Snippet)'),
(1505,1384174178,1,'admin',76,'-','-','Element management'),
(1506,1384174181,1,'admin',78,'24','right_menu','Editing Chunk (HTML Snippet)'),
(1507,1384174185,1,'admin',76,'-','-','Element management'),
(1508,1384174191,1,'admin',78,'21','rowTpl','Editing Chunk (HTML Snippet)'),
(1509,1384174378,1,'admin',79,'21','-','Saving Chunk (HTML Snippet)'),
(1510,1384174378,1,'admin',78,'21','rowTpl','Editing Chunk (HTML Snippet)'),
(1511,1384174404,1,'admin',27,'23','-','Editing resource'),
(1512,1384174442,1,'admin',76,'-','-','Element management'),
(1513,1384174453,1,'admin',78,'15','sidebar','Editing Chunk (HTML Snippet)'),
(1514,1384174480,1,'admin',79,'15','-','Saving Chunk (HTML Snippet)'),
(1515,1384174480,1,'admin',76,'-','-','Element management'),
(1516,1384175081,1,'admin',78,'15','sidebar','Editing Chunk (HTML Snippet)'),
(1517,1384175276,1,'admin',79,'15','-','Saving Chunk (HTML Snippet)'),
(1518,1384175276,1,'admin',76,'-','-','Element management'),
(1519,1384175279,1,'admin',77,'-','New Chunk','Creating a new Chunk (HTML Snippet)'),
(1520,1384175583,1,'admin',79,'21','-','Saving Chunk (HTML Snippet)'),
(1521,1384175583,1,'admin',76,'-','-','Element management'),
(1522,1384175590,1,'admin',78,'15','sidebar','Editing Chunk (HTML Snippet)'),
(1523,1384175593,1,'admin',76,'-','-','Element management'),
(1524,1384175595,1,'admin',78,'24','right_menu','Editing Chunk (HTML Snippet)'),
(1525,1384175597,1,'admin',76,'-','-','Element management'),
(1526,1384175605,1,'admin',78,'24','right_menu','Editing Chunk (HTML Snippet)'),
(1527,1384175607,1,'admin',76,'-','-','Element management'),
(1528,1384175611,1,'admin',78,'10','clients','Editing Chunk (HTML Snippet)'),
(1529,1384175665,1,'admin',80,'-','-','Deleting Chunk (HTML Snippet)'),
(1530,1384175665,1,'admin',76,'-','-','Element management'),
(1531,1384175674,1,'admin',78,'15','sidebar','Editing Chunk (HTML Snippet)'),
(1532,1384175742,1,'admin',79,'15','-','Saving Chunk (HTML Snippet)'),
(1533,1384175743,1,'admin',76,'-','-','Element management'),
(1534,1384175745,1,'admin',77,'-','New Chunk','Creating a new Chunk (HTML Snippet)'),
(1535,1384175814,1,'admin',79,'10','-','Saving Chunk (HTML Snippet)'),
(1536,1384175814,1,'admin',76,'-','-','Element management'),
(1537,1384175824,1,'admin',78,'16','blog_list','Editing Chunk (HTML Snippet)'),
(1538,1384175936,1,'admin',76,'-','-','Element management'),
(1539,1384175938,1,'admin',78,'3','head','Editing Chunk (HTML Snippet)'),
(1540,1384176054,1,'admin',79,'-','-','Saving Chunk (HTML Snippet)'),
(1541,1384176055,1,'admin',78,'25','last_article','Editing Chunk (HTML Snippet)'),
(1542,1384176074,1,'admin',76,'-','-','Element management'),
(1543,1384176078,1,'admin',78,'15','sidebar','Editing Chunk (HTML Snippet)'),
(1544,1384176152,1,'admin',79,'15','-','Saving Chunk (HTML Snippet)'),
(1545,1384176152,1,'admin',78,'15','sidebar','Editing Chunk (HTML Snippet)'),
(1546,1384176367,1,'admin',79,'25','-','Saving Chunk (HTML Snippet)'),
(1547,1384176367,1,'admin',78,'25','last_article','Editing Chunk (HTML Snippet)'),
(1548,1384176399,1,'admin',79,'25','-','Saving Chunk (HTML Snippet)'),
(1549,1384176399,1,'admin',78,'25','last_article','Editing Chunk (HTML Snippet)'),
(1550,1384176590,1,'admin',79,'25','-','Saving Chunk (HTML Snippet)'),
(1551,1384176590,1,'admin',78,'25','last_article','Editing Chunk (HTML Snippet)'),
(1552,1384177031,1,'admin',76,'-','-','Element management'),
(1553,1384177034,1,'admin',102,'10','New snippet','Edit plugin'),
(1554,1384177047,1,'admin',103,'10','-','Saving plugin'),
(1555,1384177047,1,'admin',76,'-','-','Element management'),
(1556,1384177059,1,'admin',27,'26','-','Editing resource'),
(1557,1384177072,1,'admin',5,'26','-','Saving resource'),
(1558,1384177074,1,'admin',3,'26','Для чего нужен robots.txt?','Viewing data for resource'),
(1559,1384179061,1,'admin',76,'-','-','Element management'),
(1560,1384179066,1,'admin',78,'3','head','Editing Chunk (HTML Snippet)'),
(1561,1384179091,1,'admin',79,'3','-','Saving Chunk (HTML Snippet)'),
(1562,1384179091,1,'admin',78,'3','head','Editing Chunk (HTML Snippet)'),
(1563,1384179211,1,'admin',79,'25','-','Saving Chunk (HTML Snippet)'),
(1564,1384179211,1,'admin',78,'25','last_article','Editing Chunk (HTML Snippet)'),
(1565,1384179287,1,'admin',79,'3','-','Saving Chunk (HTML Snippet)'),
(1566,1384179287,1,'admin',78,'3','head','Editing Chunk (HTML Snippet)'),
(1567,1384179443,1,'admin',79,'3','-','Saving Chunk (HTML Snippet)'),
(1568,1384179443,1,'admin',78,'3','head','Editing Chunk (HTML Snippet)'),
(1569,1384179519,1,'admin',79,'3','-','Saving Chunk (HTML Snippet)'),
(1570,1384179519,1,'admin',78,'3','head','Editing Chunk (HTML Snippet)'),
(1571,1384179768,1,'admin',79,'3','-','Saving Chunk (HTML Snippet)'),
(1572,1384179768,1,'admin',78,'3','head','Editing Chunk (HTML Snippet)'),
(1573,1384179854,1,'admin',79,'3','-','Saving Chunk (HTML Snippet)'),
(1574,1384179854,1,'admin',78,'3','head','Editing Chunk (HTML Snippet)'),
(1575,1384179909,1,'admin',79,'3','-','Saving Chunk (HTML Snippet)'),
(1576,1384179910,1,'admin',78,'3','head','Editing Chunk (HTML Snippet)'),
(1577,1384180082,1,'admin',79,'3','-','Saving Chunk (HTML Snippet)'),
(1578,1384180082,1,'admin',78,'3','head','Editing Chunk (HTML Snippet)'),
(1579,1384180178,1,'admin',79,'3','-','Saving Chunk (HTML Snippet)'),
(1580,1384180178,1,'admin',78,'3','head','Editing Chunk (HTML Snippet)'),
(1581,1384180273,1,'admin',79,'25','-','Saving Chunk (HTML Snippet)'),
(1582,1384180274,1,'admin',78,'25','last_article','Editing Chunk (HTML Snippet)'),
(1583,1384180309,1,'admin',79,'25','-','Saving Chunk (HTML Snippet)'),
(1584,1384180309,1,'admin',78,'25','last_article','Editing Chunk (HTML Snippet)'),
(1585,1384180346,1,'admin',79,'25','-','Saving Chunk (HTML Snippet)'),
(1586,1384180346,1,'admin',78,'25','last_article','Editing Chunk (HTML Snippet)'),
(1587,1384180364,1,'admin',79,'25','-','Saving Chunk (HTML Snippet)'),
(1588,1384180364,1,'admin',78,'25','last_article','Editing Chunk (HTML Snippet)'),
(1589,1384181585,1,'admin',79,'25','-','Saving Chunk (HTML Snippet)'),
(1590,1384181586,1,'admin',78,'25','last_article','Editing Chunk (HTML Snippet)'),
(1591,1384181805,1,'admin',79,'3','-','Saving Chunk (HTML Snippet)'),
(1592,1384181806,1,'admin',78,'3','head','Editing Chunk (HTML Snippet)'),
(1593,1384181826,1,'admin',76,'-','-','Element management'),
(1594,1384181832,1,'admin',78,'16','blog_list','Editing Chunk (HTML Snippet)'),
(1595,1384181853,1,'admin',79,'3','-','Saving Chunk (HTML Snippet)'),
(1596,1384181853,1,'admin',78,'3','head','Editing Chunk (HTML Snippet)'),
(1597,1384181961,1,'admin',79,'3','-','Saving Chunk (HTML Snippet)'),
(1598,1384181961,1,'admin',78,'3','head','Editing Chunk (HTML Snippet)'),
(1599,1384182001,1,'admin',79,'3','-','Saving Chunk (HTML Snippet)'),
(1600,1384182001,1,'admin',78,'3','head','Editing Chunk (HTML Snippet)'),
(1601,1384182117,1,'admin',78,'16','blog_list','Editing Chunk (HTML Snippet)'),
(1602,1384182119,1,'admin',78,'3','head','Editing Chunk (HTML Snippet)'),
(1603,1384182153,1,'admin',79,'3','-','Saving Chunk (HTML Snippet)'),
(1604,1384182153,1,'admin',78,'3','head','Editing Chunk (HTML Snippet)'),
(1605,1384182201,1,'admin',79,'3','-','Saving Chunk (HTML Snippet)'),
(1606,1384182201,1,'admin',78,'3','head','Editing Chunk (HTML Snippet)'),
(1607,1384182254,1,'admin',79,'3','-','Saving Chunk (HTML Snippet)'),
(1608,1384182254,1,'admin',78,'3','head','Editing Chunk (HTML Snippet)'),
(1609,1384182331,1,'admin',79,'3','-','Saving Chunk (HTML Snippet)'),
(1610,1384182331,1,'admin',78,'3','head','Editing Chunk (HTML Snippet)'),
(1611,1384182346,1,'admin',79,'3','-','Saving Chunk (HTML Snippet)'),
(1612,1384182346,1,'admin',78,'3','head','Editing Chunk (HTML Snippet)'),
(1613,1384182366,1,'admin',79,'3','-','Saving Chunk (HTML Snippet)'),
(1614,1384182366,1,'admin',78,'3','head','Editing Chunk (HTML Snippet)'),
(1615,1384182404,1,'admin',79,'3','-','Saving Chunk (HTML Snippet)'),
(1616,1384182404,1,'admin',78,'3','head','Editing Chunk (HTML Snippet)'),
(1617,1384182431,1,'admin',79,'3','-','Saving Chunk (HTML Snippet)'),
(1618,1384182431,1,'admin',78,'3','head','Editing Chunk (HTML Snippet)'),
(1619,1384182822,1,'admin',79,'3','-','Saving Chunk (HTML Snippet)'),
(1620,1384182822,1,'admin',78,'3','head','Editing Chunk (HTML Snippet)'),
(1621,1384182947,1,'admin',76,'-','-','Element management'),
(1622,1384182954,1,'admin',78,'25','last_article','Editing Chunk (HTML Snippet)'),
(1623,1384182987,1,'admin',79,'25','-','Saving Chunk (HTML Snippet)'),
(1624,1384182987,1,'admin',78,'25','last_article','Editing Chunk (HTML Snippet)'),
(1625,1384183005,1,'admin',79,'25','-','Saving Chunk (HTML Snippet)'),
(1626,1384183005,1,'admin',78,'25','last_article','Editing Chunk (HTML Snippet)'),
(1627,1384183870,1,'admin',76,'-','-','Element management'),
(1628,1384183883,1,'admin',78,'15','sidebar','Editing Chunk (HTML Snippet)'),
(1629,1384183942,1,'admin',79,'15','-','Saving Chunk (HTML Snippet)'),
(1630,1384183942,1,'admin',78,'15','sidebar','Editing Chunk (HTML Snippet)'),
(1631,1384184026,1,'admin',79,'25','-','Saving Chunk (HTML Snippet)'),
(1632,1384184026,1,'admin',78,'25','last_article','Editing Chunk (HTML Snippet)'),
(1633,1384184043,1,'admin',79,'15','-','Saving Chunk (HTML Snippet)'),
(1634,1384184043,1,'admin',78,'15','sidebar','Editing Chunk (HTML Snippet)'),
(1635,1384184046,1,'admin',76,'-','-','Element management'),
(1636,1384184050,1,'admin',78,'3','head','Editing Chunk (HTML Snippet)'),
(1637,1384184056,1,'admin',79,'3','-','Saving Chunk (HTML Snippet)'),
(1638,1384184056,1,'admin',78,'3','head','Editing Chunk (HTML Snippet)'),
(1639,1384184213,1,'admin',79,'25','-','Saving Chunk (HTML Snippet)'),
(1640,1384184213,1,'admin',78,'25','last_article','Editing Chunk (HTML Snippet)'),
(1641,1384184438,1,'admin',79,'25','-','Saving Chunk (HTML Snippet)'),
(1642,1384184438,1,'admin',78,'25','last_article','Editing Chunk (HTML Snippet)'),
(1643,1384184463,1,'admin',79,'25','-','Saving Chunk (HTML Snippet)'),
(1644,1384184464,1,'admin',78,'25','last_article','Editing Chunk (HTML Snippet)'),
(1645,1384184500,1,'admin',79,'15','-','Saving Chunk (HTML Snippet)'),
(1646,1384184500,1,'admin',78,'15','sidebar','Editing Chunk (HTML Snippet)'),
(1647,1384184575,1,'admin',26,'-','-','Refreshing site'),
(1648,1384198701,1,'admin',76,'-','-','Element management'),
(1649,1384198736,1,'admin',23,'-','New snippet','Creating a new Snippet'),
(1650,1384198750,1,'admin',24,'-','-','Saving Snippet'),
(1651,1384198750,1,'admin',76,'-','-','Element management'),
(1652,1384201183,1,'admin',76,'-','-','Element management'),
(1653,1384201185,1,'admin',76,'-','-','Element management'),
(1654,1384201188,1,'admin',22,'21','New snippet','Editing Snippet'),
(1655,1384201223,1,'admin',24,'21','-','Saving Snippet'),
(1656,1384201223,1,'admin',76,'-','-','Element management'),
(1657,1384201334,1,'admin',78,'25','last_article','Editing Chunk (HTML Snippet)'),
(1658,1384201381,1,'admin',79,'25','-','Saving Chunk (HTML Snippet)'),
(1659,1384201381,1,'admin',78,'25','last_article','Editing Chunk (HTML Snippet)'),
(1660,1384201415,1,'admin',79,'25','-','Saving Chunk (HTML Snippet)'),
(1661,1384201415,1,'admin',78,'25','last_article','Editing Chunk (HTML Snippet)'),
(1662,1384201439,1,'admin',79,'25','-','Saving Chunk (HTML Snippet)'),
(1663,1384201439,1,'admin',78,'25','last_article','Editing Chunk (HTML Snippet)'),
(1664,1384201459,1,'admin',79,'25','-','Saving Chunk (HTML Snippet)'),
(1665,1384201459,1,'admin',78,'25','last_article','Editing Chunk (HTML Snippet)'),
(1666,1384201545,1,'admin',79,'25','-','Saving Chunk (HTML Snippet)'),
(1667,1384201545,1,'admin',78,'25','last_article','Editing Chunk (HTML Snippet)'),
(1668,1384201567,1,'admin',79,'25','-','Saving Chunk (HTML Snippet)'),
(1669,1384201567,1,'admin',78,'25','last_article','Editing Chunk (HTML Snippet)'),
(1670,1384202827,1,'admin',76,'-','-','Element management'),
(1671,1384202849,1,'admin',16,'14','Услуга (SEO)','Editing template'),
(1672,1384202854,1,'admin',96,'14','-','Duplicate Template'),
(1673,1384202854,1,'admin',16,'16','Duplicate of Услуга (SEO)','Editing template'),
(1674,1384202885,1,'admin',20,'16','-','Saving template'),
(1675,1384202885,1,'admin',76,'-','-','Element management'),
(1676,1384202891,1,'admin',16,'15','Клиент','Editing template'),
(1677,1384202903,1,'admin',20,'15','-','Saving template'),
(1678,1384202903,1,'admin',76,'-','-','Element management'),
(1679,1384202929,1,'admin',16,'16','Клиенты','Editing template'),
(1680,1384202961,1,'admin',76,'-','-','Element management'),
(1681,1384203001,1,'admin',78,'10','clients','Editing Chunk (HTML Snippet)'),
(1682,1384203133,1,'admin',20,'16','-','Saving template'),
(1683,1384203133,1,'admin',76,'-','-','Element management'),
(1684,1384203137,1,'admin',78,'23','clientTpl','Editing Chunk (HTML Snippet)'),
(1685,1384203141,1,'admin',97,'23','-','Duplicate Chunk (HTML Snippet)'),
(1686,1384203141,1,'admin',78,'26','Duplicate of clientTpl','Editing Chunk (HTML Snippet)'),
(1687,1384203163,1,'admin',79,'26','-','Saving Chunk (HTML Snippet)'),
(1688,1384203163,1,'admin',76,'-','-','Element management'),
(1689,1384203167,1,'admin',78,'26','clientTpl_inpage','Editing Chunk (HTML Snippet)'),
(1690,1384203173,1,'admin',27,'4','-','Editing resource'),
(1691,1384203179,1,'admin',27,'4','-','Editing resource'),
(1692,1384203180,1,'admin',5,'4','-','Saving resource'),
(1693,1384203181,1,'admin',3,'4','Клиенты','Viewing data for resource'),
(1694,1384203192,1,'admin',76,'-','-','Element management'),
(1695,1384203253,1,'admin',27,'4','-','Editing resource'),
(1696,1384203261,1,'admin',5,'4','-','Saving resource'),
(1697,1384203262,1,'admin',3,'4','Клиенты','Viewing data for resource'),
(1698,1384203340,1,'admin',76,'-','-','Element management'),
(1699,1384203348,1,'admin',16,'16','Клиенты','Editing template'),
(1700,1384203370,1,'admin',20,'16','-','Saving template'),
(1701,1384203370,1,'admin',76,'-','-','Element management'),
(1702,1384203543,1,'admin',76,'-','-','Element management'),
(1703,1384203556,1,'admin',78,'6','popup_forms','Editing Chunk (HTML Snippet)'),
(1704,1384203566,1,'admin',76,'-','-','Element management'),
(1705,1384203573,1,'admin',78,'26','clientTpl_inpage','Editing Chunk (HTML Snippet)'),
(1706,1384203633,1,'admin',78,'5','top_line','Editing Chunk (HTML Snippet)'),
(1707,1384203941,1,'admin',76,'-','-','Element management'),
(1708,1384204078,1,'admin',79,'26','-','Saving Chunk (HTML Snippet)'),
(1709,1384204078,1,'admin',76,'-','-','Element management'),
(1710,1384204104,1,'admin',78,'5','top_line','Editing Chunk (HTML Snippet)'),
(1711,1384204115,1,'admin',78,'23','clientTpl','Editing Chunk (HTML Snippet)'),
(1712,1384204116,1,'admin',76,'-','-','Element management'),
(1713,1384204122,1,'admin',78,'26','clientTpl_inpage','Editing Chunk (HTML Snippet)'),
(1714,1384204132,1,'admin',79,'26','-','Saving Chunk (HTML Snippet)'),
(1715,1384204132,1,'admin',78,'26','clientTpl_inpage','Editing Chunk (HTML Snippet)'),
(1716,1384204291,1,'admin',27,'54','-','Editing resource'),
(1717,1384204296,1,'admin',5,'54','-','Saving resource'),
(1718,1384204297,1,'admin',3,'54','Skoda','Viewing data for resource'),
(1719,1384204326,1,'admin',76,'-','-','Element management'),
(1720,1384204333,1,'admin',76,'-','-','Element management'),
(1721,1384204336,1,'admin',78,'26','clientTpl_inpage','Editing Chunk (HTML Snippet)'),
(1722,1384204354,1,'admin',79,'26','-','Saving Chunk (HTML Snippet)'),
(1723,1384204355,1,'admin',76,'-','-','Element management'),
(1724,1384204532,1,'admin',76,'-','-','Element management'),
(1725,1384204537,1,'admin',78,'26','clientTpl_inpage','Editing Chunk (HTML Snippet)'),
(1726,1384204543,1,'admin',79,'26','-','Saving Chunk (HTML Snippet)'),
(1727,1384204543,1,'admin',76,'-','-','Element management'),
(1728,1384204789,1,'admin',78,'26','clientTpl_inpage','Editing Chunk (HTML Snippet)'),
(1729,1384204802,1,'admin',79,'26','-','Saving Chunk (HTML Snippet)'),
(1730,1384204802,1,'admin',76,'-','-','Element management'),
(1731,1384205214,1,'admin',78,'23','clientTpl','Editing Chunk (HTML Snippet)'),
(1732,1384205216,1,'admin',76,'-','-','Element management'),
(1733,1384205217,1,'admin',78,'26','clientTpl_inpage','Editing Chunk (HTML Snippet)'),
(1734,1384205241,1,'admin',79,'26','-','Saving Chunk (HTML Snippet)'),
(1735,1384205241,1,'admin',76,'-','-','Element management'),
(1736,1384205555,1,'admin',27,'55','-','Editing resource'),
(1737,1384205568,1,'admin',5,'55','-','Saving resource'),
(1738,1384205569,1,'admin',3,'55','Volkswagen','Viewing data for resource'),
(1739,1384205604,1,'admin',27,'53','-','Editing resource'),
(1740,1384205607,1,'admin',5,'53','-','Saving resource'),
(1741,1384205609,1,'admin',3,'53','Pegeot','Viewing data for resource'),
(1742,1384205732,1,'admin',76,'-','-','Element management'),
(1743,1384205739,1,'admin',78,'26','clientTpl_inpage','Editing Chunk (HTML Snippet)'),
(1744,1384205741,1,'admin',76,'-','-','Element management'),
(1745,1384205746,1,'admin',16,'16','Клиенты','Editing template'),
(1746,1384205767,1,'admin',20,'16','-','Saving template'),
(1747,1384205767,1,'admin',76,'-','-','Element management'),
(1748,1384206103,1,'admin',112,'1','Doc Manager','Execute module'),
(1749,1384206128,1,'admin',112,'1','Doc Manager','Менеджер ресурсов: шаблоны изменены.'),
(1750,1384206128,1,'admin',112,'1','Doc Manager','Execute module'),
(1751,1384206133,1,'admin',112,'1','Doc Manager','Execute module'),
(1752,1384206140,1,'admin',76,'-','-','Element management'),
(1753,1384206146,1,'admin',16,'14','Услуга (SEO)','Editing template'),
(1754,1384206150,1,'admin',96,'14','-','Duplicate Template'),
(1755,1384206150,1,'admin',16,'17','Duplicate of Услуга (SEO)','Editing template'),
(1756,1384206192,1,'admin',20,'17','-','Saving template'),
(1757,1384206192,1,'admin',76,'-','-','Element management'),
(1758,1384206195,1,'admin',16,'14','Услуга (SEO)','Editing template'),
(1759,1384206198,1,'admin',96,'14','-','Duplicate Template'),
(1760,1384206198,1,'admin',16,'18','Duplicate of Услуга (SEO)','Editing template'),
(1761,1384206265,1,'admin',20,'18','-','Saving template'),
(1762,1384206265,1,'admin',76,'-','-','Element management'),
(1763,1384206276,1,'admin',16,'18','Duplicate of Услуга (SEO)','Editing template'),
(1764,1384206286,1,'admin',20,'18','-','Saving template'),
(1765,1384206286,1,'admin',76,'-','-','Element management'),
(1766,1384206292,1,'admin',112,'1','Doc Manager','Execute module'),
(1767,1384206309,1,'admin',112,'1','Doc Manager','Менеджер ресурсов: шаблоны изменены.'),
(1768,1384206309,1,'admin',112,'1','Doc Manager','Execute module'),
(1769,1384206311,1,'admin',112,'1','Doc Manager','Execute module'),
(1770,1384206332,1,'admin',112,'1','Doc Manager','Менеджер ресурсов: шаблоны изменены.'),
(1771,1384206332,1,'admin',112,'1','Doc Manager','Execute module'),
(1772,1384206392,1,'admin',76,'-','-','Element management'),
(1773,1384206395,1,'admin',78,'10','clients','Editing Chunk (HTML Snippet)'),
(1774,1384206421,1,'admin',79,'10','-','Saving Chunk (HTML Snippet)'),
(1775,1384206421,1,'admin',76,'-','-','Element management'),
(1776,1384206451,1,'admin',78,'10','clients','Editing Chunk (HTML Snippet)'),
(1777,1384206537,1,'admin',79,'10','-','Saving Chunk (HTML Snippet)'),
(1778,1384206537,1,'admin',78,'10','clients','Editing Chunk (HTML Snippet)'),
(1779,1384206617,1,'admin',79,'10','-','Saving Chunk (HTML Snippet)'),
(1780,1384206617,1,'admin',78,'10','clients','Editing Chunk (HTML Snippet)'),
(1781,1384206803,1,'admin',76,'-','-','Element management'),
(1782,1384206805,1,'admin',78,'26','clientTpl_inpage','Editing Chunk (HTML Snippet)'),
(1783,1384206807,1,'admin',76,'-','-','Element management'),
(1784,1384206812,1,'admin',16,'16','Клиенты','Editing template'),
(1785,1384206824,1,'admin',20,'16','-','Saving template'),
(1786,1384206824,1,'admin',76,'-','-','Element management'),
(1787,1384237094,1,'admin',58,'-','MODx','Logged in'),
(1788,1384237099,1,'admin',76,'-','-','Element management'),
(1789,1384237105,1,'admin',16,'12','Раздел \"Услуги\"','Editing template'),
(1790,1384237112,1,'admin',76,'-','-','Element management'),
(1791,1384237124,1,'admin',78,'20','order_services','Editing Chunk (HTML Snippet)'),
(1792,1384237125,1,'admin',76,'-','-','Element management'),
(1793,1384237126,1,'admin',78,'19','services_list','Editing Chunk (HTML Snippet)'),
(1794,1384237135,1,'admin',76,'-','-','Element management'),
(1795,1384237784,1,'admin',76,'-','-','Element management'),
(1796,1384238842,1,'admin',300,'-','New Template Variable','Create Template Variable'),
(1797,1384239174,1,'admin',302,'-','-','Save Template Variable'),
(1798,1384239174,1,'admin',76,'-','-','Element management'),
(1799,1384239178,1,'admin',301,'13','Контакт','Edit Template Variable'),
(1800,1384239184,1,'admin',302,'13','-','Save Template Variable'),
(1801,1384239184,1,'admin',76,'-','-','Element management'),
(1802,1384239189,1,'admin',27,'6','-','Editing resource'),
(1803,1384239277,1,'admin',27,'6','-','Editing resource'),
(1804,1384239525,1,'admin',27,'6','-','Editing resource'),
(1805,1384239543,1,'admin',76,'-','-','Element management'),
(1806,1384239557,1,'admin',301,'13','Контакт','Edit Template Variable'),
(1807,1384239672,1,'admin',27,'6','-','Editing resource'),
(1808,1384239766,1,'admin',27,'6','-','Editing resource'),
(1809,1384239799,1,'admin',76,'-','-','Element management'),
(1810,1384239802,1,'admin',23,'-','New snippet','Creating a new Snippet'),
(1811,1384239821,1,'admin',24,'-','-','Saving Snippet'),
(1812,1384239821,1,'admin',76,'-','-','Element management'),
(1813,1384239942,1,'admin',16,'8','Контакты','Editing template'),
(1814,1384239970,1,'admin',20,'8','-','Saving template'),
(1815,1384239970,1,'admin',16,'8','Контакты','Editing template'),
(1816,1384239985,1,'admin',5,'6','-','Saving resource'),
(1817,1384239986,1,'admin',27,'6','-','Editing resource'),
(1818,1384240157,1,'admin',20,'8','-','Saving template'),
(1819,1384240157,1,'admin',16,'8','Контакты','Editing template'),
(1820,1384240286,1,'admin',76,'-','-','Element management'),
(1821,1384240289,1,'admin',300,'-','New Template Variable','Create Template Variable'),
(1822,1384240546,1,'admin',302,'-','-','Save Template Variable'),
(1823,1384240546,1,'admin',301,'14','11111','Edit Template Variable'),
(1824,1384240565,1,'admin',20,'8','-','Saving template'),
(1825,1384240565,1,'admin',16,'8','Контакты','Editing template'),
(1826,1384240567,1,'admin',27,'6','-','Editing resource'),
(1827,1384240592,1,'admin',302,'14','-','Save Template Variable'),
(1828,1384240592,1,'admin',301,'14','11111','Edit Template Variable'),
(1829,1384240595,1,'admin',27,'6','-','Editing resource'),
(1830,1384240617,1,'admin',302,'14','-','Save Template Variable'),
(1831,1384240617,1,'admin',301,'14','11111','Edit Template Variable'),
(1832,1384240620,1,'admin',27,'6','-','Editing resource'),
(1833,1384240741,1,'admin',27,'6','-','Editing resource'),
(1834,1384240751,1,'admin',302,'14','-','Save Template Variable'),
(1835,1384240751,1,'admin',301,'14','11111','Edit Template Variable'),
(1836,1384240753,1,'admin',27,'6','-','Editing resource'),
(1837,1384240763,1,'admin',303,'14','-','Delete Template Variable'),
(1838,1384240763,1,'admin',76,'-','-','Element management'),
(1839,1384240858,1,'admin',27,'6','-','Editing resource'),
(1840,1384240870,1,'admin',5,'6','-','Saving resource'),
(1841,1384240870,1,'admin',27,'6','-','Editing resource'),
(1842,1384241120,1,'admin',20,'8','-','Saving template'),
(1843,1384241120,1,'admin',16,'8','Контакты','Editing template'),
(1844,1384241250,1,'admin',5,'6','-','Saving resource'),
(1845,1384241250,1,'admin',27,'6','-','Editing resource'),
(1846,1384241308,1,'admin',16,'14','Услуга (SEO)','Editing template'),
(1847,1384242651,1,'admin',20,'8','-','Saving template'),
(1848,1384242651,1,'admin',16,'8','Контакты','Editing template'),
(1849,1384243110,1,'admin',5,'6','-','Saving resource'),
(1850,1384243110,1,'admin',27,'6','-','Editing resource'),
(1851,1384243265,1,'admin',20,'8','-','Saving template'),
(1852,1384243265,1,'admin',16,'8','Контакты','Editing template'),
(1853,1384243409,1,'admin',5,'6','-','Saving resource'),
(1854,1384243409,1,'admin',27,'6','-','Editing resource'),
(1855,1384243944,1,'admin',5,'6','-','Saving resource'),
(1856,1384243944,1,'admin',27,'6','-','Editing resource'),
(1857,1384244931,1,'admin',27,'22','-','Editing resource'),
(1858,1384244935,1,'admin',5,'22','-','Saving resource'),
(1859,1384244937,1,'admin',3,'22','8 советов по регистрации и выбору домена для сайта','Viewing data for resource'),
(1860,1384247876,1,'admin',76,'-','-','Element management'),
(1861,1384247885,1,'admin',16,'12','Раздел \"Услуги\"','Editing template'),
(1862,1384247894,1,'admin',76,'-','-','Element management'),
(1863,1384247903,1,'admin',16,'13','Категория вида услуг','Editing template'),
(1864,1384247949,1,'admin',20,'13','-','Saving template'),
(1865,1384247949,1,'admin',16,'13','Категория вида услуг','Editing template'),
(1866,1384252960,1,'admin',76,'-','-','Element management'),
(1867,1384252964,1,'admin',78,'9','hwork','Editing Chunk (HTML Snippet)'),
(1868,1384252986,1,'admin',76,'-','-','Element management'),
(1869,1384252992,1,'admin',78,'5','top_line','Editing Chunk (HTML Snippet)'),
(1870,1384253032,1,'admin',79,'9','-','Saving Chunk (HTML Snippet)'),
(1871,1384253033,1,'admin',76,'-','-','Element management'),
(1872,1384253059,1,'admin',78,'9','hwork','Editing Chunk (HTML Snippet)'),
(1873,1384253159,1,'admin',79,'9','-','Saving Chunk (HTML Snippet)'),
(1874,1384253159,1,'admin',78,'9','hwork','Editing Chunk (HTML Snippet)'),
(1875,1384266591,1,'admin',76,'-','-','Element management'),
(1876,1384285714,1,'admin',58,'-','MODx','Logged in'),
(1877,1384285729,1,'admin',76,'-','-','Element management'),
(1878,1384285783,1,'admin',77,'-','New Chunk','Creating a new Chunk (HTML Snippet)'),
(1879,1384285843,1,'admin',76,'-','-','Element management'),
(1880,1384285847,1,'admin',78,'6','popup_forms','Editing Chunk (HTML Snippet)'),
(1881,1384286769,1,'admin',79,'-','-','Saving Chunk (HTML Snippet)'),
(1882,1384286769,1,'admin',76,'-','-','Element management'),
(1883,1384286776,1,'admin',77,'-','New Chunk','Creating a new Chunk (HTML Snippet)'),
(1884,1384286795,1,'admin',76,'-','-','Element management'),
(1885,1384286805,1,'admin',78,'27','HowSeoTpl','Editing Chunk (HTML Snippet)'),
(1886,1384286893,1,'admin',79,'-','-','Saving Chunk (HTML Snippet)'),
(1887,1384286893,1,'admin',76,'-','-','Element management'),
(1888,1384338887,1,'admin',76,'-','-','Element management'),
(1889,1384338894,1,'admin',78,'6','popup_forms','Editing Chunk (HTML Snippet)'),
(1890,1384416300,1,'admin',76,'-','-','Element management'),
(1891,1384426307,1,'admin',77,'-','New Chunk','Creating a new Chunk (HTML Snippet)'),
(1892,1384426352,1,'admin',79,'-','-','Saving Chunk (HTML Snippet)'),
(1893,1384426352,1,'admin',76,'-','-','Element management'),
(1894,1384426370,1,'admin',78,'29','form','Editing Chunk (HTML Snippet)'),
(1895,1384426401,1,'admin',76,'-','-','Element management'),
(1896,1384426449,1,'admin',79,'29','-','Saving Chunk (HTML Snippet)'),
(1897,1384426449,1,'admin',76,'-','-','Element management'),
(1898,1384426452,1,'admin',78,'27','HowSeoTpl','Editing Chunk (HTML Snippet)'),
(1899,1384426514,1,'admin',76,'-','-','Element management'),
(1900,1384426536,1,'admin',78,'6','popup_forms','Editing Chunk (HTML Snippet)'),
(1901,1384426568,1,'admin',79,'6','-','Saving Chunk (HTML Snippet)'),
(1902,1384426568,1,'admin',78,'6','popup_forms','Editing Chunk (HTML Snippet)'),
(1903,1384427011,1,'admin',17,'-','-','Editing settings'),
(1904,1384427081,1,'admin',30,'-','-','Saving settings'),
(1905,1384427231,1,'admin',76,'-','-','Element management'),
(1906,1384427238,1,'admin',78,'29','form','Editing Chunk (HTML Snippet)'),
(1907,1384427239,1,'admin',76,'-','-','Element management'),
(1908,1384427240,1,'admin',78,'29','form','Editing Chunk (HTML Snippet)'),
(1909,1384427260,1,'admin',79,'29','-','Saving Chunk (HTML Snippet)'),
(1910,1384427260,1,'admin',78,'29','form','Editing Chunk (HTML Snippet)'),
(1911,1384427545,1,'admin',79,'29','-','Saving Chunk (HTML Snippet)'),
(1912,1384427546,1,'admin',78,'29','form','Editing Chunk (HTML Snippet)'),
(1913,1384428112,1,'admin',76,'-','-','Element management'),
(1914,1384428154,1,'admin',76,'-','-','Element management'),
(1915,1384428163,1,'admin',77,'-','New Chunk','Creating a new Chunk (HTML Snippet)'),
(1916,1384428175,1,'admin',79,'-','-','Saving Chunk (HTML Snippet)'),
(1917,1384428175,1,'admin',76,'-','-','Element management'),
(1918,1384429207,1,'admin',78,'3','head','Editing Chunk (HTML Snippet)'),
(1919,1384429223,1,'admin',79,'3','-','Saving Chunk (HTML Snippet)'),
(1920,1384429224,1,'admin',78,'3','head','Editing Chunk (HTML Snippet)'),
(1921,1384429988,1,'admin',101,'-','New snippet','Create new plugin'),
(1922,1384430084,1,'admin',103,'-','-','Saving plugin'),
(1923,1384430084,1,'admin',76,'-','-','Element management'),
(1924,1384430088,1,'admin',23,'-','New snippet','Creating a new Snippet'),
(1925,1384430136,1,'admin',24,'-','-','Saving Snippet'),
(1926,1384430136,1,'admin',76,'-','-','Element management'),
(1927,1384430215,1,'admin',78,'9','hwork','Editing Chunk (HTML Snippet)'),
(1928,1384430243,1,'admin',76,'-','-','Element management'),
(1929,1384430253,1,'admin',78,'29','form','Editing Chunk (HTML Snippet)'),
(1930,1384430319,1,'admin',79,'9','-','Saving Chunk (HTML Snippet)'),
(1931,1384430319,1,'admin',78,'9','hwork','Editing Chunk (HTML Snippet)'),
(1932,1384430346,1,'admin',76,'-','-','Element management'),
(1933,1384430349,1,'admin',78,'27','HowSeoTpl','Editing Chunk (HTML Snippet)'),
(1934,1384430361,1,'admin',79,'27','-','Saving Chunk (HTML Snippet)'),
(1935,1384430361,1,'admin',76,'-','-','Element management')	;
#	TC`modx_manager_users`utf8_general_ci	;
CREATE TABLE `modx_manager_users` (
  `id` int(10) NOT NULL AUTO_INCREMENT,
  `username` varchar(100) NOT NULL DEFAULT '',
  `password` varchar(100) NOT NULL DEFAULT '',
  PRIMARY KEY (`id`),
  UNIQUE KEY `username` (`username`)
) ENGINE=MyISAM AUTO_INCREMENT=2 DEFAULT CHARSET=utf8 COMMENT='Contains login information for backend users.'	;
#	TD`modx_manager_users`utf8_general_ci	;
INSERT INTO `modx_manager_users` VALUES 
(1,'admin','uncrypt>d84372e0698707919f7ba66891ff2ea5cff3535a')	;
#	TC`modx_member_groups`utf8_general_ci	;
CREATE TABLE `modx_member_groups` (
  `id` int(10) NOT NULL AUTO_INCREMENT,
  `user_group` int(10) NOT NULL DEFAULT '0',
  `member` int(10) NOT NULL DEFAULT '0',
  PRIMARY KEY (`id`),
  UNIQUE KEY `ix_group_member` (`user_group`,`member`)
) ENGINE=MyISAM DEFAULT CHARSET=utf8 COMMENT='Contains data used for access permissions.'	;
#	TC`modx_membergroup_access`utf8_general_ci	;
CREATE TABLE `modx_membergroup_access` (
  `id` int(10) NOT NULL AUTO_INCREMENT,
  `membergroup` int(10) NOT NULL DEFAULT '0',
  `documentgroup` int(10) NOT NULL DEFAULT '0',
  PRIMARY KEY (`id`)
) ENGINE=MyISAM DEFAULT CHARSET=utf8 COMMENT='Contains data used for access permissions.'	;
#	TC`modx_membergroup_names`utf8_general_ci	;
CREATE TABLE `modx_membergroup_names` (
  `id` int(10) NOT NULL AUTO_INCREMENT,
  `name` varchar(255) NOT NULL DEFAULT '',
  PRIMARY KEY (`id`),
  UNIQUE KEY `name` (`name`)
) ENGINE=MyISAM DEFAULT CHARSET=utf8 COMMENT='Contains data used for access permissions.'	;
#	TC`modx_site_content`utf8_general_ci	;
CREATE TABLE `modx_site_content` (
  `id` int(10) NOT NULL AUTO_INCREMENT,
  `type` varchar(20) NOT NULL DEFAULT 'document',
  `contentType` varchar(50) NOT NULL DEFAULT 'text/html',
  `pagetitle` varchar(255) NOT NULL DEFAULT '',
  `longtitle` varchar(255) NOT NULL DEFAULT '',
  `description` varchar(255) NOT NULL DEFAULT '',
  `alias` varchar(255) DEFAULT '',
  `link_attributes` varchar(255) NOT NULL DEFAULT '' COMMENT 'Link attriubtes',
  `published` int(1) NOT NULL DEFAULT '0',
  `pub_date` int(20) NOT NULL DEFAULT '0',
  `unpub_date` int(20) NOT NULL DEFAULT '0',
  `parent` int(10) NOT NULL DEFAULT '0',
  `isfolder` int(1) NOT NULL DEFAULT '0',
  `introtext` text COMMENT 'Used to provide quick summary of the document',
  `content` mediumtext,
  `richtext` tinyint(1) NOT NULL DEFAULT '1',
  `template` int(10) NOT NULL DEFAULT '0',
  `menuindex` int(10) NOT NULL DEFAULT '0',
  `searchable` int(1) NOT NULL DEFAULT '1',
  `cacheable` int(1) NOT NULL DEFAULT '1',
  `createdby` int(10) NOT NULL DEFAULT '0',
  `createdon` int(20) NOT NULL DEFAULT '0',
  `editedby` int(10) NOT NULL DEFAULT '0',
  `editedon` int(20) NOT NULL DEFAULT '0',
  `deleted` int(1) NOT NULL DEFAULT '0',
  `deletedon` int(20) NOT NULL DEFAULT '0',
  `deletedby` int(10) NOT NULL DEFAULT '0',
  `publishedon` int(20) NOT NULL DEFAULT '0' COMMENT 'Date the document was published',
  `publishedby` int(10) NOT NULL DEFAULT '0' COMMENT 'ID of user who published the document',
  `menutitle` varchar(255) NOT NULL DEFAULT '' COMMENT 'Menu title',
  `donthit` tinyint(1) NOT NULL DEFAULT '0' COMMENT 'Disable page hit count',
  `haskeywords` tinyint(1) NOT NULL DEFAULT '0' COMMENT 'has links to keywords',
  `hasmetatags` tinyint(1) NOT NULL DEFAULT '0' COMMENT 'has links to meta tags',
  `privateweb` tinyint(1) NOT NULL DEFAULT '0' COMMENT 'Private web document',
  `privatemgr` tinyint(1) NOT NULL DEFAULT '0' COMMENT 'Private manager document',
  `content_dispo` tinyint(1) NOT NULL DEFAULT '0' COMMENT '0-inline, 1-attachment',
  `hidemenu` tinyint(1) NOT NULL DEFAULT '0' COMMENT 'Hide document from menu',
  `alias_visible` int(2) NOT NULL DEFAULT '1',
  PRIMARY KEY (`id`),
  KEY `id` (`id`),
  KEY `parent` (`parent`),
  KEY `aliasidx` (`alias`),
  KEY `typeidx` (`type`),
  FULLTEXT KEY `content_ft_idx` (`pagetitle`,`description`,`content`)
) ENGINE=MyISAM AUTO_INCREMENT=56 DEFAULT CHARSET=utf8 COMMENT='Contains the site document tree.'	;
#	TD`modx_site_content`utf8_general_ci	;
INSERT INTO `modx_site_content` VALUES 
(1,'document','text/html','Главная','Главная страница','','index','',1,0,0,0,0,'','',1,5,0,1,1,1,1130304721,1,1383553107,0,0,0,1130304721,1,'',0,0,0,0,0,0,0,1),
(2,'document','text/html','О нас','','','o-nas','',1,0,0,0,1,'','<p><span style=\"font-size: 120%;\">Компания ООО \"Электронаая реклама\"</span></p>\r\n<p><img src=\"http://top3seo.ru/assets/images/Picture.jpg\" width=\"250\" height=\"250\" style=\"float: left; margin-left: 5px; margin-right: 5px;\" />Равным образом рамки и место обучения кадров влечет за собой процесс внедрения и модернизации системы обучения кадров, соответствует насущным потребностям. Повседневная практика показывает, что сложившаяся структура организации способствует подготовки и реализации новых предложений. Не следует, однако забывать, что постоянный количественный рост и сфера нашей активности требуют от нас анализа направлений развития.&nbsp;</p>\r\n<p>Задача организации, в особенности же консультация с широким актом в значительной степени обуславливает создание форм развития.</p>\r\n<p>Повседневная практика показывает, что сложившаяся структура организации обеспечивает широкому кругу (специалистов) участие в формировании направлений прогрессивного развития. Повседневная практика показывает, что реализация намеченных плановых заданий обеспечивает широкому кругу (специалистов) участие в формировании соответствующий условий активизации.&nbsp;</p>',1,6,1,1,1,1,1383553826,1,1383558996,0,0,0,1383553826,1,'',0,0,0,0,0,0,0,1),
(3,'document','text/html','Услуги','','','uslugi','',1,0,0,0,1,'','<p>Компания ООО \"Электронная реклама\" обеспечивает успешное продвижение сайтов в сети Интернет путем комбинирования контекстной рекламы и поисковой оптимизации. Каждый из методов раскрутки сайтов позволяет направить на сайт клиента именно тех целевых пользователей, которые уже готовы приобрести товар или заказать услугу:</p>',1,12,2,1,1,1,1383554133,1,1383747961,0,0,0,1383554133,1,'',0,0,0,0,0,0,0,1),
(4,'document','text/html','Клиенты','','','klientyi','',1,0,0,0,1,'','<p>Наши клиенты &ndash; это успешные люди и динамически развивающиеся компании! Ими уже стали такие крупные компании Краснодара, как автомобильные холдинги ЮГ-Авто и Ключ-Авто. Воплощена в жизнь масса других проектов посвящённых различным сферам бизнеса: производство профиля пвх, продажа отопительного оборудования, производство сухих завтраков и даже пластическая хирургия.</p>',1,16,3,1,1,1,1383554146,1,1384203261,0,0,0,1383554146,1,'',0,0,0,0,0,0,0,1),
(5,'document','text/html','Блог','','','blog','',1,0,0,0,1,'','',1,10,4,1,1,1,1383554161,1,1383661070,0,0,0,1383554161,1,'',0,0,0,0,0,0,0,1),
(6,'document','text/html','Контакты','','','contacts','',1,0,0,0,0,'','<p>Офисы компании ООО \"Электронаая реклама\" расположены в Минске и Краснодаре в центральных районах города, вблизи метро. Удобные подъездные пути, большая бесплатная стоянка. Красивый и современный офис, лучшее обслуживание, полный клиентский сервис. Даже ваше ожидание будет приятным.</p>\r\n<p>Наш адресс:</p>\r\n<p><span itemprop=\"streetAddress\"> ул. Новороссийская, д. 172, оф. 17 </span></p>\r\n<p><span itemprop=\"postalCode\"> 350059</span></p>',1,8,5,1,1,1,1383554168,1,1384243944,0,0,0,1383554168,1,'',0,0,0,0,0,0,0,1),
(7,'document','text/html','SEO продвижение','','','seo-prodvizhenie','seo',1,0,0,3,1,'Не следует, однако забывать, что укрепление и развитие структуры в значительной степени \r\nобуславливает создание существенных \r\nфинансовых и административных условий. \r\nЭто разнообразный и богатый опыт','<p>Компания ООО \"Электронная реклама\" обеспечивает успешное продвижение сайтов в сети Интернет путем комбинирования контекстной рекламы и поисковой оптимизации. Каждый из методов раскрутки сайтов позволяет направить на сайт клиента именно тех целевых пользователей, которые уже готовы приобрести товар или заказать услугу. Поисковое продвижение и раскрутка сайта в Яндекс, Google и других поисковиках обеспечивает 25.000.000 переходов в месяц по 300.000 ключевых слов для более чем 1.500 наших клиентов (Москва и регионы). Стоимость ключевого слова от 50 рублей в месяц. Мы обеспечим вас целевыми посетителями с гарантией качества!</p>\r\n<p><img style=\"display: block; margin-left: auto; margin-right: auto;\" src=\"http://top3seo.ru/assets/images/seo.jpg\" height=\"250\" width=\"555\" /></p>\r\n<p>Если вам требуется поисковое продвижение сайта в выдаче для Москвы и других регионов России, то вы обратились по адресу. У экспертов Корпорации РБС есть собственная, опробованная в течение многолетней практики технология эффективного продвижения сайтов в Яндексе и других поисковых системах. Благодаря использованию проверенных эффективных решений раскрутка сайтов в нашей компании позволяет добиваться желаемых результатов в короткие сроки. Что готова предложить своим клиентам Корпорация РБС?</p>',1,13,0,1,1,1,1383554219,1,1384160929,0,0,0,1383554219,1,'',0,0,0,0,0,0,0,0),
(8,'document','text/html','Аудит вашего сайта','','','audit-vashego-sajta','audit',1,0,0,3,1,'Равным образом рамки и место обучения кадров позволяет выполнять важные задания по \r\nразработке модели развития. Значимость этих \r\nпроблем очевидна, дальнейшее развитие \r\nразличных форм деятельности продолжается','',1,13,1,1,1,1,1383554252,1,1384162612,0,0,0,1383554252,1,'',0,0,0,0,0,0,0,1),
(9,'document','text/html','Контекстная реклама','','','kontekstnaya-reklama','kontekst',1,0,0,3,0,'С другой стороны дальнейшее развитие различных форм деятельности играет важную роль в \r\nформировании направлений прогрессивного \r\nразвития. Разнообразный и богатый опыт \r\nпостоянный количественный рост форм развития. ','',1,13,2,1,1,1,1383554277,1,1384162619,0,0,0,1383554277,1,'',0,0,0,0,0,0,0,1),
(10,'document','text/html','Копирайтинг','','','kopirajting','copy',1,0,0,3,1,'Повседневная практика показывает, что \r\nконсультация с широким активом способствует подготовки и реализации соответствующий \r\nусловий активизации. Таким образом рамки и место обучения кадров формируют новые предложения','',1,13,3,1,1,1,1383554287,1,1384162627,0,0,0,1383554287,1,'',0,0,0,0,0,0,0,1),
(11,'document','text/html','Спесиалисты','','','stuff','',1,0,0,2,1,'','<!DOCTYPE html PUBLIC \"-//W3C//DTD XHTML 1.0 Transitional//EN\" \"http://www.w3.org/TR/xhtml1/DTD/xhtml1-transitional.dtd\">\r\n<html>\r\n<head>\r\n</head>\r\n<body>\r\n\r\n</body>\r\n</html>',1,0,0,1,1,1,1383561170,1,1383561170,0,0,0,1383561170,1,'',0,0,0,0,0,0,1,1),
(12,'document','text/html','Вадим Гусятников 1','','','vadim-gusyatnikov-1','',1,0,0,11,0,'','',1,7,0,1,1,1,1383561636,1,1383561816,0,0,0,1383561636,1,'',0,0,0,0,0,0,0,1),
(13,'document','text/html','Вадим Гусятников 2','','','vadim-gusyatnikov-2','',1,0,0,11,0,'','',1,7,1,1,1,1,1383562044,1,1383562044,0,0,0,1383562044,1,'',0,0,0,0,0,0,0,1),
(14,'document','text/html','Вадим Гусятников 3','','','vadim-gusyatnikov-3','',1,0,0,11,0,'','',1,7,2,1,1,1,1383562057,1,1383562057,0,0,0,1383562057,1,'',0,0,0,0,0,0,0,1),
(15,'document','text/html','Вадим Гусятников 4','','','vadim-gusyatnikov-4','',1,0,0,11,0,'','',1,7,3,1,1,1,1383562070,1,1383562070,0,0,0,1383562070,1,'',0,0,0,0,0,0,0,1),
(16,'document','text/html','Вадим Гусятников 11','','','vadim-gusyatnikov-11','',1,0,0,11,0,'','',1,7,4,1,1,1,1383564469,1,1383564469,0,0,0,1383564469,1,'',0,0,0,0,0,0,0,1),
(17,'document','text/html','Вадим Гусятников 22','','','vadim-gusyatnikov-22','',1,0,0,11,0,'','',1,7,5,1,1,1,1383564480,1,1383564480,0,0,0,1383564480,1,'',0,0,0,0,0,0,0,1),
(18,'document','text/html','Вадим Гусятников 33','','','vadim-gusyatnikov-33','',1,0,0,11,0,'','',1,7,6,1,1,1,1383564492,1,1383564492,0,0,0,1383564492,1,'',0,0,0,0,0,0,0,1),
(19,'document','text/html','Вадим Гусятников 44','','','vadim-gusyatnikov-44','',1,0,0,11,0,'','',1,7,7,1,1,1,1383564510,1,1383564510,0,0,0,1383564510,1,'',0,0,0,0,0,0,0,1),
(22,'document','text/html','8 советов по регистрации и выбору домена для сайта','','','8-sovetov-po-registraczii-i-vyiboru-domena-dlya-sajta','',1,0,0,23,0,'Предполагается, что выбирать зону нужно в зависимости от направленности сайта, т.е. если сайт рассчитан на российскую аудиторию, то и домен стоит выбрать национальный (.ru), но никто никого не ограничивает в выборе. Так, если вы выберете национальный домен какой-то страны, то продвигать сайт в других регионах, к которым не относится домен, будет сложнее. Также стоит учитывать, что законы у каждой страны разные и сайт, имеющий адрес в национальной доменной зоне, должен соответствовать законам этой страны в первую очередь.','<p>Предполагается, что выбирать зону нужно в зависимости от направленности сайта, т.е. если сайт рассчитан на российскую аудиторию, то и домен стоит выбрать национальный (.ru), но никто никого не ограничивает в выборе. Так, если вы выберете национальный домен какой-то страны, то продвигать сайт в других регионах, к которым не относится домен, будет сложнее. Также стоит учитывать, что законы у каждой страны разные и сайт, имеющий адрес в национальной доменной зоне, должен соответствовать законам этой страны в первую очередь.</p>\r\n<p><span id=\"more-232\"></span><strong>Международные домены</strong>&nbsp;можно использовать как по их прямому назначению, для сайтов международных организаций, сообществ, так и чего угодно. Здесь опять же нет никаких ограничений и, в большинстве случаев, выбирается доменная зона, название которой подходит по смыслу или наиболее благозвучное.</p>\r\n<p>Лично я обычно использую в основном только международные домены просто потому, что их проще переносить между регистраторами, они не привязаны к конкретной стране с её законами, а, следовательно, их сложнее заблокировать или забрать у владельца, да и мало ли что ещё.</p>\r\n<p>Есть ещё такое понятие как&nbsp;<strong>уровень домена</strong>.&nbsp;<strong>Домены первого уровня</strong>, это корневые домены, т.е. ru, com, by. Их создает ICANN и, хотя теперь и их можно купить, получив одобрение этой самой ICANN, но для простых смертных они не доступны.&nbsp;<strong>Домены второго</strong>&nbsp;это домены вида test.ru, их можно зарегистрировать в большинстве случаев каждому. Исключение &ndash; некоторые национальные домены и домены .eu и .asia.&nbsp;<strong>Домены третьего уровня</strong>&nbsp;в большинстве своём раздаются бесплатно.</p>\r\n<p>Наибольшее внимание нужно уделить именно имени сайта. Стоит выбрать легко запоминающийся короткий адрес, желательно без дефисов, хотя дефис можно использовать, когда это подходит по смыслу или разделяет слова, которые без дефиса не пишутся, или разделение слов необходимо для лучшей читаемости адреса.</p>\r\n<p>Хорошим решением будет в качестве имени выбрать название фирмы, компании, предприятия или вида деятельности. Например, okna.ru, pinskdrev.by.</p>\r\n<p>Я считаю, что использование транслита в домене &nbsp;предпочтительнее, чем перевод этого слова на английский или любой другой язык, если ваш сайт, конечно, не рассчитан на англоговорящую аудиторию. Чуть позже я опубликую более подробную статью, почему и как я пришёл к такому выводу.</p>\r\n<p>Для выбора имени также можно использовать сервисы вроде&nbsp;<noindex><a rel=\"nofollow\" href=\"https://www.reg.ru/domain/new/choose\" target=\"_blank\">этого</a></noindex>. Это позволит подобрать лаконичный адрес, который всё еще свободен.</p>\r\n<p>Подводя итог вышесказанному, выделю 8 советов при выборе и регистрации домена:</p>\r\n<ol>\r\n<li><strong>Краткость &ndash; сестра таланта.</strong>&nbsp;Чем короче адрес, тем проще его запомнить, главное чтобы из-за краткости не страдала читаемость, и не терялся смысл. Желательно не длиннее 9-12 символов.</li>\r\n<li><strong>Однозначное написание.</strong>&nbsp;Домен должен писаться только так как вы это задумали и никак иначе. Причем как в транслите, так и в кириллице, например слово авто можно записать как auto или avto. Поэтому подумайте над этим.</li>\r\n<li><strong>Не используйте дефис без надобности.</strong>&nbsp;Адрес mysite.ru выглядит более привлекательно, чем my-site.ru и, тем более, m-y-s-i-t-e.ru.</li>\r\n<li><strong>Запоминаемость адреса и легкость произношения.</strong>&nbsp;Адрес сайта должен легко читаться и произносится. Например, bobrdobr.ru &ndash; оригинально запоминающееся название, а ldn3xt126.ru запомнить будет тяжело.</li>\r\n<li><strong>Адрес сайта должен отражать его суть.</strong>&nbsp;Сайт с названием mebel.ru не заставит думать пользователя о том, чему посвящён такой сайт.</li>\r\n<li><strong>Не регистрируйте домен у хостинг провайдеров.</strong>&nbsp;И хотя сейчас тот же регистратор reg.ru подался в продажу хостинга он в первую очередь остался регистратором доменов. А вот компаний, которые продают хостинг в первую очередь и могут регистрировать имена стоит избегать. Зачастую они могут зарегистрировать домен на себя, а не на вас, что может усложнить уход от них, если не устроит качестве. Также у многих может элементарно отсутствовать панель управления доменом, а всё управление будет осуществляться путём переписки с техподдержкой, а скорость ответа многих далеко не на высоте.<br />Лично я, обычно,&nbsp;<strong>регистрирую домены</strong>&nbsp;<noindex><a rel=\"nofollow\" title=\"Дешевая регстрация домена\" href=\"http://goo.gl/w5L8q\" target=\"_blank\"><strong>здесь</strong></a></noindex>. Проверенный временем регистратор, да и неплохие цены с постоянными скидками радуют.</li>\r\n<li><strong>Выбирайте домену зону в зависимости от целевой аудитории сайта.</strong>&nbsp;Если вы нацелены на посетителей из Германии, то выбор доменной зоны .de будет правильным решением.</li>\r\n<li><strong>Включайте ключевые слова в адрес сайта.</strong>&nbsp;Если есть возможность, то старайтесь включать ключевые слова в адрес сайта, хуже от этого не будет, а вот для дальнейшего продвижения сайта это будет плюсом.</li>\r\n</ol>',1,11,0,1,1,1,1383660169,1,1384244935,0,0,0,1383660169,1,'',0,0,0,0,0,0,0,1),
(23,'document','text/html','Разное','','','raznoe','',1,0,0,5,1,'','',1,10,1,1,1,1,1383660896,1,1384174067,0,0,0,1383660896,1,'',0,0,0,0,0,0,1,1),
(24,'document','text/html','Дальнейшее развитие MODX Evolution','','','dalnejshee-razvitie-modx-evolution','',1,0,0,23,0,'Думаю, что многие заметили стремительный рывок в развитии CMF MODX Evolution, который она получила в последнее время. Главное это, конечно же, возобновление работы над новыми версиями Evo, которые, казалось бы, уже навсегда были заброшены их создателями. Стоит отметить тот примечательный факт, что основными инициаторами создания новых версий стали специалисты из русскоязычного сообщества MODX — Dmi3yy, Agel_Nash.','<p>Думаю, что многие заметили стремительный рывок в развитии CMF MODX Evolution, который она получила в последнее время. Главное это, конечно же, возобновление работы над новыми версиями Evo, которые, казалось бы, уже навсегда были заброшены их создателями. Стоит отметить тот примечательный факт, что основными инициаторами создания новых версий стали специалисты из русскоязычного сообщества MODX &mdash;&nbsp;<a href=\"http://modx.im/profile/Dmi3yy/\">Dmi3yy,</a>&nbsp;<a href=\"http://modx.im/profile/Agel_Nash/\">Agel_Nash</a>.</p>\r\n<p>Cегодня, наверное, уже многие разработчики заметили появление массы новых интересных решений для ветки MODX Evolution, благодаря которым значительно увеличились и без того немалые возможности системы. Впрочем, сегодня мы не станем рассматривать их все, а остановимся на самом заметном расширении &mdash;&nbsp;<a href=\"http://extras.evolution-cms.com/\">Extras Evolution, репозиторий для MODX Evolution</a>.</p>\r\n<p>Собственно, воплощение данной идеи началось с появления модуля для автоматической установки пакетов, который был представлен в сообществе этим летом. А создание репозитория стало логическим продолжением проекта по автоматизации установки системных расширений. И хотя проект пока еще далек от совершенства, а количество доступных для установки расширений еще невелико, он уже вполне работоспособен и все желающие могут его попробовать вживую (естественно, не забывая сделать предварительный бэкап проектов).</p>\r\n<p>Отдельно хочу остановиться на одной очень полезной &laquo;фишке&raquo;, которая выгодно выделяет данный проект на фоне многих других аналогов, в том числе и репозитория MODX Revolution &mdash;возможность создания на базе уже имеющегося своего собственного репозитория. Это в&nbsp; целом упрощает разработку, помогая автоматизировать процесс установки пакетов. И что самое примечательное &mdash;&nbsp;ваши данные находятся в полной безопасности, так как хранятся они не на сайте Extras Evolution, а там, где вы их разместите (в Dropbox, SkyDrive, Яндекс Диске, собственном сервере или где-либо еще).</p>\r\n<p><strong>Для начала использования Extras Evolution необходимо</strong></p>\r\n<ol>\r\n<li>Пройти регистрацию на&nbsp;<a href=\"http://extras.evolution-cms.com/ru/my-repo/register.html\">http://extras.evolution-cms.com</a>&nbsp;(чтобы получить возможность создать личный репозиторий).</li>\r\n<li><a href=\"http://extras.evolution-cms.com/ru/download.html\">Установить модуль Store</a>&nbsp;на MODX EVO 1.0.5 и выше. Как альтернатива &mdash; установить&nbsp;<a href=\"http://modx.com.ua/download/\">сборку от Dmi3yy</a>, в которой уже присутствует указанный модуль.</li>\r\n</ol>\r\n<p>В целом впечатления от проекта только положительные, его создатели зарекомендовали себя в международном сообществе MODX как хорошие специалисты, поэтому уже в ближайшее время можно ожидать улучшения и расширения существующего функционала. В ближайших планах &ndash; возможность размещения собственных платных расширений, что может стать достаточно привлекательным стимулом для разработчиков создавать новые интересные решения.&nbsp;</p>',1,11,1,1,1,1,1383741515,1,1383741542,0,0,0,1383741515,1,'',0,0,0,0,0,0,0,1),
(25,'document','text/html','SEO','','','seo','',1,0,0,5,1,'','',1,10,1,1,1,1,1383743729,1,1384174072,0,0,0,1383743729,1,'',0,0,0,0,0,0,1,1),
(26,'document','text/html','Для чего нужен robots.txt?','','','dlya-chego-nuzhen-robotstxt','',1,0,0,25,0,'Robots.txt – это файл предназначенный для ограничения доступа поисковым роботам к определённом содержимому сайта. Он должен располагаться в корне сайта, т.е. его адрес должен выглядеть так:http://site.ru/robots.txt Также при помощи данного файла можно указать роботу, где располагается карта сайта, а также указать основной домен для сайта при наличии зеркал.\r\nДля запрета индексации можно использовать специальные META теги. Эти теги, как и обычные META теги указываются в блоке head.','<p><strong>Robots.txt</strong>&nbsp;&ndash; это файл предназначенный для ограничения доступа поисковым роботам к определённом содержимому сайта. Он должен располагаться в корне сайта, т.е. его адрес должен выглядеть так:<em>http://site.ru/robots.txt</em>&nbsp;Также при помощи данного файла можно указать роботу, где располагается карта сайта, а также указать основной домен для сайта при наличии зеркал.<br />Для запрета индексации можно использовать специальные META теги. Эти теги, как и обычные META теги указываются в блоке head.<br /><span id=\"more-40\"></span><code>&lt;head&gt;<br />&lt;title&gt;Заголовок страницы&lt;/title&gt;<br />&lt;META NAME=\"ROBOTS\" CONTENT=\"NOINDEX, NOFOLLOW\"&gt;<br />&lt;/head&gt;</code><br />В данном случае при помощи META тега robots страница запрещена к индексации ровно, как и все ссылки на ней. Таки образом можно составить три возможных варианта использования:</p>\r\n<ol>\r\n<li>&lt;META NAME=\"ROBOTS\" CONTENT=\"NOINDEX, FOLLOW\"&gt;</li>\r\n<li>&lt;META NAME=\"ROBOTS\" CONTENT=\"INDEX, NOFOLLOW\"&gt;</li>\r\n<li>&lt;META NAME=\"ROBOTS\" CONTENT=\"NOINDEX, NOFOLLOW\"&gt;</li>\r\n</ol>\r\n<p>Первый вариант запрещает страницу к индексации, но разрешает индексировать ссылки на ней. Второй вариант запрещает индексацию ссылок на странице, но не запрещает самой странице быть проиндексированной. Третий вариант разобран чуть выше. Можно ещё составить данный META тег в виде:<br /><code>&lt;META NAME=\"ROBOTS\" CONTENT=\"INDEX, FOLLOW\"&gt;</code><br />В таком случае никакого запрета на индексацию не налаживается. Это равносильно отсутствию данного&nbsp;<strong>META</strong>&nbsp;тега, поэтому использовать его не имеет смысла.<br />Стоит заметить, что использование атрибута&nbsp;<strong>NOFOLLOW</strong>&nbsp;на конкретной странице не гарантирует, что ссылки на ней не будут проиндексированы, так как они могут быть найдены на других страницах сайта.<br />Вместо&nbsp;<strong>ROBOTS</strong>&nbsp;можно использовать &laquo;имя&raquo; конкретного поискового бота. Довольно большой список с этими именами можно найти на сайте http://www.robotstxt.org/db.html. К сожалению, он далеко не полный, там, например, нет российских роботов, таких как Яндекс (<em>имя основного робота Yandex</em>).<br />Однако использование файла robots.txt более рационально, если нам нужно запретить большое количество страниц к индексации по какой-то маске. Например, мы не хотим, чтобы файлы административной панели нашей CMS попали в поисковую выдачу. Для этого мы в файле robots.txt пишем следующее:<br /><code>User-agent: *<br />Disallow: /administrator/</code><br />Директива&nbsp;<strong>User-agent</strong>&nbsp;указывает &laquo;имена&raquo; роботов, для которых пишутся дальнейшие директивы. Символ *(звёздочка) указывает, что это на её месте может быть любое значение.<br /><strong>Disallow</strong>&nbsp;&ndash; запрещает страницу или директорию к индексации. Здесь для задания шаблона можно также использовать символ *(звёздочка).<br />Стоит также отметить, что большинство поисковых роботов будут игнорировать общие директивы, если найдут директивы прописанные специально для них. Например, Яндекс будет индексировать страницу&nbsp;<strong>about.html</strong>, но не будет индексировать&nbsp;<strong>contact.html</strong>, в то время как остальные поисковые роботы поступят с точностью до наоборот.<br /><code>User-agent: *<br />Disallow: /about.html<br />User-agent: Yandex<br />Disallow: /contact.html</code><br /><strong>Замечание.</strong>&nbsp;Недопустимо использовать перевод строки между директивами, относящимися к одному User-agent. Каждый отдельный блок User-agent рекомендуется отделять новой строкой.<br />В файле robots.txt допустимо использовать комментарии. Они отделяются символом #(решётка).<br />В начале статьи я говорил о том, что при помощи robots.txt можно задать расположение карты сайта. Для этого необходимо добавить директиву&nbsp;<strong>Sitemap</strong>&nbsp;и полный путь к карте сайта через двоеточие.<br /><code>User-agent: *<br />Sitemap: http://site.ru/sitemap.xml</code><br />Чтобы указать основной домен сайта используется директива&nbsp;<strong>Host</strong>.<br /><code>User-agent: *<br />Host: site.ru</code><br />Использовать её рекомендуется уже после всех директив&nbsp;<strong>Disallow</strong>, т.к. наткнувшись на неверную директиву, робот может просто не учитывать текст далее или просто проигнорировать robots.txt.</p>\r\n<p>Проверить корректность составленного файла можно использую инструменты вебмастера у<noindex><a rel=\"nofollow\" href=\"http://webmaster.yandex.ru/robots.xml\">Яндекса</a></noindex>&nbsp;или у&nbsp;<noindex><a rel=\"nofollow\" href=\"https://www.google.com/webmasters/tools\">Google</a></noindex>.</p>',1,11,0,1,1,1,1383743799,1,1384177072,0,0,0,1383743799,1,'',0,0,0,0,0,0,0,1),
(27,'document','text/html','Продвижение по позициям','','','prodvizhenie-po-pozicziyam','',1,0,0,7,0,'','',1,14,0,1,1,1,1383835116,1,1384163259,0,0,0,1383835116,1,'',0,0,0,0,0,0,0,1),
(28,'document','text/html','Продвижение по трафику','','','prodvizhenie-po-trafiku','',1,0,0,7,0,'','',1,14,1,1,1,1,1383835130,1,1383835130,0,0,0,1383835130,1,'',0,0,0,0,0,0,0,1),
(29,'document','text/html','Продвижение по кликам','','','prodvizhenie-po-klikam','',1,0,0,7,0,'','<p>Продвижение сайта по кликам &mdash; комплекс решений и мер, которые приводят новых клиентов на страницы вашего ресурса. Выбрав этот метод рекламирования себя в интернете, Вы не платите ни копейки за: Вывод проекта на первую страницу поисковых систем Не просто ТОП-10. Все выше и выше. Постоянный рост позиций &mdash; это системное увеличение количества целевой аудитории в вашем виртуальном офисе.</p>\r\n<p><img style=\"display: block; margin-left: auto; margin-right: auto;\" src=\"http://top3seo.ru/assets/images/clic.jpg\" height=\"250\" width=\"555\" /></p>\r\n<p>Первый шаг &mdash; устранение внутренних и внешних факторов, мешающих росту позиций. Второй &mdash; наращивание ссылочной массы для быстрого поднятия вверх. Третий &mdash; анализ действий конкурентов и грамотная поддержка, которая позволяет удерживать занятые позиции и продолжить рост. Создание эффективного семантического ядра. Подберем ключевые слова, которые &laquo;не бьют из пушки по воробьям&raquo;, а работают точечно. Работа по ним &mdash; это привлечение только вашей целевой аудитории, которая готова платить за ваш товар и услуги. Грамотную внутреннюю оптимизацию Ваш сайт будет выделяться среди конкурентов уже на странице поисковой выдачи. Мы сделаем эффективные и привлекающие внимание заголовки и текстовые блоки. А только за посетителей сайта Оплата за переходы позволит вам увеличить эффективность продвижения, ведь затраты будут только тогда, когда на страницы вашего сайта перешел потенциальный клиент. Он ищет то, что вы можете ему дать прямо сейчас. Это ваш покупатель. Так зачем тратить деньги на тех, кто пришел просто посмотреть?</p>',1,14,2,1,1,1,1383835138,1,1384164074,0,0,0,1383835138,1,'',0,0,0,0,0,0,0,1),
(30,'document','text/html','Продвижение по лидам','','','prodvizhenie-po-lidam','',1,0,0,7,0,'','',1,14,3,1,1,1,1383835149,1,1383835149,0,0,0,1383835149,1,'',0,0,0,0,0,0,0,1),
(31,'document','text/html','Продвижение молодого сайта','','','prodvizhenie-molodogo-sajta','',1,0,0,7,0,'','',1,14,4,1,1,1,1383835162,1,1383835162,0,0,0,1383835162,1,'',0,0,0,0,0,0,0,1),
(32,'document','text/html','Написание SEO текстов','','','napisanie-seo-tekstov','',1,0,0,10,0,'','',1,18,0,1,1,1,1383835195,1,1383835195,0,0,0,1383835195,1,'',0,0,0,0,0,0,0,1),
(33,'document','text/html','Написание рекламных текстов','','','napisanie-reklamnyix-tekstov','',1,0,0,10,0,'','',1,18,1,1,1,1,1383835201,1,1383835201,0,0,0,1383835201,1,'',0,0,0,0,0,0,0,1),
(34,'document','text/html','Подготовка пресс-релизов','','','podgotovka-press-relizov','',1,0,0,10,0,'','',1,18,2,1,1,1,1383835271,1,1383835271,0,0,0,1383835271,1,'',0,0,0,0,0,0,0,1),
(35,'document','text/html','Написание информационных статей','','','napisanie-informaczionnyix-statej','',1,0,0,10,0,'','',1,18,3,1,1,1,1383835281,1,1383835281,0,0,0,1383835281,1,'',0,0,0,0,0,0,0,1),
(36,'document','text/html','Написание позитивных отзывов о бренде','','','napisanie-pozitivnyix-otzyivov-o-brende','',1,0,0,10,0,'','',1,18,4,1,1,1,1383835288,1,1383835288,0,0,0,1383835288,1,'',0,0,0,0,0,0,0,1),
(37,'document','text/html','Написание новостных статей','','','napisanie-novostnyix-statej','',1,0,0,10,0,'','',1,18,5,1,1,1,1383835294,1,1383835294,0,0,0,1383835294,1,'',0,0,0,0,0,0,0,1),
(38,'document','text/html','Подготовка текстов для E-mail рассылки','','','podgotovka-tekstov-dlya-e-mail-rassyilki','',1,0,0,10,0,'','',1,18,6,1,1,1,1383835304,1,1383835304,0,0,0,1383835304,1,'',0,0,0,0,0,0,0,1),
(39,'document','text/html','Маркетинговый аудит','','','marketingovyij-audit','',1,0,0,8,0,'','',1,17,0,1,1,1,1383835334,1,1384152379,0,0,0,1383835334,1,'',0,0,0,0,0,0,0,1),
(40,'document','text/html','Поисковый аудит сайта','','','poiskovyij-audit-sajta','',1,0,0,8,0,'','',1,17,1,1,1,1,1383835340,1,1383835340,0,0,0,1383835340,1,'',0,0,0,0,0,0,0,1),
(41,'document','text/html','Аудит контекстной рекламы Yandex Direct','','','audit-kontekstnoj-reklamyi-yandex-direct','',1,0,0,8,0,'','',1,17,2,1,1,1,1383835350,1,1383835350,0,0,0,1383835350,1,'',0,0,0,0,0,0,0,1),
(42,'document','text/html','Lada','','','lada','',1,0,0,43,0,'','',1,15,0,1,1,1,1384170083,1,1384171436,0,0,0,1384170083,1,'',0,0,0,0,0,0,0,1),
(43,'document','text/html','Корпоротивные','','','korporotivnyie','',1,0,0,4,1,'','',1,3,1,1,1,1,1384170287,1,1384171911,0,0,0,1384170287,1,'',0,0,0,0,0,0,1,1),
(44,'document','text/html','Внешние','','','vneshnie','',1,0,0,4,0,'','',1,15,2,1,1,1,1384170299,1,1384171916,0,0,0,1384170299,1,'',0,0,0,0,0,0,1,1),
(45,'document','text/html','Cadillac','','','cadillac','',1,0,0,43,0,'','',1,15,1,1,1,1,1384171023,1,1384171441,0,0,0,1384171023,1,'',0,0,0,0,0,0,0,1),
(46,'document','text/html','Chevrolet','','','chevrolet','',1,0,0,43,0,'','',1,15,2,1,1,1,1384171035,1,1384171449,0,0,0,1384171035,1,'',0,0,0,0,0,0,0,1),
(47,'document','text/html','Citroen','','','citroen','',1,0,0,43,0,'','',1,15,3,1,1,1,1384171052,1,1384171456,0,0,0,1384171052,1,'',0,0,0,0,0,0,0,1),
(48,'document','text/html','Honda','','','honda','',1,0,0,43,0,'','',1,15,4,1,1,1,1384171063,1,1384171462,0,0,0,1384171063,1,'',0,0,0,0,0,0,0,1),
(49,'document','text/html','Hyundai','','','hyundai','',1,0,0,43,0,'','',1,15,5,1,1,1,1384171077,1,1384171470,0,0,0,1384171077,1,'',0,0,0,0,0,0,0,1),
(50,'document','text/html','Jaguar','','','jaguar','',1,0,0,43,0,'','',1,15,6,1,1,1,1384171091,1,1384171477,0,0,0,1384171091,1,'',0,0,0,0,0,0,0,1),
(51,'document','text/html','Land Rover','','','land-rover','',1,0,0,43,0,'','',1,15,7,1,1,1,1384171210,1,1384171210,0,0,0,1384171210,1,'',0,0,0,0,0,0,0,1),
(52,'document','text/html','Opel','','','opel','',1,0,0,43,0,'','',1,15,8,1,1,1,1384171323,1,1384171323,0,0,0,1384171323,1,'',0,0,0,0,0,0,0,1),
(53,'document','text/html','Pegeot','','','pegeot','',1,0,0,43,0,'','<p><b>Peugeot</b><span>&nbsp;(</span><small>МФА&nbsp;<span class=\"ref-info\" title=\"на французском языке\">(фр.)</span>:</small><span>&nbsp;</span><span class=\"IPA\"><a href=\"http://ru.wikipedia.org/wiki/%D0%9C%D0%B5%D0%B6%D0%B4%D1%83%D0%BD%D0%B0%D1%80%D0%BE%D0%B4%D0%BD%D1%8B%D0%B9_%D1%84%D0%BE%D0%BD%D0%B5%D1%82%D0%B8%D1%87%D0%B5%D1%81%D0%BA%D0%B8%D0%B9_%D0%B0%D0%BB%D1%84%D0%B0%D0%B2%D0%B8%D1%82\" title=\"Международный фонетический алфавит\">[p&oslash;.ʒo]</a></span><span>; Приблизительная русская транскрипция: пёжо́. В народе больше распространено неправильное произношение&nbsp;&mdash; &laquo;Пежо́&raquo;)&nbsp;&mdash; один из основных&nbsp;</span><a href=\"http://ru.wikipedia.org/wiki/%D0%A4%D1%80%D0%B0%D0%BD%D1%86%D0%B8%D1%8F\" title=\"Франция\">французских</a><span>&nbsp;производителей автомобилей, часть&nbsp;</span><a href=\"http://ru.wikipedia.org/wiki/PSA_Peugeot_Citro%C3%ABn\" title=\"PSA Peugeot Citro&euml;n\">PSA Peugeot Citro&euml;n</a><span>. Материнская компания PSA Peugeot Citro&euml;n является вторым по величине в&nbsp;</span><a href=\"http://ru.wikipedia.org/wiki/%D0%95%D0%B2%D1%80%D0%BE%D0%BF%D0%B0\" title=\"Европа\">Европе</a><span>&nbsp;автопроизводителем после&nbsp;</span><a href=\"http://ru.wikipedia.org/wiki/Volkswagen\" title=\"Volkswagen\">Volkswagen</a><sup id=\"cite_ref-oica.net_1-0\" class=\"reference\"><a href=\"http://ru.wikipedia.org/wiki/Peugeot#cite_note-oica.net-1\">[1]</a></sup><span>, крупнейшим в Европе производителем легких коммерческих автомобилей (18,8&nbsp;% рынка) и лидером в производстве автомобилей с низким уровнем выхлопа (26,2&nbsp;% рынка автомобилей, уровень выхлопа которых менее 130 г/км).</span></p>',1,15,9,1,1,1,1384171343,1,1384205607,0,0,0,1384171343,1,'',0,0,0,0,0,0,0,1),
(54,'document','text/html','Skoda','','','skoda','',1,0,0,43,0,'','<p><b>&Scaron;koda Auto</b>&nbsp;(по-русски произносится:&nbsp;<i>Шко́да А́вто</i>)&nbsp;&mdash;&nbsp;<a href=\"http://ru.wikipedia.org/wiki/%D0%A7%D0%B5%D1%85%D0%B8%D1%8F\" title=\"Чехия\">чешская</a>&nbsp;автомобилестроительная компания, выпускающая легковые автомобили под торговой маркой &Scaron;koda. Штаб-квартира компании находится в городе&nbsp;<a href=\"http://ru.wikipedia.org/wiki/%D0%9C%D0%BB%D0%B0%D0%B4%D0%B0-%D0%91%D0%BE%D0%BB%D0%B5%D1%81%D0%BB%D0%B0%D0%B2\" title=\"Млада-Болеслав\">Млада-Болеслав</a>&nbsp;(Чехия).</p>\r\n<p>Логотип компании &laquo;крылатая стрела&raquo; был впервые представлен в 1926 году, за его основу взяты эскизы, сделанные между 1915 и 1920 годами г-ном Maglie, который был весьма увлечен дизайном эмблемы на основе стилизованной головы индейца с головным убором с круглой застежкой и пятью перьями. Слово &laquo;индеец&raquo; в двадцатые годы часто использовали как синоним нового символа.</p>',1,15,10,1,1,1,1384171389,1,1384204296,0,0,0,1384171389,1,'',0,0,0,0,0,0,0,1),
(55,'document','text/html','Volkswagen','','','volkswagen','',1,0,0,43,0,'','<p><b>Volkswagen</b><span>&nbsp;(произносится&nbsp;</span><i>Фольксваген</i><span>) &mdash;&nbsp;</span><a href=\"http://ru.wikipedia.org/wiki/%D0%93%D0%B5%D1%80%D0%BC%D0%B0%D0%BD%D0%B8%D1%8F\" title=\"Германия\">немецкая</a><span>&nbsp;автомобильная марка, одна из многих принадлежащих концерну&nbsp;</span><a href=\"http://ru.wikipedia.org/wiki/Volkswagen_AG\" title=\"Volkswagen AG\" class=\"mw-redirect\">Volkswagen AG</a><span>. Под этой маркой в 2007 году было реализовано 5 млн 20 тыс. автомобилей. Штаб-квартира в Вольфсбурге.</span></p>\r\n<p><span><span>История концерна &laquo;Volkswagen&raquo; началась осенью&nbsp;</span><a href=\"http://ru.wikipedia.org/wiki/1933_%D0%B3%D0%BE%D0%B4\" title=\"1933 год\">1933 года</a><span>&nbsp;в одном из залов отеля &laquo;</span><a href=\"http://ru.wikipedia.org/wiki/%D0%9A%D0%B0%D0%B9%D0%B7%D0%B5%D1%80%D1%85%D0%BE%D1%84\" title=\"Кайзерхоф\">Кайзерхоф</a><span>&raquo; (</span><a href=\"http://ru.wikipedia.org/wiki/%D0%9D%D0%B5%D0%BC%D0%B5%D1%86%D0%BA%D0%B8%D0%B9_%D1%8F%D0%B7%D1%8B%D0%BA\" title=\"Немецкий язык\">нем.</a><span>&nbsp;</span><i><span lang=\"de\">Kaiserhof</span></i><span>) в Берлине. Собеседников было трое:&nbsp;</span><a href=\"http://ru.wikipedia.org/wiki/%D0%90%D0%B4%D0%BE%D0%BB%D1%8C%D1%84_%D0%93%D0%B8%D1%82%D0%BB%D0%B5%D1%80\" title=\"Адольф Гитлер\" class=\"mw-redirect\">Адольф Гитлер</a><span>&nbsp;(</span><a href=\"http://ru.wikipedia.org/wiki/%D0%9D%D0%B5%D0%BC%D0%B5%D1%86%D0%BA%D0%B8%D0%B9_%D1%8F%D0%B7%D1%8B%D0%BA\" title=\"Немецкий язык\">нем.</a><span>&nbsp;</span><i><span lang=\"de\">Adolf Hitler</span></i><span>),&nbsp;</span><a href=\"http://ru.wikipedia.org/w/index.php?title=%D0%AF%D0%BA%D0%BE%D0%B1_%D0%92%D0%B5%D1%80%D0%BB%D0%B8%D0%BD&amp;action=edit&amp;redlink=1\" class=\"new\" title=\"Якоб Верлин (страница отсутствует)\">Якоб Верлин</a><span>&nbsp;(</span><a href=\"http://ru.wikipedia.org/wiki/%D0%9D%D0%B5%D0%BC%D0%B5%D1%86%D0%BA%D0%B8%D0%B9_%D1%8F%D0%B7%D1%8B%D0%BA\" title=\"Немецкий язык\">нем.</a><span>&nbsp;</span><i><span lang=\"de\">Jacob Werlin</span></i><span>), представитель &laquo;</span><a href=\"http://ru.wikipedia.org/wiki/Daimler-Benz\" title=\"Daimler-Benz\">Daimler-Benz</a><span>&raquo;, и&nbsp;</span><a href=\"http://ru.wikipedia.org/wiki/%D0%A4%D0%B5%D1%80%D0%B4%D0%B8%D0%BD%D0%B0%D0%BD%D0%B4_%D0%9F%D0%BE%D1%80%D1%88%D0%B5\" title=\"Фердинанд Порше\" class=\"mw-redirect\">Фердинанд Порше</a><span>&nbsp;(</span><a href=\"http://ru.wikipedia.org/wiki/%D0%9D%D0%B5%D0%BC%D0%B5%D1%86%D0%BA%D0%B8%D0%B9_%D1%8F%D0%B7%D1%8B%D0%BA\" title=\"Немецкий язык\">нем.</a><span>&nbsp;</span><i><span lang=\"de\">Ferdinand Porsche</span></i><span>).&nbsp;</span></span></p>',1,15,11,1,1,1,1384171427,1,1384205568,0,0,0,1384171427,1,'',0,0,0,0,0,0,0,1)	;
#	TC`modx_site_content_metatags`utf8_general_ci	;
CREATE TABLE `modx_site_content_metatags` (
  `content_id` int(11) NOT NULL DEFAULT '0',
  `metatag_id` int(11) NOT NULL DEFAULT '0',
  KEY `content_id` (`content_id`),
  KEY `metatag_id` (`metatag_id`)
) ENGINE=MyISAM DEFAULT CHARSET=utf8 COMMENT='Reference table between meta tags and content'	;
#	TC`modx_site_htmlsnippets`utf8_general_ci	;
CREATE TABLE `modx_site_htmlsnippets` (
  `id` int(10) NOT NULL AUTO_INCREMENT,
  `name` varchar(50) NOT NULL DEFAULT '',
  `description` varchar(255) NOT NULL DEFAULT 'Chunk',
  `editor_type` int(11) NOT NULL DEFAULT '0' COMMENT '0-plain text,1-rich text,2-code editor',
  `category` int(11) NOT NULL DEFAULT '0' COMMENT 'category id',
  `cache_type` tinyint(1) NOT NULL DEFAULT '0' COMMENT 'Cache option',
  `snippet` mediumtext,
  `locked` tinyint(4) NOT NULL DEFAULT '0',
  PRIMARY KEY (`id`)
) ENGINE=MyISAM AUTO_INCREMENT=31 DEFAULT CHARSET=utf8 COMMENT='Contains the site chunks.'	;
#	TD`modx_site_htmlsnippets`utf8_general_ci	;
INSERT INTO `modx_site_htmlsnippets` VALUES 
(1,'mm_rules','Default ManagerManager rules.',0,2,0,'// more example rules are in assets/plugins/managermanager/example_mm_rules.inc.php\r\n\r\n// example of how PHP is allowed - check that a TV named documentTags exists before creating rule\r\nif($modx->db->getValue(\"SELECT COUNT(id) FROM \" . $modx->getFullTableName(\'site_tmplvars\') . \" WHERE name=\'documentTags\'\")) {\r\n    mm_widget_tags(\'documentTags\',\' \'); // Give blog tag editing capabilities to the \'documentTags (3)\' TV\r\n}\r\nmm_widget_showimagetvs(); // Always give a preview of Image TVs\r\n',0),
(2,'WebLoginSideBar','WebLogin Tpl',0,3,0,'<!-- #declare:separator <hr> -->\n<!-- login form section-->\n<form method=\"post\" name=\"loginfrm\" action=\"[+action+]\">\n    <input type=\"hidden\" value=\"[+rememberme+]\" name=\"rememberme\" />\n    <fieldset>\n        <h3>Your Login Details</h3>\n        <label for=\"username\">User: <input type=\"text\" name=\"username\" id=\"username\" tabindex=\"1\" onkeypress=\"return webLoginEnter(document.loginfrm.password);\" value=\"[+username+]\" /></label>\n    	<label for=\"password\">Password: <input type=\"password\" name=\"password\" id=\"password\" tabindex=\"2\" onkeypress=\"return webLoginEnter(document.loginfrm.cmdweblogin);\" value=\"\" /></label>\n    	<input type=\"checkbox\" id=\"checkbox_1\" name=\"checkbox_1\" tabindex=\"3\" size=\"1\" value=\"\" [+checkbox+] onclick=\"webLoginCheckRemember()\" /><label for=\"checkbox_1\" class=\"checkbox\">Remember me</label>\n    	<input type=\"submit\" value=\"[+logintext+]\" name=\"cmdweblogin\" class=\"button\" />\n	<a href=\"#\" onclick=\"webLoginShowForm(2);return false;\" id=\"forgotpsswd\">Forget Your Password?</a>\n	</fieldset>\n</form>\n<hr>\n<!-- log out hyperlink section -->\n<h4>You\'re already logged in</h4>\nDo you wish to <a href=\"[+action+]\" class=\"button\">[+logouttext+]</a>?\n<hr>\n<!-- Password reminder form section -->\n<form name=\"loginreminder\" method=\"post\" action=\"[+action+]\">\n    <fieldset>\n        <h3>It happens to everyone...</h3>\n        <input type=\"hidden\" name=\"txtpwdrem\" value=\"0\" />\n        <label for=\"txtwebemail\">Enter the email address of your account to reset your password: <input type=\"text\" name=\"txtwebemail\" id=\"txtwebemail\" size=\"24\" /></label>\n        <label>To return to the login form, press the cancel button.</label>\n    	<input type=\"submit\" value=\"Submit\" name=\"cmdweblogin\" class=\"button\" /> <input type=\"reset\" value=\"Cancel\" name=\"cmdcancel\" onclick=\"webLoginShowForm(1);\" class=\"button\" style=\"clear:none;display:inline\" />\n    </fieldset>\n</form>\n\n',0),
(3,'head','HEAD сайта',0,9,0,'        <base href=\"[(site_url)]\" />\r\n		<meta http-equiv=\"Content-Type\" content=\"text/html; charset=[(modx_charset)]\">\r\n\r\n\r\n  		<title>[+phx:if=`[*longtitle*]`:is=``:then=`[*pagetitle*]`:else=`[*longtitle*]`+] </title>\r\n		<meta name=\"description\" content=\"[*description*]\"/>\r\n\r\n		<link rel=\"SHORTCUT ICON\" type=\"image/x-icon\" href=\"/favicon.ico\"> \r\n		<link rel=\"icon\" type=\"image/vnd.microsoft.icon\" href=\"/favicon.ico\">\r\n\r\n		<link href=\"/css/style.css\" rel=\"stylesheet\" type=\"text/css\">\r\n		<link href=\"/css/skin.css\" rel=\"stylesheet\" type=\"text/css\">\r\n\r\n		<!--[if IE]>\r\n            <link href=\"/css/ie.css\" rel=\"stylesheet\" type=\"text/css\">\r\n		<![endif]-->\r\n		\r\n		<script type=\"text/javascript\" src=\"/js/jquery.min.js\"></script> \r\n		<script type=\"text/javascript\" src=\"/js/jquery.jcarousel.min.js\"></script>\r\n		<script type=\"text/javascript\" src=\"/js/all_scripts.js\"></script>\r\n\r\n\r\n\r\n <script src=\"http://malsup.github.com/jquery.form.js\"></script> \r\n \r\n    <script> \r\n        // wait for the DOM to be loaded \r\n        $(document).ready(function() { \r\n            // bind \'myForm\' and provide a simple callback function \r\n            $(\'#myForm\').ajaxForm(function() { \r\n                alert(\"Thank you for your comment!\"); \r\n            }); \r\n        }); \r\n    </script> ',0),
(4,'header','Шапка сайта',0,9,0,'			<div class=\"logo\">\r\n				<a href=\"/\">\r\n					<img src=\"/images/logo.png\" alt=\"\"/>\r\n				</a>\r\n			</div>\r\n			\r\n			<div class=\"top_menu\">\r\n					[[Wayfinder? &startId=`0` &outerClass=`nav` &excludeDocs=`1` &level=`2`]]\r\n			</div>\r\n<div class=\"clear\"></div>\r\n',0),
(14,'stuffs_tpl','список сотрудников',0,11,0,'<li>\r\n	[+foto_stuff+]<br>\r\n	<span class=\"name\">[+pagetitle+]</span>\r\n	<span class=\"post\">[+post_stuff+]</span>\r\n</li>',0),
(13,'uslugi_tpl','шаблон услуги на главной',0,11,0,'<li[+wf.id+][+wf.classes+]><a href=\"[+wf.link+]\" title=\"[+wf.title+]\" class=\"[+wf.attributes+]\"><span></span>[+wf.linktext+]</a>[+wf.wrapper+]</li>',0),
(5,'top_line','Верхняя полоска',0,9,0,'			<div class=\"top_line\"> <!-- верхняя полоска -->\r\n				<div class=\"tel\"><span class=\"big\">8 (800) 555-56-95</span> <span class=\"small\">Звонок бесплатный!</span>\r\n				</div>\r\n				<div class=\"marketing\">\r\n					<span class=\"how_seo\"><a href=\"#?w=600\" rel=\"how_seo_pop\" class=\"poplight\">Узнайте! Можно ли продвинуть ваш сайт</a></span>\r\n					<span class=\"order\"> <a href=\"#?w=700\" rel=\"order_seo_pop\" class=\"poplight\">Заказать продвижение</a></span>\r\n				</div>\r\n			</div>\r\n<div class=\"clearline\"></div>',0),
(6,'popup_forms','Формы лайтбокс',0,0,0,'<!-- <div id=\"how_seo_pop\" class=\"popup_block\">\r\n				<p class=\"title\">Можно ли продвинуть ваш сайт</p>\r\n				<form id=\"how_seoform\" action=\"index.html\" method=\"POST\"> \r\n					<input type=\"text\" name=\"name\" value=\"Имя\" onfocus=\"if (this.value==\'Имя\') this.value=\'\';\" onblur=\"if (this.value==\'\'){this.value=\'Имя\'}\"><br>\r\n					<input type=\"text\" name=\"email\" value=\"Ваш E-mail\" onfocus=\"if (this.value==\'Ваш E-mail\') this.value=\'\';\" onblur=\"if (this.value==\'\'){this.value=\'Ваш E-mail\'}\"><br>\r\n					<input type=\"text\" name=\"telephone\" value=\"Телефон\" onfocus=\"if (this.value==\'Телефон\') this.value=\'\';\" onblur=\"if (this.value==\'\'){this.value=\'Телефон\'}\"><br>\r\n					<input type=\"text\" name=\"url\" value=\"Адрес вашего сайта\" onfocus=\"if (this.value==\'Адрес вашего сайта\') this.value=\'\';\" onblur=\"if (this.value==\'\'){this.value=\'Адрес вашего сайта\'}\"><br>\r\n					<span class=\"warn\">* - Поля, обязательные для заполнения</span>\r\n					<br>\r\n					<button class=\"ordCall\" type=\"submit\">Проверить</button>\r\n				</form>\r\n			</div>-->\r\n{{form}}\r\n			<div id=\"order_seo_pop\" class=\"popup_block\">\r\n				<p class=\"title\">Заказать SEO</p>\r\n				<form id=\"order_seoform\" action=\"order_seo.php\" method=\"POST\"> <!-- форма заказа продвижения -->\r\n					<input type=\"text\" name=\"name\" value=\"Ваше имя\" onfocus=\"if (this.value==\'Ваше имя\') this.value=\'\';\" onblur=\"if (this.value==\'\'){this.value=\'Ваше имя\'}\"><br>\r\n					<input type=\"text\" name=\"telephone\" value=\"Ваш контактный телефон\" onfocus=\"if (this.value==\'Ваш контактный телефон\') this.value=\'\';\" onblur=\"if (this.value==\'\'){this.value=\'Ваш контактный телефон\'}\"><br>\r\n					<input type=\"text\" name=\"email\" value=\"Ваш E-mail\" onfocus=\"if (this.value==\'Ваш E-mail\') this.value=\'\';\" onblur=\"if (this.value==\'\'){this.value=\'Ваш E-mail\'}\"><br>\r\n					<textarea name=\"comment\" id=\"com_1\" onclick=\'if(this.value==\"Ваши пожелания...\") this.value=\"\"\' onblur=\'if(this.value==\"\") this.value=\"Ваши пожелания...\"\'>Ваши пожелания...</textarea><br>\r\n					<button class=\"ordSeo\" type=\"submit\">Заказать продвижение</button>\r\n				</form>\r\n			</div>',0),
(7,'uslugi','Блок с навигацие по услугам',0,10,0,'[[Wayfinder? &startId=`3` &outerClass=`service` &rowTpl=`uslugi_tpl` &level=`1`]]			\r\n<!--\r\n<ul class=\"service\">\r\n				<li><a class=\"seo\" href=\"\"><span></span>SEO продвижение</a></li>\r\n				<li><a class=\"audit\" href=\"\"><span></span>Аудит вашего сайта</a></li>\r\n				<li><a class=\"kontekst\" href=\"\"><span></span>Контекстная реклама</a></li>\r\n				<li><a class=\"copy\" href=\"\"><span></span>Копирайтинг</a></li>\r\n			</ul>\r\n-->\r\n			<div class=\"clearline\"></div>',0),
(8,'minfo','Первый блок',0,10,0,'<div id=\"minfo\" class=\"block\"> <!-- первый блок -->\r\n			<h2>Если Вы хотите, чтобы Ваш сайт приносил прибыль...</h2>\r\n			<div class=\"cont\">\r\n			<p>\r\n			<span>Вы попали по адресу!</span><br><br>\r\n			Мы поможем решить вашу проблему!<br>\r\n			За последний год нашими специалистами реализовано более 50 успешных проектов в области продвижения бизнеса в сети Интернет.</p>\r\n			<ul class=\"stats_data\">\r\n				<li class=\"count-1\">Людей<br>в интернете пользуются поисковиком</li>\r\n				<li class=\"count-2\">Посетителей<br>сайтов приходит из поисковиков</li>\r\n				<li class=\"count-3\">Увеличение<br>продаж благодаря SEO-оптимизации</li>\r\n			</ul>\r\n			<div class=\"clear\"></div>\r\n			</div>\r\n			<form action=\"order-call.php\" method=\"POST\"> <!-- форма заказа звонка -->\r\n			<span class=\"form_title\">Заказать звонок специалиста</span><br><br>\r\n			 <input type=\"text\" name=\"name\" value=\"Имя\" onfocus=\"if (this.value==\'Имя\') this.value=\'\';\" onblur=\"if (this.value==\'\'){this.value=\'Имя\'}\"><br>\r\n			 <input type=\"text\" name=\"telephone\" value=\"Телефон\" onfocus=\"if (this.value==\'Телефон\') this.value=\'\';\" onblur=\"if (this.value==\'\'){this.value=\'Телефон\'}\"><br>\r\n			 <input type=\"text\" name=\"time_call\" value=\"Время звонка\" onfocus=\"if (this.value==\'Время звонка\') this.value=\'\';\" onblur=\"if (this.value==\'\'){this.value=\'Время звонка\'}\"><br>\r\n			 <button class=\"ordCall\" type=\"submit\">Заказать звонок</button>\r\n			</form>\r\n			</div>\r\n			<div class=\"clearline\"></div>',0),
(9,'hwork','Блок \"Как мы работаем\"',0,10,0,'<div id=\"hwork\" class=\"block\">\r\n				<h2>Всё просто...</h2>\r\n				<ul class=\"sheme\">\r\n					<li><a href=\"\" class=\"analiz\">Анализируем<br>рынок</a></li>\r\n					<li class=\"arrow\"></li>\r\n					<li><a href=\"\" class=\"strateg\">Формируем<br>стратегию</a></li>\r\n					<li class=\"arrow\"></li>\r\n					<li><a href=\"\" class=\"tehnology\">Внедряем<br>технологии</a></li>\r\n					<li class=\"arrow\"></li>\r\n					<li><a href=\"\" class=\"result\">Поддерживаем<br>результат</a></li>\r\n				</ul>\r\n				<div class=\"clear\"></div>\r\n				<div class=\"desc\">\r\n					<span class=\"title\">Гарантии результата не может дать никто,<br>об этом говорят сами поисковые системы... Мы же:</span>\r\n					<ul>\r\n					<li class=\"one\"><span class=\"numb\">1.</span><span class=\"gar_desc\">Даём<br>финансовые<br>гарантии</span></li>\r\n					<li class=\"two\"><span class=\"numb\">2.</span><span class=\"gar_desc\">При продвижении<br>сайтов используем технологии,<br>рекомендованные самим Яндексом</span></li>\r\n					<li class=\"three\"><span class=\"numb\">3.</span><span class=\"gar_desc\">Являемся<br>сертифицированным<br>агентством Yandex Direct</span></li>\r\n					</ul>\r\n					<div class=\"clear\"></div>\r\n					\r\n[[ajaxSubmit? &container=`#feedbackForm`]]\r\n\r\n<div id=\"feedbackForm\">\r\n\r\n	{{form}}\r\n\r\n</div>\r\n					<a href=\"#?w=600\" rel=\"feedbackForm\" class=\"poplight ordConsult\">Заказать консультацию</a>\r\n				</div>\r\n				\r\n			</div>\r\n			<div class=\"clear\"></div>',0),
(10,'clients','Блок с клиентами',0,10,0,'			<div id=\"clients\" >\r\n			<div id=\"wrap\" class=\"block\">\r\n			<h2>C кем мы работаем</h2>\r\n			<p>Наши клиенты - это успешные люди и динамически развивающиеся компании! Ими уже стали такие крупные компании краснодара, как автомобильные холдинги ЮГ-Авто и Ключ-Авто. Воплощена в жизнь масса других проектов посвящённых различным сферам бизнеса: производство профиля пвх, продажа отопительного оборудования, производство сухих завтраков и даже пластическая хирургия.</p>\r\n			<ul class=\"brands\">\r\n			[!Ditto? &tpl=`clientTpl` &parents=`4` &depth=`5` &display=`12` &hideFolders=`1` &randomize=`1` &showInMenuOnly=`1`!]\r\n			</ul>\r\n			<div class=\"clear\"></div>\r\n			<a class=\"moreClients\" href=\"[~4~]\">Посмотреть все</a>\r\n			</div></div>',0),
(25,'last_article','последняя запись блога справа',0,13,0,'<div class=\"last_article\">\r\n		<img src=\"[+article_img+]\">\r\n		<span class=\"intro\">\r\n			<span class=\"title\">[+phx:if=`[+menutitle+]`:is=``:then=`[+pagetitle+]`:else=`[+menutitle+]`+]</span><br>\r\n			[[summary? &text=`[+content+]` &len=`120` &noparser=`0`]]</span>... <a class=\"read_more\" href=\"[~[+id+]~]\">Читать дальше</a>\r\n	<br>\r\n		\r\n		<div class=\"clear\"></div>\r\n</div>',0),
(11,'order_seo','Нижний блок с формой заказа SEO',0,10,0,'<div id=\"order_form\" class=\"block\">\r\n			<h2>Продвигайтесь с нами</h2>\r\n			<p class=\"form_title\">Наш менеджер свяжется с вами в течение 10 минут</p>\r\n			<form action=\"order_seo.php\" method=\"POST\"> <!-- форма заказа продвижения -->\r\n			\r\n			 <input type=\"text\" name=\"name\" value=\"Ваше имя\" onfocus=\"if (this.value==\'Ваше имя\') this.value=\'\';\" onblur=\"if (this.value==\'\'){this.value=\'Ваше имя\'}\"><br>\r\n			 <input type=\"text\" name=\"telephone\" value=\"Ваш контактный телефон\" onfocus=\"if (this.value==\'Ваш контактный телефон\') this.value=\'\';\" onblur=\"if (this.value==\'\'){this.value=\'Ваш контактный телефон\'}\"><br>\r\n			 <input type=\"text\" name=\"email\" value=\"Ваш E-mail\" onfocus=\"if (this.value==\'Ваш E-mail\') this.value=\'\';\" onblur=\"if (this.value==\'\'){this.value=\'Ваш E-mail\'}\"><br>\r\n			 <textarea name=\"comment\" id=\"com_2\" onclick=\'if(this.value==\"Ваши пожелания...\") this.value=\"\"\' onblur=\'if(this.value==\"\") this.value=\"Ваши пожелания...\"\'>Ваши пожелания...</textarea><br>\r\n			 \r\n			 <button class=\"ordSeo\" type=\"submit\">Заказать продвижение</button>\r\n			</form>\r\n			\r\n			</div>',0),
(12,'footer','Подвал сайта',0,0,0,'		<div class=\"cent\">\r\n			<div class=\"copyright\">\r\n			ООО &laquo;Электронная реклама&raquo;<br>\r\n			&copy; 2010-2013 TOP3SEO.ru. All rights reserved\r\n			</div>\r\n			<div class=\"sicial\">\r\n			<a class=\"fb\" href=\"\"></a>\r\n			<a class=\"vk\" href=\"\"></a>\r\n			<a class=\"tw\" href=\"\"></a>\r\n			</div>\r\n			<div class=\"clear\"></div>\r\n		</div>\r\n		<div class=\"clear\"></div>',0),
(15,'sidebar','',0,9,0,'			<div class=\"right\">\r\n				[+phx:if=`[[UltimateParent?]]`:is=`3`:or:is=`5`:then=`{{right_menu}}`:else=``+]\r\n				\r\n				\r\n				<div class=\"certified\">\r\n					<img src=\"/images/ya_medal.png\" alt=\"Сертифицированное агентство\"/>\r\n					<span>Сертифицированное агентство</span>\r\n					<div class=\"clear\"></div>\r\n				</div>\r\n				<div class=\"seo_banner\">\r\n					<img src=\"/images/banner.jpg\" alt=\"баннер\"/>\r\n				</div>\r\n				[+phx:if=`[[UltimateParent?]]`:is=`2`:or:is=`5`:then=``:else=`[!Ditto? &tpl=`last_article` &parents=`5` &depth=`5` &display=`1` &hideFolders=`1` &extenders=`summary` &truncOffset=`10` &truncLen=`150` &truncText=`... Читать далее`!]`+]\r\n			</div>',0),
(16,'blog_list','шаблон записи в ленте блога',0,13,0,'<div class=\"anons\">\r\n	<a class=\"anons_title\" href=\"[~[+id+]~]\">[+phx:if=`[+menutitle+]`:is=``:then=`[+pagetitle+]`:else=`[+menutitle+]`+]</a>\r\n	<div class=\"anons_introtext\">\r\n		<img src=\"[+article_img:replace=`small,medium`+]\">\r\n		<p>[+introtext+]</p>\r\n		<a class=\"read_more\" href=\"[~[+id+]~]\">Читать дальше</a>\r\n		<div class=\"clear\"></div>\r\n	</div>\r\n	<div class=\"anons_info\">\r\n		<span class=\"pub_date\">[[datarus? &MyDate=`[+createdon+]`]]</span>\r\n	\r\n		<a class=\"comments_count\" data-kament-name=\'kament_page_name\' href=\'[(site_url)][~[+id+]~]#kament_comments\'></a>\r\n	</div>\r\n</div>',0),
(17,'comments','Комментарии',0,13,0,'<!-- KAMENT -->\r\n<div id=\"kament_comments\"></div>\r\n<script type=\"text/javascript\">\r\n	/* * * НАСТРОЙКА * * */\r\n	var kament_subdomain = \'top3seo\';\r\n\r\n	/* * * НЕ МЕНЯЙТЕ НИЧЕГО НИЖЕ ЭТОЙ СТРОКИ * * */\r\n	(function() {\r\n		var node = document.createElement(\'script\'); node.type = \'text/javascript\'; node.async = true;\r\n		node.src = \'http://\' + kament_subdomain + \'.svkament.ru/js/embed.js\';\r\n		(document.getElementsByTagName(\'head\')[0] || document.getElementsByTagName(\'body\')[0]).appendChild(node);\r\n	})();\r\n</script>\r\n<noscript>Для отображения комментариев нужно включить Javascript</noscript>\r\n<!-- /KAMENT -->',0),
(19,'services_list','список услуг',0,14,0,'<div class=\"block_one_service\">\r\n	 \r\n	<a href=\"[~[+id+]~]\">\r\n		<img class=\"un_hov\" src=\"/[+usluga_img_std+]\" alt=\"[+pagetitle+]\">\r\n		<img class=\"hov\" src=\"/[+usluga_img_hov+]\" alt=\"[+pagetitle+]\">\r\n		<span class=\"service_introtext\">\r\n			<span class=\"service_title\">[+phx:if=`[+menutitle+]`:is=``:then=`[+pagetitle+]`:else=`[+menutitle+]`+]</span><br>\r\n			<span class=\"service_desc\">[+introtext+]</span>\r\n		</span>\r\n	</a>\r\n	<div class=\"clear\"></div>\r\n</div>',0),
(18,'comments_count','счётчик комментариев',0,13,0,'<!-- KAMENT -->\r\n<script type=\"text/javascript\">\r\n	/* * * НАСТРОЙКА * * */\r\n	var kament_subdomain = \'top3seo\';\r\n\r\n	/* * * НЕ МЕНЯЙТЕ НИЧЕГО НИЖЕ ЭТОЙ СТРОКИ * * */\r\n	(function () {\r\n		var node = document.createElement(\'script\'); node.type = \'text/javascript\'; node.async = true;\r\n		node.src = \'http://\' + kament_subdomain + \'.svkament.ru/js/counter.js\';\r\n		(document.getElementsByTagName(\'HEAD\')[0] || document.getElementsByTagName(\'BODY\')[0]).appendChild(node);\r\n	}());\r\n</script>\r\n<noscript>Для отображения комментариев нужно включить Javascript</noscript>\r\n<!-- /KAMENT -->',0),
(20,'order_services','Форма заказа услуг',0,14,0,'<p class=\"form_title\">Наш менеджер свяжется с вами в течение 10 минут</p>\r\n			<form action=\"order_seo.php\" method=\"POST\"> <!-- форма заказа продвижения -->\r\n			\r\n			 <input type=\"text\" name=\"name\" value=\"Ваше имя\" onfocus=\"if (this.value==\'Ваше имя\') this.value=\'\';\" onblur=\"if (this.value==\'\'){this.value=\'Ваше имя\'}\"><br>\r\n			 <input type=\"text\" name=\"telephone\" value=\"Ваш контактный телефон\" onfocus=\"if (this.value==\'Ваш контактный телефон\') this.value=\'\';\" onblur=\"if (this.value==\'\'){this.value=\'Ваш контактный телефон\'}\"><br>\r\n			 <input type=\"text\" name=\"email\" value=\"Ваш E-mail\" onfocus=\"if (this.value==\'Ваш E-mail\') this.value=\'\';\" onblur=\"if (this.value==\'\'){this.value=\'Ваш E-mail\'}\"><br>\r\n			 <textarea name=\"comment\" id=\"com_2\" onclick=\'if(this.value==\"Ваши пожелания...\") this.value=\"\"\' onblur=\'if(this.value==\"\") this.value=\"Ваши пожелания...\"\'>Ваши пожелания...</textarea><br>\r\n			 \r\n			 <button class=\"ordSeo\" type=\"submit\">Заказать продвижение</button>\r\n			</form>',0),
(23,'clientTpl','шаблон логотипа клиента на главной',0,11,0,'<li><img src=\"[+brand_logo+]\" alt=\"[+pagetitle+]\" title=\"[+phx:if=`[+longtitle+]`:is=``:then=`[+pagetitle+]`:else=`[+longtitle+]`+]\"/></li>',0),
(21,'rowTpl','Шаблон пункта меню',0,15,0,'[+phx:if=`[[UltimateParent?]]`:is=`3`:then=`<li[+wf.id+][+wf.classes+]><span>[+wf.linktext+]</span>[+wf.wrapper+]</li>`:else=`<li[+wf.id+][+wf.classes+]><a href=\"[+wf.link+]\" title=\"[+wf.title+]\" [+wf.attributes+]>[+wf.linktext+]</a></li>`+]\r\n',0),
(24,'right_menu','блок правого меню',0,15,0,'<div class=\"right_menu\">\r\n				[[Wayfinder? \r\n					&startId=`[[UltimateParent?]]` \r\n					&outerClass=`accordion`\r\n					&rowTpl=`rowTpl`\r\n					&innerRowTpl=`innerRowTpl`\r\n					&ignoreHidden=`1`\r\n					\r\n				]]\r\n				</div>',0),
(22,'innerRowTpl','Шаблон для пункта подменю',0,15,0,'<li[+wf.classes+]><a href=\"[+wf.link+]\" title=\"[+wf.title+]\">[+wf.linktext+]</a>[+wf.wrapper+]</li>',0),
(26,'clientTpl_inpage','шаблон логотипа клиента на странице клиентов',0,11,0,'<li>\r\n	<a href=\"#?w=600\" rel=\"[+id+]\" class=\"poplight\">\r\n		<img src=\"[+brand_logo+]\" alt=\"[+pagetitle+]\" title=\"[+phx:if=`[+longtitle+]`:is=``:then=`[+pagetitle+]`:else=`[+longtitle+]`+]\" />\r\n	</a>\r\n<div id=\"[+id+]\" class=\"popup_block _clients\">\r\n	<span class=\"title\">[+phx:if=`[+longtitle+]`:is=``:then=`[+pagetitle+]`:else=`[+longtitle+]`+]</span>\r\n	<span class=\"service\">[+client_service+]</span>\r\n	<div class=\"desc\"><img src=\"[+brand_logo+]\" alt=\"[+pagetitle+]\" /> [+content+]</div>\r\n</div>\r\n</li>',0),
(27,'HowSeoTpl','Можно ли продвинуть ваш сайт',0,17,0,'\r\n	 [+validationmessage+]\r\n				<p class=\"title\">Можно ли продвинуть ваш сайт</p>\r\n				<form id=\"how_seoform\" action=\"[~[*id*]~]\" method=\"POST\"> <!-- форма заказа звонка -->\r\n					<input type=\"hidden\" name=\"formid\" value=\"Send\" />\r\n					<input type=\"text\" name=\"name\" value=\"Имя\" onfocus=\"if (this.value==\'Имя\') this.value=\'\';\" onblur=\"if (this.value==\'\'){this.value=\'Имя\'}\" eform=\"Имя::1\"><br>\r\n					 \r\n\r\n					<input type=\"text\" name=\"email\" value=\"Ваш E-mail\" onfocus=\"if (this.value==\'Ваш E-mail\') this.value=\'\';\" onblur=\"if (this.value==\'\'){this.value=\'Ваш E-mail\'}\" eform=\"Адрес электронной почты:email:1\"><br>\r\n					<input type=\"text\" name=\"telephone\" value=\"Телефон\" onfocus=\"if (this.value==\'Телефон\') this.value=\'\';\" onblur=\"if (this.value==\'\'){this.value=\'Телефон\'}\" Телефон:integer:1><br>\r\n					<input type=\"text\" name=\"url\" value=\"Адрес вашего сайта\" onfocus=\"if (this.value==\'Адрес вашего сайта\') this.value=\'\';\" onblur=\"if (this.value==\'\'){this.value=\'Адрес вашего сайта\'}\" eform=\"Адрес вашего сайта::1\"><br>\r\n					<span class=\"warn\">* - Поля, обязательные для заполнения</span>\r\n					<br>\r\n					<button class=\"ordCall\" type=\"submit\">Проверить</button>\r\n					<span  class=\"verif\">Введите этот код:</span> <br />\r\n                            <img src=\"[+verimageurl+]\" alt=\"Код проверки\" border=\"0\"/><br />\r\n                            <input type=\"text\" class=\"vericodeform input_field\" name=\"vericode\" /><br /><br />\r\n\r\n				</form>\r\n			',0),
(28,'report-tpl','форма отправленного сообщения',0,17,0,'<strong>Спасибо, что воспользовались формой обратной связи на нашем сайте.</strong>\r\n<p>Ваше сообщение будет рассмотрено в кротчайшие сроки, и, если оно требует ответа, Вы обязательно его получите.</p>\r\n<p>Отправленная информация:</p>\r\n<ul>\r\n<li><b>Ваше имя:</b> [+name+]</li>\r\n<li><b>Ваш e-mail:</b> [+email+]</li>\r\n<li><b>Ваш телефон:</b> [+telephone+]</li>\r\n</ul>',0),
(29,'form','вызов формы',0,17,0,'[!eForm? &formid=`Send` &tpl=`HowSeoTpl` &to=`ndmitrievich@upsales.ru` &report=`report-tpl` &thankyou=`thank-tpl` &vericode=`1` &subject=`Сообщение с моего сайта`!]',0),
(30,'thank-tpl','',0,0,0,'<strong>Спасибо, что воспользовались формой обратной связи на нашем сайте.</strong>\r\n<p>Ваше сообщение будет рассмотрено в кротчайшие сроки, и, если оно требует ответа, Вы обязательно его получите.</p>\r\n<p>Отправленная информация:</p>\r\n<ul>\r\n<li><b>Ваше имя:</b> [+author+]</li>\r\n<li><b>Ваш e-mail:</b> [+email+]</li>\r\n<li><b>Текст сообщения:</b> [+text+]</li>\r\n</ul>',0)	;
#	TC`modx_site_keywords`utf8_general_ci	;
CREATE TABLE `modx_site_keywords` (
  `id` int(11) NOT NULL AUTO_INCREMENT,
  `keyword` varchar(40) NOT NULL DEFAULT '',
  PRIMARY KEY (`id`),
  UNIQUE KEY `keyword` (`keyword`)
) ENGINE=MyISAM DEFAULT CHARSET=utf8 COMMENT='Site keyword list'	;
#	TC`modx_site_metatags`utf8_general_ci	;
CREATE TABLE `modx_site_metatags` (
  `id` int(11) NOT NULL AUTO_INCREMENT,
  `name` varchar(50) NOT NULL DEFAULT '',
  `tag` varchar(50) NOT NULL DEFAULT '' COMMENT 'tag name',
  `tagvalue` varchar(255) NOT NULL DEFAULT '',
  `http_equiv` tinyint(4) NOT NULL DEFAULT '0' COMMENT '1 - use http_equiv tag style, 0 - use name',
  PRIMARY KEY (`id`)
) ENGINE=MyISAM DEFAULT CHARSET=utf8 COMMENT='Site meta tags'	;
#	TC`modx_site_module_access`utf8_general_ci	;
CREATE TABLE `modx_site_module_access` (
  `id` int(10) unsigned NOT NULL AUTO_INCREMENT,
  `module` int(11) NOT NULL DEFAULT '0',
  `usergroup` int(11) NOT NULL DEFAULT '0',
  PRIMARY KEY (`id`)
) ENGINE=MyISAM DEFAULT CHARSET=utf8 COMMENT='Module users group access permission'	;
#	TC`modx_site_module_depobj`utf8_general_ci	;
CREATE TABLE `modx_site_module_depobj` (
  `id` int(11) NOT NULL AUTO_INCREMENT,
  `module` int(11) NOT NULL DEFAULT '0',
  `resource` int(11) NOT NULL DEFAULT '0',
  `type` int(2) NOT NULL DEFAULT '0' COMMENT '10-chunks, 20-docs, 30-plugins, 40-snips, 50-tpls, 60-tvs',
  PRIMARY KEY (`id`)
) ENGINE=MyISAM DEFAULT CHARSET=utf8 COMMENT='Module Dependencies'	;
#	TC`modx_site_modules`utf8_general_ci	;
CREATE TABLE `modx_site_modules` (
  `id` int(11) NOT NULL AUTO_INCREMENT,
  `name` varchar(50) NOT NULL DEFAULT '',
  `description` varchar(255) NOT NULL DEFAULT '0',
  `editor_type` int(11) NOT NULL DEFAULT '0' COMMENT '0-plain text,1-rich text,2-code editor',
  `disabled` tinyint(4) NOT NULL DEFAULT '0',
  `category` int(11) NOT NULL DEFAULT '0' COMMENT 'category id',
  `wrap` tinyint(4) NOT NULL DEFAULT '0',
  `locked` tinyint(4) NOT NULL DEFAULT '0',
  `icon` varchar(255) NOT NULL DEFAULT '' COMMENT 'url to module icon',
  `enable_resource` tinyint(4) NOT NULL DEFAULT '0' COMMENT 'enables the resource file feature',
  `resourcefile` varchar(255) NOT NULL DEFAULT '' COMMENT 'a physical link to a resource file',
  `createdon` int(11) NOT NULL DEFAULT '0',
  `editedon` int(11) NOT NULL DEFAULT '0',
  `guid` varchar(32) NOT NULL DEFAULT '' COMMENT 'globally unique identifier',
  `enable_sharedparams` tinyint(4) NOT NULL DEFAULT '0',
  `properties` text,
  `modulecode` mediumtext COMMENT 'module boot up code',
  PRIMARY KEY (`id`)
) ENGINE=MyISAM AUTO_INCREMENT=2 DEFAULT CHARSET=utf8 COMMENT='Site Modules'	;
#	TD`modx_site_modules`utf8_general_ci	;
INSERT INTO `modx_site_modules` VALUES 
(1,'Doc Manager','<strong>1.1</strong> Quickly perform bulk updates to the Documents in your site including templates, publishing details, and permissions',0,0,4,0,0,'',0,'',0,0,'docman435243542tf542t5t',1,'','include_once(MODX_BASE_PATH.\'assets/modules/docmanager/classes/docmanager.class.php\');\ninclude_once(MODX_BASE_PATH.\'assets/modules/docmanager/classes/dm_frontend.class.php\');\ninclude_once(MODX_BASE_PATH.\'assets/modules/docmanager/classes/dm_backend.class.php\');\n\n$dm = new DocManager($modx);\n$dmf = new DocManagerFrontend($dm, $modx);\n$dmb = new DocManagerBackend($dm, $modx);\n\n$dm->ph = $dm->getLang();\n$dm->ph[\'theme\'] = $dm->getTheme();\n$dm->ph[\'ajax.endpoint\'] = MODX_SITE_URL.\'assets/modules/docmanager/tv.ajax.php\';\n$dm->ph[\'datepicker.offset\'] = $modx->config[\'datepicker_offset\'];\n$dm->ph[\'datetime.format\'] = $modx->config[\'datetime_format\'];\n\nif (isset($_POST[\'tabAction\'])) {\n    $dmb->handlePostback();\n} else {\n    $dmf->getViews();\n    echo $dm->parseTemplate(\'main.tpl\', $dm->ph);\n}')	;
#	TC`modx_site_plugin_events`utf8_general_ci	;
CREATE TABLE `modx_site_plugin_events` (
  `pluginid` int(10) NOT NULL,
  `evtid` int(10) NOT NULL DEFAULT '0',
  `priority` int(10) NOT NULL DEFAULT '0' COMMENT 'determines plugin run order',
  PRIMARY KEY (`pluginid`,`evtid`)
) ENGINE=MyISAM DEFAULT CHARSET=utf8 COMMENT='Links to system events'	;
#	TD`modx_site_plugin_events`utf8_general_ci	;
INSERT INTO `modx_site_plugin_events` VALUES 
(1,23,0),
(1,29,0),
(1,35,0),
(1,41,0),
(1,47,0),
(1,73,0),
(2,34,0),
(2,35,0),
(2,36,0),
(2,40,0),
(2,41,0),
(2,42,0),
(3,80,0),
(3,81,0),
(3,93,0),
(4,28,0),
(4,29,0),
(4,53,0),
(5,3,0),
(5,13,0),
(5,28,0),
(5,31,0),
(5,92,0),
(6,3,0),
(7,85,0),
(7,87,0),
(7,88,0),
(8,100,0),
(9,92,1),
(10,30,1),
(10,29,1),
(11,91,1),
(11,20,1)	;
#	TC`modx_site_plugins`utf8_general_ci	;
CREATE TABLE `modx_site_plugins` (
  `id` int(10) NOT NULL AUTO_INCREMENT,
  `name` varchar(50) NOT NULL DEFAULT '',
  `description` varchar(255) NOT NULL DEFAULT 'Plugin',
  `editor_type` int(11) NOT NULL DEFAULT '0' COMMENT '0-plain text,1-rich text,2-code editor',
  `category` int(11) NOT NULL DEFAULT '0' COMMENT 'category id',
  `cache_type` tinyint(1) NOT NULL DEFAULT '0' COMMENT 'Cache option',
  `plugincode` mediumtext,
  `locked` tinyint(4) NOT NULL DEFAULT '0',
  `properties` text COMMENT 'Default Properties',
  `disabled` tinyint(4) NOT NULL DEFAULT '0' COMMENT 'Disables the plugin',
  `moduleguid` varchar(32) NOT NULL DEFAULT '' COMMENT 'GUID of module from which to import shared parameters',
  PRIMARY KEY (`id`)
) ENGINE=MyISAM AUTO_INCREMENT=12 DEFAULT CHARSET=utf8 COMMENT='Contains the site plugins.'	;
#	TD`modx_site_plugins`utf8_general_ci	;
INSERT INTO `modx_site_plugins` VALUES 
(1,'CodeMirror','<strong>1.2b</strong> JavaScript library that can be used to create a relatively pleasant editor interface based on CodeMirrir 3.13',0,4,0,'$_CM_BASE = \'assets/plugins/codemirror/\';\r\n\r\n$_CM_URL = $modx->config[\'site_url\'] . $_CM_BASE;\r\n\r\nrequire(MODX_BASE_PATH. $_CM_BASE .\'codemirror.plugin.php\');\r\n\r\n',0,'&theme=Theme;list;default,ambiance,blackboard,cobalt,eclipse,elegant,erlang-dark,lesser-dark,midnight,monokai,neat,night,rubyblue,solarized,twilight,vibrant-ink,xq-dark,xq-light; &indentUnit=Indent unit;int;4 &tabSize=The width of a tab character;int;4 &lineWrapping=lineWrapping;list;true,false;true &matchBrackets=matchBrackets;list;true,false;false &activeLine=activeLine;list;true,false;false &emmet=emmet;list;true,false;true &search=search;list;true,false;true',0,''),
(2,'FileSource','<strong>0.1</strong> Save snippet and plugins to file',0,4,0,'require MODX_BASE_PATH.\'assets/plugins/filesource/plugin.filesource.php\';',0,'',0,''),
(3,'Forgot Manager Login','<strong>1.1.6</strong> Resets your manager login when you forget your password via email confirmation',0,4,0,'require MODX_BASE_PATH.\'assets/plugins/forgotmanagerlogin/plugin.forgotmanagerlogin.php\';',0,'',0,''),
(4,'ManagerManager','<strong>0.3.11</strong> Customize the MODx Manager to offer bespoke admin functions for end users.',0,4,0,'$js_default_url_local = $modx->config[\'site_url\']. \'/assets/js/jquery.min.js\';\n$js_default_url_remote = \'http://ajax.googleapis.com/ajax/libs/jquery/1.8/jquery.min.js\';\n$asset_path = $modx->config[\'base_path\'] . \'assets/plugins/managermanager/mm.inc.php\';\ninclude($asset_path);\n',0,'&config_chunk=Configuration Chunk;text;mm_rules; &remove_deprecated_tv_types_pref=Remove deprecated TV types;list;yes,no;yes &which_jquery=jQuery source;list;local (assets/js),remote (google code),manual url (specify below);local (assets/js) &js_src_type=jQuery URL override;text;',0,''),
(5,'Quick Manager+','<strong>1.5.6</strong> Enables QuickManager+ front end content editing support',0,4,0,'// In manager\nif (isset($_SESSION[\'mgrValidated\'])) {\n\n    $show = TRUE;\n\n    if ($disabled  != \'\') {\n        $arr = explode(\",\", $disabled );\n        if (in_array($modx->documentIdentifier, $arr)) {\n            $show = FALSE;\n        }\n    }\n\n    if ($show) {\n        // Replace [*#tv*] with QM+ edit TV button placeholders\n        if ($tvbuttons == \'true\') {\n            $e = $modx->Event;\n            if ($e->name == \'OnParseDocument\') {\n                 $output = &$modx->documentOutput;\n                 $output = preg_replace(\'~\\[\\*#(.*?)\\*\\]~\', \'<!-- \'.$tvbclass.\' $1 -->[*$1*]\', $output);\n                 $modx->documentOutput = $output;\n             }\n         }\n        // In manager\n        if (isset($_SESSION[\'mgrValidated\'])) {\n            include_once($modx->config[\'base_path\'].\'assets/plugins/qm/qm.inc.php\');\n            $qm = new Qm($modx, $jqpath, $loadmanagerjq, $loadfrontendjq, $noconflictjq, $loadtb, $tbwidth, $tbheight, $hidefields, $hidetabs, $hidesections, $addbutton, $tpltype, $tplid, $custombutton, $managerbutton, $logout, $autohide, $editbuttons, $editbclass, $newbuttons, $newbclass, $tvbuttons, $tvbclass);\n        }\n    }\n}',0,'&jqpath=Path to jQuery;text;assets/js/jquery.min.js &loadmanagerjq=Load jQuery in manager;list;true,false;false &loadfrontendjq=Load jQuery in front-end;list;true,false;true &noconflictjq=jQuery noConflict mode in front-end;list;true,false;true &loadtb=Load modal box in front-end;list;true,false;true &tbwidth=Modal box window width;text;80% &tbheight=Modal box window height;text;90% &hidefields=Hide document fields from front-end editors;text;parent &hidetabs=Hide document tabs from front-end editors;text; &hidesections=Hide document sections from front-end editors;text; &addbutton=Show add document here button;list;true,false;true &tpltype=New document template type;list;parent,id,selected;parent &tplid=New document template id;int;3 &custombutton=Custom buttons;textarea; &1=undefined;; &managerbutton=Show go to manager button;list;true,false;true &logout=Logout to;list;manager,front-end;manager &disabled=Plugin disabled on documents;text; &autohide=Autohide toolbar;list;true,false;true &editbuttons=Inline edit buttons;list;true,false;false &editbclass=Edit button CSS class;text;qm-edit &newbuttons=Inline new resource buttons;list;true,false;false &newbclass=New resource button CSS class;text;qm-new &tvbuttons=Inline template variable buttons;list;true,false;false &tvbclass=Template variable button CSS class;text;qm-tv',1,''),
(6,'Search Highlight','<strong>1.5</strong> Used with AjaxSearch to show search terms highlighted on page linked from search results',0,5,0,'/*\n  ------------------------------------------------------------------------\n  Plugin: Search_Highlight v1.5\n  ------------------------------------------------------------------------\n  Changes:\n  18/03/10 - Remove possibility of XSS attempts being passed in the URL\n           - look-behind assertion improved\n  29/03/09 - Removed urldecode calls;\n           - Added check for magic quotes - if set, remove slashes\n           - Highlights terms searched for when target is a HTML entity\n  18/07/08 - advSearch parameter and pcre modifier added\n  10/02/08 - Strip_tags added to avoid sql injection and XSS. Use of $_REQUEST\n  01/03/07 - Added fies/updates from forum from users mikkelwe/identity\n  (better highlight replacement, additional div around term/removal message)\n  ------------------------------------------------------------------------\n  Description: When a user clicks on the link from the AjaxSearch results\n    the target page will have the terms highlighted.\n  ------------------------------------------------------------------------\n  Created By:  Susan Ottwell (sottwell@sottwell.com)\n               Kyle Jaebker (kjaebker@muddydogpaws.com)\n\n  Refactored by Coroico (www.evo.wangba.fr) and TS\n  ------------------------------------------------------------------------\n  Based off the the code by Susan Ottwell (www.sottwell.com)\n    http://modxcms.com/forums/index.php/topic,1237.0.html\n  ------------------------------------------------------------------------\n  CSS:\n    The classes used for the highlighting are the same as the AjaxSearch\n  ------------------------------------------------------------------------\n  Notes:\n    To add a link to remove the highlighting and to show the searchterms\n    put the following on your page where you would like this to appear:\n\n      <!--search_terms-->\n\n    Example output for this:\n\n      Search Terms: the, template\n      Remove Highlighting\n\n    Set the following variables to change the text:\n\n      $termText - the text before the search terms\n      $removeText - the text for the remove link\n  ------------------------------------------------------------------------\n*/\nglobal $database_connection_charset;\n// Conversion code name between html page character encoding and Mysql character encoding\n// Some others conversions should be added if needed. Otherwise Page charset = Database charset\n$pageCharset = array(\n  \'utf8\' => \'UTF-8\',\n  \'latin1\' => \'ISO-8859-1\',\n  \'latin2\' => \'ISO-8859-2\'\n);\n\nif (isset($_REQUEST[\'searched\']) && isset($_REQUEST[\'highlight\'])) {\n\n  // Set these to customize the text for the highlighting key\n  // --------------------------------------------------------\n     $termText = \'<div class=\"searchTerms\">Search Terms: \';\n     $removeText = \'Remove Highlighting\';\n  // --------------------------------------------------------\n\n  $highlightText = $termText;\n  $advsearch = \'oneword\';\n\n  $dbCharset = $database_connection_charset;\n  $pgCharset = array_key_exists($dbCharset,$pageCharset) ? $pageCharset[$dbCharset] : $dbCharset;\n\n  // magic quotes check\n  if (get_magic_quotes_gpc()){\n    $searched = strip_tags(stripslashes($_REQUEST[\'searched\']));\n    $highlight = strip_tags(stripslashes($_REQUEST[\'highlight\']));\n    if (isset($_REQUEST[\'advsearch\'])) $advsearch = strip_tags(stripslashes($_REQUEST[\'advsearch\']));\n  }\n  else {\n    $searched = strip_tags($_REQUEST[\'searched\']);\n    $highlight = strip_tags($_REQUEST[\'highlight\']);\n    if (isset($_REQUEST[\'advsearch\'])) $advsearch = strip_tags($_REQUEST[\'advsearch\']);\n  }\n\n  if ($advsearch != \'nowords\') {\n\n    $searchArray = array();\n    if ($advsearch == \'exactphrase\') $searchArray[0] = $searched;\n    else $searchArray = explode(\' \', $searched);\n\n    $searchArray = array_unique($searchArray);\n    $nbterms = count($searchArray);\n    $searchTerms = array();\n    for($i=0;$i<$nbterms;$i++){\n      // Consider all possible combinations\n      $word_ents = array();\n      $word_ents[] = $searchArray[$i];\n      $word_ents[] = htmlentities($searchArray[$i], ENT_NOQUOTES, $pgCharset);\n      $word_ents[] = htmlentities($searchArray[$i], ENT_COMPAT, $pgCharset);\n      $word_ents[] = htmlentities($searchArray[$i], ENT_QUOTES, $pgCharset);\n      // Avoid duplication\n      $word_ents = array_unique($word_ents);\n      foreach($word_ents as $word) $searchTerms[]= array(\'term\' => $word, \'class\' => $i+1);\n    }\n\n    $output = $modx->documentOutput; // get the parsed document\n    $body = explode(\"<body\", $output); // break out the head\n\n    $highlightClass = explode(\' \',$highlight); // break out the highlight classes\n    /* remove possibility of XSS attempts being passed in URL */\n    foreach ($highlightClass as $key => $value) {\n       $highlightClass[$key] = preg_match(\'/[^A-Za-z0-9_-]/ms\', $value) == 1 ? \'\' : $value;\n    }\n\n    $pcreModifier = ($pgCharset == \'UTF-8\') ? \'iu\' : \'i\';\n    $lookBehind = \'/(?<!&|&[\\w#]|&[\\w#]\\w|&[\\w#]\\w\\w|&[\\w#]\\w\\w\\w|&[\\w#]\\w\\w\\w\\w|&[\\w#]\\w\\w\\w\\w\\w)\';  // avoid a match with a html entity\n    $lookAhead = \'(?=[^>]*<)/\'; // avoid a match with a html tag\n\n    $nbterms = count($searchTerms);\n    for($i=0;$i<$nbterms;$i++){\n      $word = $searchTerms[$i][\'term\'];\n      $class = $highlightClass[0].\' \'.$highlightClass[$searchTerms[$i][\'class\']];\n\n      $highlightText .= ($i > 0) ? \', \' : \'\';\n      $highlightText .= \'<span class=\"\'.$class.\'\">\'.$word.\'</span>\';\n\n      $pattern = $lookBehind . preg_quote($word, \'/\') . $lookAhead . $pcreModifier;\n      $replacement = \'<span class=\"\' . $class . \'\">${0}</span>\';\n      $body[1] = preg_replace($pattern, $replacement, $body[1]);\n    }\n\n    $output = implode(\"<body\", $body);\n\n    $removeUrl = $modx->makeUrl($modx->documentIdentifier);\n    $highlightText .= \'<br /><a href=\"\'.$removeUrl.\'\" class=\"ajaxSearch_removeHighlight\">\'.$removeText.\'</a></div>\';\n\n    $output = str_replace(\'<!--search_terms-->\',$highlightText,$output);\n    $modx->documentOutput = $output;\n  }\n}',0,'',1,''),
(7,'TinyMCE Rich Text Editor','<strong>3.5.8</strong> Javascript WYSIWYG Editor',0,4,0,'require MODX_BASE_PATH.\'assets/plugins/tinymce/plugin.tinymce.php\';\n',0,'&customparams=Custom Parameters;textarea;valid_elements : \"*[*]\", &mce_formats=Block Formats;text;p,h1,h2,h3,h4,h5,h6,div,blockquote,code,pre &entity_encoding=Entity Encoding;list;named,numeric,raw;named &entities=Entities;text; &mce_path_options=Path Options;list;Site config,Absolute path,Root relative,URL,No convert;Site config &mce_resizing=Advanced Resizing;list;true,false;true &disabledButtons=Disabled Buttons;text; &link_list=Link List;list;enabled,disabled;enabled &webtheme=Web Theme;list;simple,editor,creative,custom;simple &webPlugins=Web Plugins;text;style,advimage,advlink,searchreplace,contextmenu,paste,fullscreen,xhtmlxtras,media &webButtons1=Web Buttons 1;text;undo,redo,selectall,|,pastetext,pasteword,|,search,replace,|,hr,charmap,|,image,link,unlink,anchor,media,|,cleanup,removeformat,|,fullscreen,code,help &webButtons2=Web Buttons 2;text;bold,italic,underline,strikethrough,sub,sup,|,|,blockquote,bullist,numlist,outdent,indent,|,justifyleft,justifycenter,justifyright,justifyfull,|,styleselect,formatselect,|,styleprops &webButtons3=Web Buttons 3;text; &webButtons4=Web Buttons 4;text; &webAlign=Web Toolbar Alignment;list;ltr,rtl;ltr &width=Width;text;95% &height=Height;text;500',0,''),
(8,'TransAlias','<strong>1.0.2</strong> Human readible URL translation supporting multiple languages and overrides',0,4,0,'require MODX_BASE_PATH.\'assets/plugins/transalias/plugin.transalias.php\';',0,'&table_name=Trans table;list;common,russian,dutch,german,czech,utf8,utf8lowercase;russian &char_restrict=Restrict alias to;list;lowercase alphanumeric,alphanumeric,legal characters;legal characters &remove_periods=Remove Periods;list;Yes,No;Yes &word_separator=Word Separator;list;dash,underscore,none;dash &override_tv=Override TV name;string;',0,' '),
(9,'PHx','',0,0,0,'//<?php\r\n/**\r\n * phx \r\n * \r\n * (Placeholders Xtended) Adds the capability of output modifiers when using placeholders, template variables and settings tags\r\n *\r\n * @category    plugin\r\n * @version     2.2.0\r\n * @author      Armand \"bS\" Pondman (apondman@zerobarrier.nl)\r\n * @internal    @properties &phxdebug=Log events;int;0 &phxmaxpass=Max. Passes;int;50\r\n * @internal    @events OnParseDocument\r\n * @internal    @modx_category Manager and Admin\r\n */\r\n\r\ninclude_once $modx->config[\'rb_base_dir\'] . \"plugins/phx/phx.parser.class.inc.php\";\r\n\r\n$e = &$modx->Event;\r\n\r\n$PHx = new PHxParser($phxdebug,$phxmaxpass);\r\n\r\nswitch($e->name) {\r\n	case \'OnParseDocument\':\r\n		$PHx->OnParseDocument();\r\n		break;\r\n\r\n}',0,'',0,' '),
(10,'TVimageResizer','Плагин для создания миниатюр TV параметров',0,0,0,'require_once(\"../assets/plugins/tvimageresizer/TVimageResizer.inc.php\");',0,'&tv_ids=TV IDs;string;8 &dirs=Thumb folders;string;small~medium~large &width=Width;string;70~220~ &height=Height;string;70~190~ &rcorner=Corners percentage of clipping;string; &backgroundColor=Background color;string;#FFFFFF &watermark=Watermark image path (png);string; &watermarkPos=Watermark position;string;90% 90% &cprighttext=Copyright text;string; &quality=Quality;int;90 &mirror=Mirror effect;list;yes,no;no &crop=Cropping;list;yes,no,crop_resized,fill_resized;fill_resized &save_o_name=Save only name;list;yes,no;no &rename_images=Rename images;list;yes,no;no &refresh_all_images=Refresh all images;list;yes,no;no',0,' '),
(11,'ajaxSubmit','Плагин вырезает всё лишнее из содержимого страницы, оставляя только вывод нужного сниппета, при аякс-запросах.',0,0,0,'\r\n/**\r\n * ajaxSubmit\r\n *\r\n * Ajax sending of any form\r\n *\r\n * @category    plugin\r\n * @version     1.0\r\n * @license     http://www.gnu.org/copyleft/gpl.html GNU Public License (GPL)\r\n * @package     modx\r\n * @author      Andchir\r\n * @internal    @properties &post_signal=Post signal name;string;ajax_submit &check_referer=Check referer;list;yes,no;yes\r\n * @internal    @events OnLoadWebDocument,OnLoadWebPageCache\r\n * @internal    @modx_category Forms\r\n */\r\n\r\nif(!isset($post_signal)) $post_signal = \'ajax_submit\';\r\nif(!isset($check_referer)) $check_referer = \'yes\';\r\n\r\n$e = $modx->Event;\r\n\r\nif ($e->name == \'OnLoadWebDocument\' || $e->name == \'OnLoadWebPageCache\'){\r\n  \r\n  $output = \'\';\r\n  \r\n  $referer_valid = $check_referer==\'yes\' ? in_array(strpos($_SERVER[\'HTTP_REFERER\'],$_SERVER[\'HTTP_HOST\']),array(7,8)) : true;\r\n  \r\n  if(isset($_SERVER[\'HTTP_X_REQUESTED_WITH\']) && strtolower($_SERVER[\'HTTP_X_REQUESTED_WITH\']) == \'xmlhttprequest\' && $referer_valid){\r\n    \r\n    if(isset($_POST[$post_signal])){\r\n        \r\n        class exDocumentParser extends DocumentParser {\r\n          function sendRedirect() {\r\n            return true;\r\n          }\r\n          function innerHTML($node){\r\n            $doc = new DOMDocument();\r\n            foreach ($node->childNodes as $child)\r\n                $doc->appendChild($doc->importNode($child, true));\r\n            return $doc->saveHTML();\r\n          }\r\n        }\r\n        \r\n        $xpath = $_POST[$post_signal];\r\n        \r\n        define(AS_PATH, MODX_BASE_PATH.\'assets/plugins/ajax_submit/\');\r\n        define(AS_URL_PATH, MODX_BASE_URL.\'assets/plugins/ajax_submit/\');\r\n        \r\n        $parser = new exDocumentParser;\r\n        $parser->db->connect();\r\n        $parser->getSettings();\r\n        $parser->config = $modx->config;\r\n        $parser->documentObject = $modx->documentObject;\r\n        $parser->documentIdentifier = $modx->documentIdentifier;\r\n        $parser->aliasListing = $modx->aliasListing;\r\n        $parser->snippetCache = $modx->snippetCache;\r\n        $parser->chunkCache = $modx->chunkCache;\r\n        $parser->documentListing = $modx->documentListing;\r\n        $parser->documentMap = $modx->documentMap;\r\n        \r\n        $html = $modx->documentContent;\r\n        $html = $parser->mergeChunkContent($html);\r\n        $html = $parser->mergeDocumentContent($html);\r\n        $html = $parser->mergeSettingsContent($html);\r\n        $html = $parser->parseDocumentSource($html);\r\n        if(strpos($html, \'[!\') > -1){\r\n            $html = str_replace(array(\'[!\',\'!]\'),array(\'[[\',\']]\'),$html);\r\n            $html = $parser->parseDocumentSource($html);\r\n        }\r\n        $html = $parser->rewriteUrls($html);\r\n        \r\n        if($modx->config[\'modx_charset\']==\"UTF-8\"){\r\n            $html = mb_convert_encoding($html, \'HTML-ENTITIES\', \'utf-8\');\r\n        }\r\n        \r\n        //search snippet content in html\r\n        require_once AS_PATH.\'Dom/Query.php\';\r\n        $dom = new Zend_Dom_Query($html);\r\n        $results = $dom->query($xpath);\r\n        if (count($results) > 0){\r\n            $output = $parser->innerHTML($results->current());\r\n            $output = trim($output);\r\n        }\r\n        \r\n        if(!$output) $output = \'success\';\r\n        \r\n        echo $output;\r\n        exit;\r\n        \r\n    }\r\n    \r\n  }\r\n  \r\n}\r\n',0,'&post_signal=Post signal name;string;ajax_submit &check_referer=Check referer;list;yes,no;yes',0,' ')	;
#	TC`modx_site_snippets`utf8_general_ci	;
CREATE TABLE `modx_site_snippets` (
  `id` int(10) NOT NULL AUTO_INCREMENT,
  `name` varchar(50) NOT NULL DEFAULT '',
  `description` varchar(255) NOT NULL DEFAULT 'Snippet',
  `editor_type` int(11) NOT NULL DEFAULT '0' COMMENT '0-plain text,1-rich text,2-code editor',
  `category` int(11) NOT NULL DEFAULT '0' COMMENT 'category id',
  `cache_type` tinyint(1) NOT NULL DEFAULT '0' COMMENT 'Cache option',
  `snippet` mediumtext,
  `locked` tinyint(4) NOT NULL DEFAULT '0',
  `properties` text COMMENT 'Default Properties',
  `moduleguid` varchar(32) NOT NULL DEFAULT '' COMMENT 'GUID of module from which to import shared parameters',
  PRIMARY KEY (`id`)
) ENGINE=MyISAM AUTO_INCREMENT=24 DEFAULT CHARSET=utf8 COMMENT='Contains the site snippets.'	;
#	TD`modx_site_snippets`utf8_general_ci	;
INSERT INTO `modx_site_snippets` VALUES 
(1,'AjaxSearch','<strong>1.9.3b</strong> Ajax and non-Ajax search that supports results highlighting',0,5,0,'return require MODX_BASE_PATH.\'assets/snippets/ajaxSearch/snippet.ajaxSearch.php\';',0,'',''),
(2,'Breadcrumbs','<strong>1.0.3</strong> Configurable breadcrumb page-trail navigation',0,6,0,'return require MODX_BASE_PATH.\'assets/snippets/breadcrumbs/snippet.breadcrumbs.php\';',0,'',''),
(3,'Ditto','<strong>2.1.1</strong> Summarizes and lists pages to create blogs, catalogs, PR archives, bio listings and more',0,7,0,'return require MODX_BASE_PATH.\'assets/snippets/ditto/snippet.ditto.php\';',0,'',''),
(4,'eForm','<strong>1.4.4.7</strong> Robust form parser/processor with validation, multiple sending options, chunk/page support for forms and reports, and file uploads',0,8,0,'return require MODX_BASE_PATH.\'assets/snippets/eform/snippet.eform.php\';',0,'',''),
(5,'FirstChildRedirect','<strong>1.0</strong> Automatically redirects to the first child of a Container Resource',0,6,0,'return require MODX_BASE_PATH.\'assets/snippets/firstchildredirect/snippet.firstchildredirect.php\';',0,'',''),
(6,'if','<strong>1.2</strong> A simple conditional snippet. Allows for eq/neq/lt/gt/etc logic within templates, resources, chunks, etc.',0,6,0,'return require MODX_BASE_PATH.\'assets/snippets/if/snippet.if.php\';',0,'',''),
(7,'Jot','<strong>1.1.4</strong> User comments with moderation and email subscription',0,7,0,'/*####\n#\n# Author: Armand \"bS\" Pondman (apondman@zerobarrier.nl)\n#\n# Latest Version: http://modxcms.com/Jot-998.html\n# Jot Demo Site: http://projects.zerobarrier.nl/modx/\n# Documentation: http://wiki.modxcms.com/index.php/Jot (wiki)\n#\n####*/\n\n$jotPath = $modx->config[\'base_path\'] . \'assets/snippets/jot/\';\ninclude_once($jotPath.\'jot.class.inc.php\');\n\n$Jot = new CJot;\n$Jot->VersionCheck(\"1.1.4\");\n$Jot->Set(\"path\",$jotPath);\n$Jot->Set(\"action\", $action);\n$Jot->Set(\"postdelay\", $postdelay);\n$Jot->Set(\"docid\", $docid);\n$Jot->Set(\"tagid\", $tagid);\n$Jot->Set(\"subscribe\", $subscribe);\n$Jot->Set(\"moderated\", $moderated);\n$Jot->Set(\"captcha\", $captcha);\n$Jot->Set(\"badwords\", $badwords);\n$Jot->Set(\"bw\", $bw);\n$Jot->Set(\"sortby\", $sortby);\n$Jot->Set(\"numdir\", $numdir);\n$Jot->Set(\"customfields\", $customfields);\n$Jot->Set(\"guestname\", $guestname);\n$Jot->Set(\"canpost\", $canpost);\n$Jot->Set(\"canview\", $canview);\n$Jot->Set(\"canedit\", $canedit);\n$Jot->Set(\"canmoderate\", $canmoderate);\n$Jot->Set(\"trusted\", $trusted);\n$Jot->Set(\"pagination\", $pagination);\n$Jot->Set(\"placeholders\", $placeholders);\n$Jot->Set(\"subjectSubscribe\", $subjectSubscribe);\n$Jot->Set(\"subjectModerate\", $subjectModerate);\n$Jot->Set(\"subjectAuthor\", $subjectAuthor);\n$Jot->Set(\"notify\", $notify);\n$Jot->Set(\"notifyAuthor\", $notifyAuthor);\n$Jot->Set(\"validate\", $validate);\n$Jot->Set(\"title\", $title);\n$Jot->Set(\"authorid\", $authorid);\n$Jot->Set(\"css\", $css);\n$Jot->Set(\"cssFile\", $cssFile);\n$Jot->Set(\"cssRowAlt\", $cssRowAlt);\n$Jot->Set(\"cssRowMe\", $cssRowMe);\n$Jot->Set(\"cssRowAuthor\", $cssRowAuthor);\n$Jot->Set(\"tplForm\", $tplForm);\n$Jot->Set(\"tplComments\", $tplComments);\n$Jot->Set(\"tplModerate\", $tplModerate);\n$Jot->Set(\"tplNav\", $tplNav);\n$Jot->Set(\"tplNotify\", $tplNotify);\n$Jot->Set(\"tplNotifyModerator\", $tplNotifyModerator);\n$Jot->Set(\"tplNotifyAuthor\", $tplNotifyAuthor);\n$Jot->Set(\"tplSubscribe\", $tplSubscribe);\n$Jot->Set(\"debug\", $debug);\n$Jot->Set(\"output\", $output);\nreturn $Jot->Run();',0,'',''),
(8,'ListIndexer','<strong>1.0.1</strong> A flexible way to show the most recent Resources and other Resource lists',0,6,0,'return require MODX_BASE_PATH.\'assets/snippets/listindexer/snippet.listindexer.php\';',0,'',''),
(9,'MemberCheck','<strong>1.1</strong> Show chunks based on a logged in Web User\'s group membership',0,3,0,'return require MODX_BASE_PATH.\'assets/snippets/membercheck/snippet.membercheck.php\';',0,'',''),
(10,'Personalize','<strong>2.1</strong> Personalize snippet',0,3,0,'return require MODX_BASE_PATH.\'assets/snippets/personalize/snippet.personalize.php\';',0,'',''),
(11,'phpthumb','<strong>1.1</strong> PHPThumb creates thumbnails and altered images on the fly and caches them',0,7,0,'return require MODX_BASE_PATH.\'assets/snippets/phpthumb/snippet.phpthumb.php\';\r\n',0,'',''),
(12,'Reflect','<strong>2.1.0</strong> Generates date-based archives using Ditto',0,7,0,'/*\n * Author: \n *      Mark Kaplan for MODx CMF\n * \n * Note: \n *      If Reflect is not retrieving its own documents, make sure that the\n *          Ditto call feeding it has all of the fields in it that you plan on\n *       calling in your Reflect template. Furthermore, Reflect will ONLY\n *          show what is currently in the Ditto result set.\n *       Thus, if pagination is on it will ONLY show that page\'s items.\n*/\n \n\n// ---------------------------------------------------\n//  Includes\n// ---------------------------------------------------\n\n$reflect_base = isset($reflect_base) ? $modx->config[\'base_path\'].$reflect_base : $modx->config[\'base_path\'].\"assets/snippets/reflect/\";\n/*\n    Param: ditto_base\n    \n    Purpose:\n    Location of Ditto files\n\n    Options:\n    Any valid folder location containing the Ditto source code with a trailing slash\n\n    Default:\n    [(base_path)]assets/snippets/ditto/\n*/\n\n$config = (isset($config)) ? $config : \"default\";\n/*\n    Param: config\n\n    Purpose:\n    Load a custom configuration\n\n    Options:\n    \"default\" - default blank config file\n    CONFIG_NAME - Other configs installed in the configs folder or in any folder within the MODx base path via @FILE\n\n    Default:\n    \"default\"\n    \n    Related:\n    - <extenders>\n*/\n\nrequire($reflect_base.\"configs/default.config.php\");\nrequire($reflect_base.\"default.templates.php\");\nif ($config != \"default\") {\n    require((substr($config, 0, 5) != \"@FILE\") ? $reflect_base.\"configs/$config.config.php\" : $modx->config[\'base_path\'].trim(substr($config, 5)));\n}\n\n// ---------------------------------------------------\n//  Parameters\n// ---------------------------------------------------\n\n$id = isset($id) ? $id.\"_\" : false;\n/*\n    Param: id\n\n    Purpose:\n    Unique ID for this Ditto instance for connection with other scripts (like Reflect) and unique URL parameters\n\n    Options:\n    Any valid folder location containing the Ditto source code with a trailing slash\n\n    Default:\n    \"\" - blank\n*/\n$getDocuments = isset($getDocuments) ? $getDocuments : 0;\n/*\n    Param: getDocuments\n\n    Purpose:\n    Force Reflect to get documents\n\n    Options:\n    0 - off\n    1 - on\n    \n    Default:\n    0 - off\n*/\n$showItems = isset($showItems) ? $showItems : 1;\n/*\n    Param: showItems\n\n    Purpose:\n    Show individual items in the archive\n\n    Options:\n    0 - off\n    1 - on\n    \n    Default:\n    1 - on\n*/\n$groupByYears = isset($groupByYears)? $groupByYears : 1;\n/*\n    Param: groupByYears\n\n    Purpose:\n    Group the archive by years\n\n    Options:\n    0 - off\n    1 - on\n    \n    Default:\n    1 - on\n*/\n$targetID = isset($targetID) ? $targetID : $modx->documentObject[\'id\'];\n/*\n    Param: targetID\n\n    Purpose:\n    ID for archive links to point to\n\n    Options:\n    Any MODx document with a Ditto call setup with extenders=`dateFilter`\n    \n    Default:\n    Current MODx Document\n*/\n$dateSource = isset($dateSource) ? $dateSource : \"createdon\";\n/*\n    Param: dateSource\n\n    Purpose:\n    Date source to display for archive items\n\n    Options:\n    # - Any UNIX timestamp from MODx fields or TVs such as createdon, pub_date, or editedon\n    \n    Default:\n    \"createdon\"\n    \n    Related:\n    - <dateFormat>\n*/\n$dateFormat = isset($dateFormat) ? $dateFormat : \"%d-%b-%y %H:%M\";  \n/*\n    Param: dateFormat\n\n    Purpose:\n    Format the [+date+] placeholder in human readable form\n\n    Options:\n    Any PHP valid strftime option\n\n    Default:\n    \"%d-%b-%y %H:%M\"\n    \n    Related:\n    - <dateSource>\n*/\n$yearSortDir = isset($yearSortDir) ? $yearSortDir : \"DESC\";\n/*\n    Param: yearSortDir\n\n    Purpose:\n    Direction to sort documents\n\n    Options:\n    ASC - ascending\n    DESC - descending\n\n    Default:\n    \"DESC\"\n    \n    Related:\n    - <monthSortDir>\n*/\n$monthSortDir = isset($monthSortDir) ? $monthSortDir : \"ASC\";\n/*\n    Param: monthSortDir\n\n    Purpose:\n    Direction to sort the months\n\n    Options:\n    ASC - ascending\n    DESC - descending\n\n    Default:\n    \"ASC\"\n    \n    Related:\n    - <yearSortDir>\n*/\n$start = isset($start)? intval($start) : 0;\n/*\n    Param: start\n\n    Purpose:\n    Number of documents to skip in the results\n    \n    Options:\n    Any number\n\n    Default:\n    0\n*/  \n$phx = (isset($phx))? $phx : 1;\n/*\n    Param: phx\n\n    Purpose:\n    Use PHx formatting\n\n    Options:\n    0 - off\n    1 - on\n    \n    Default:\n    1 - on\n*/\n\n// ---------------------------------------------------\n//  Initialize Ditto\n// ---------------------------------------------------\n$placeholder = ($id != false && $getDocuments == 0) ? true : false;\nif ($placeholder === false) {\n    $rID = \"reflect_\".rand(1,1000);\n    $itemTemplate = isset($tplItem) ? $tplItem: \"@CODE:\".$defaultTemplates[\'item\'];\n    $dParams = array(\n        \"id\" => \"$rID\",\n        \"save\" => \"3\",  \n        \"summarize\" => \"all\",\n        \"tpl\" => $itemTemplate,\n    );\n    \n    $source = $dittoSnippetName;\n    $params = $dittoSnippetParameters;\n        // TODO: Remove after 3.0\n        \n    if (isset($params)) {\n        $givenParams = explode(\"|\",$params);\n        foreach ($givenParams as $parameter) {\n            $p = explode(\":\",$parameter);\n            $dParams[$p[0]] = $p[1];\n        }\n    }\n    /*\n        Param: params\n\n        Purpose:\n        Pass parameters to the Ditto instance used to retreive the documents\n\n        Options:\n        Any valid ditto parameters in the format name:value \n        with multiple parameters separated by a pipe (|)\n        \n        Note:\n        This parameter is only needed for config, start, and phx as you can\n        now simply use the parameter as if Reflect was Ditto\n\n        Default:\n        [NULL]\n    */\n    \n    $reflectParameters = array(\'reflect_base\',\'config\',\'id\',\'getDocuments\',\'showItems\',\'groupByYears\',\'targetID\',\'yearSortDir\',\'monthSortDir\',\'start\',\'phx\',\'tplContainer\',\'tplYear\',\'tplMonth\',\'tplMonthInner\',\'tplItem\',\'save\');\n    $params =& $modx->event->params;\n    if(is_array($params)) {\n        foreach ($params as $param=>$value) {\n            if (!in_array($param,$reflectParameters) && substr($param,-3) != \'tpl\') {\n                $dParams[$param] = $value;\n            }\n        }\n    }\n\n    $source = isset($source) ? $source : \"Ditto\";\n    /*\n        Param: source\n\n        Purpose:\n        Name of the Ditto snippet to use\n\n        Options:\n        Any valid snippet name\n\n        Default:\n        \"Ditto\"\n    */\n    $snippetOutput = $modx->runSnippet($source,$dParams);\n    $ditto = $modx->getPlaceholder($rID.\"_ditto_object\");\n    $resource = $modx->getPlaceholder($rID.\"_ditto_resource\");\n} else {\n    $ditto = $modx->getPlaceholder($id.\"ditto_object\");\n    $resource = $modx->getPlaceholder($id.\"ditto_resource\");\n}\nif (!is_object($ditto) || !isset($ditto) || !isset($resource)) {\n    return !empty($snippetOutput) ? $snippetOutput : \"The Ditto object is invalid. Please check it.\";\n}\n\n// ---------------------------------------------------\n//  Templates\n// ---------------------------------------------------\n\n$templates[\'tpl\'] = isset($tplContainer) ? $ditto->template->fetch($tplContainer): $defaultTemplates[\'tpl\'];\n/*\n    Param: tplContainer\n\n    Purpose:\n    Container template for the archive\n\n    Options:\n    - Any valid chunk name\n    - Code via @CODE:\n    - File via @FILE:\n\n    Default:\n    See default.tempates.php\n*/\n$templates[\'year\'] = isset($tplYear) ? $ditto->template->fetch($tplYear): $defaultTemplates[\'year\'];\n/*\n    Param: tplYear\n\n    Purpose:\n    Template for the year item\n\n    Options:\n    - Any valid chunk name\n    - Code via @CODE:\n    - File via @FILE:\n\n    Default:\n    See default.tempates.php\n*/\n$templates[\'year_inner\'] = isset($tplYearInner) ? $ditto->template->fetch($tplYearInner): $defaultTemplates[\'year_inner\'];\n/*\n    Param: tplYearInner\n\n    Purpose:\n    Template for the year item (the ul to hold the year template)\n\n    Options:\n    - Any valid chunk name\n    - Code via @CODE:\n    - File via @FILE:\n\n    Default:\n    See default.tempates.php\n*/\n$templates[\'month\'] = isset($tplMonth) ? $ditto->template->fetch($tplMonth): $defaultTemplates[\'month\'];\n/*\n    Param: tplMonth\n\n    Purpose:\n    Template for the month item\n\n    Options:\n    - Any valid chunk name\n    - Code via @CODE:\n    - File via @FILE:\n\n    Default:\n    See default.tempates.php\n*/\n$templates[\'month_inner\'] = isset($tplMonthInner) ? $ditto->template->fetch($tplMonthInner): $defaultTemplates[\'month_inner\'];\n/*\n    Param: tplMonthInner\n\n    Purpose:\n    Template for the month item  (the ul to hold the month template)\n\n    Options:\n    - Any valid chunk name\n    - Code via @CODE:\n    - File via @FILE:\n\n    Default:\n    See default.tempates.php\n*/\n$templates[\'item\'] = isset($tplItem) ? $ditto->template->fetch($tplItem): $defaultTemplates[\'item\'];\n/*\n    Param: tplItem\n\n    Purpose:\n    Template for the individual item\n\n    Options:\n    - Any valid chunk name\n    - Code via @CODE:\n    - File via @FILE:\n\n    Default:\n    See default.tempates.php\n*/\n\n$ditto->addField(\"date\",\"display\",\"custom\");\n    // force add the date field if receiving data from a Ditto instance\n\n// ---------------------------------------------------\n//  Reflect\n// ---------------------------------------------------\n\nif (function_exists(\"reflect\") === FALSE) {\nfunction reflect($templatesDocumentID, $showItems, $groupByYears, $resource, $templatesDateSource, $dateFormat, $ditto, $templates,$id,$start,$yearSortDir,$monthSortDir) {\n    global $modx;\n    $cal = array();\n    $output = \'\';\n    $ph = array(\'year\'=>\'\',\'month\'=>\'\',\'item\'=>\'\',\'out\'=>\'\');\n    $build = array();\n    $stop = count($resource);\n\n    // loop and fetch all the results\n    for ($i = $start; $i < $stop; $i++) {\n        $date = getdate($resource[$i][$templatesDateSource]);\n        $year = $date[\"year\"];\n        $month = $date[\"mon\"];\n        $cal[$year][$month][] = $resource[$i];\n    }\n    if ($yearSortDir == \"DESC\") {\n        krsort($cal);\n    } else {\n        ksort($cal);\n    }\n    foreach ($cal as $year=>$months) {\n        if ($monthSortDir == \"ASC\") {\n            ksort($months);\n        } else {\n            krsort($months);\n        }\n        $build[$year] = $months;\n    }\n    \n    foreach ($build as $year=>$months) {\n        $r_year = \'\';\n        $r_month = \'\';\n        $r_month_2 = \'\';\n        $year_count = 0;\n        $items = array();\n        \n        foreach ($months as $mon=>$month) {\n            $month_text = strftime(\"%B\", mktime(10, 10, 10, $mon, 10, $year));\n            $month_url = $ditto->buildURL(\"month=\".$mon.\"&year=\".$year.\"&day=false&start=0\",$templatesDocumentID,$id);\n            $month_count = count($month);\n            $year_count += $month_count;\n            $r_month = $ditto->template->replace(array(\"year\"=>$year,\"month\"=>$month_text,\"url\"=>$month_url,\"count\"=>$month_count),$templates[\'month\']);\n            if ($showItems) {\n                foreach ($month as $item) {\n                    $items[$year][$mon][\'items\'][] = $ditto->render($item, $templates[\'item\'], false, $templatesDateSource, $dateFormat, array(),$phx);\n                }\n                $r_month_2 = $ditto->template->replace(array(\'wrapper\' => implode(\'\',$items[$year][$mon][\'items\'])),$templates[\'month_inner\']);\n                $items[$year][$mon] = $ditto->template->replace(array(\'wrapper\' => $r_month_2),$r_month);\n            } else {\n                $items[$year][$mon] = $r_month;\n            }\n        }\n        if ($groupByYears) {\n            $year_url = $ditto->buildURL(\"year=\".$year.\"&month=false&day=false&start=0\",$templatesDocumentID,$id);\n            $r_year =  $ditto->template->replace(array(\"year\"=>$year,\"url\"=>$year_url,\"count\"=>$year_count),$templates[\'year\']);\n            $var = $ditto->template->replace(array(\'wrapper\'=>implode(\'\',$items[$year])),$templates[\'year_inner\']);\n            $output .= $ditto->template->replace(array(\'wrapper\'=>$var),$r_year);\n        } else {\n            $output .= implode(\'\',$items[$year]);\n        }\n    }\n\n    $output = $ditto->template->replace(array(\'wrapper\'=>$output),$templates[\'tpl\']);\n    $modx->setPlaceholder($id.\'reset\',$ditto->buildURL(\'year=false&month=false&day=false\',$templatesDocumentID,$id));\n\nreturn $output;\n    \n}\n}\n\nreturn reflect($targetID, $showItems, $groupByYears, $resource, $dateSource, $dateFormat, $ditto, $templates,$id,$start,$yearSortDir,$monthSortDir);',0,'',''),
(13,'UltimateParent','<strong>2.0</strong> Travels up the document tree from a specified document and returns its \"ultimate\" non-root parent',0,6,0,'return require MODX_BASE_PATH.\'assets/snippets/ultimateparent/snippet.ultimateparent.php\';',0,'',''),
(14,'Wayfinder','<strong>2.0.1</strong> Completely template-driven and highly flexible menu builder',0,6,0,'return require MODX_BASE_PATH.\'assets/snippets/wayfinder/snippet.wayfinder.php\';',0,'',''),
(15,'WebChangePwd','<strong>1.0</strong> Allows Web User to change their password from the front-end of the website',0,3,0,'# Created By Raymond Irving April, 2005\n#::::::::::::::::::::::::::::::::::::::::\n# Params:	\n#\n#	&tpl			- (Optional)\n#		Chunk name or document id to use as a template\n#				  \n#	Note: Templats design:\n#			section 1: change pwd template\n#			section 2: notification template \n#\n# Examples:\n#\n#	[[WebChangePwd? &tpl=`ChangePwd`]] \n\n# Set Snippet Paths \n$snipPath  = (($modx->insideManager())? \"../\":\"\");\n$snipPath .= \"assets/snippets/\";\n\n# check if inside manager\nif ($m = $modx->insideManager()) {\n	return \'\'; # don\'t go any further when inside manager\n}\n\n\n# Snippet customize settings\n$tpl		= isset($tpl)? $tpl:\"\";\n\n# System settings\n$isPostBack		= count($_POST) && isset($_POST[\'cmdwebchngpwd\']);\n\n# Start processing\ninclude_once $snipPath.\"weblogin/weblogin.common.inc.php\";\ninclude_once $snipPath.\"weblogin/webchangepwd.inc.php\";\n\n# Return\nreturn $output;\n\n\n\n',0,'',''),
(16,'WebLogin','<strong>1.1</strong> Allows webusers to login to protected pages in the website, supporting multiple user groups',0,3,0,'# Created By Raymond Irving 2004\n#::::::::::::::::::::::::::::::::::::::::\n# Params:	\n#\n#	&loginhomeid 	- (Optional)\n#		redirects the user to first authorized page in the list.\n#		If no id was specified then the login home page id or \n#		the current document id will be used\n#\n#	&logouthomeid 	- (Optional)\n#		document id to load when user logs out	\n#\n#	&pwdreqid 	- (Optional)\n#		document id to load after the user has submited\n#		a request for a new password\n#\n#	&pwdactid 	- (Optional)\n#		document id to load when the after the user has activated\n#		their new password\n#\n#	&logintext		- (Optional) \n#		Text to be displayed inside login button (for built-in form)\n#\n#	&logouttext 	- (Optional)\n#		Text to be displayed inside logout link (for built-in form)\n#	\n#	&tpl			- (Optional)\n#		Chunk name or document id to as a template\n#				  \n#	Note: Templats design:\n#			section 1: login template\n#			section 2: logout template \n#			section 3: password reminder template \n#\n#			See weblogin.tpl for more information\n#\n# Examples:\n#\n#	[[WebLogin? &loginhomeid=`8` &logouthomeid=`1`]] \n#\n#	[[WebLogin? &loginhomeid=`8,18,7,5` &tpl=`Login`]] \n\n# Set Snippet Paths \n$snipPath = $modx->config[\'base_path\'] . \"assets/snippets/\";\n\n# check if inside manager\nif ($m = $modx->insideManager()) {\n	return \'\'; # don\'t go any further when inside manager\n}\n\n# deprecated params - only for backward compatibility\nif(isset($loginid)) $loginhomeid=$loginid;\nif(isset($logoutid)) $logouthomeid = $logoutid;\nif(isset($template)) $tpl = $template;\n\n# Snippet customize settings\n$liHomeId	= isset($loginhomeid)? explode(\",\",$loginhomeid):array($modx->config[\'login_home\'],$modx->documentIdentifier);\n$loHomeId	= isset($logouthomeid)? $logouthomeid:$modx->documentIdentifier;\n$pwdReqId	= isset($pwdreqid)? $pwdreqid:0;\n$pwdActId	= isset($pwdactid)? $pwdactid:0;\n$loginText	= isset($logintext)? $logintext:\'Login\';\n$logoutText	= isset($logouttext)? $logouttext:\'Logout\';\n$tpl		= isset($tpl)? $tpl:\"\";\n\n# System settings\n$webLoginMode = isset($_REQUEST[\'webloginmode\'])? $_REQUEST[\'webloginmode\']: \'\';\n$isLogOut		= $webLoginMode==\'lo\' ? 1:0;\n$isPWDActivate	= $webLoginMode==\'actp\' ? 1:0;\n$isPostBack		= count($_POST) && (isset($_POST[\'cmdweblogin\']) || isset($_POST[\'cmdweblogin_x\']));\n$txtPwdRem 		= isset($_REQUEST[\'txtpwdrem\'])? $_REQUEST[\'txtpwdrem\']: 0;\n$isPWDReminder	= $isPostBack && $txtPwdRem==\'1\' ? 1:0;\n\n$site_id = isset($site_id)? $site_id: \'\';\n$cookieKey = substr(md5($site_id.\"Web-User\"),0,15);\n\n# Start processing\ninclude_once $snipPath.\"weblogin/weblogin.common.inc.php\";\ninclude_once ($modx->config[\'site_manager_path\'] . \"includes/crypt.class.inc.php\");\n\nif ($isPWDActivate || $isPWDReminder || $isLogOut || $isPostBack) {\n	# include the logger class\n	include_once $modx->config[\'site_manager_path\'] . \"includes/log.class.inc.php\";\n	include_once $snipPath.\"weblogin/weblogin.processor.inc.php\";\n}\n\ninclude_once $snipPath.\"weblogin/weblogin.inc.php\";\n\n# Return\nreturn $output;\n',0,'&loginhomeid=Login Home Id;string; &logouthomeid=Logout Home Id;string; &logintext=Login Button Text;string; &logouttext=Logout Button Text;string; &tpl=Template;string;',''),
(17,'WebSignup','<strong>1.1</strong> Basic Web User account creation/signup system',0,3,0,'# Created By Raymond Irving April, 2005\n#::::::::::::::::::::::::::::::::::::::::\n# Usage:     \n#    Allows a web user to signup for a new web account from the website\n#    This snippet provides a basic set of form fields for the signup form\n#    You can customize this snippet to create your own signup form\n#\n# Params:    \n#\n#    &tpl        - (Optional) Chunk name or document id to use as a template\n#    &groups     - Web users groups to be assigned to users\n#    &useCaptcha - (Optional) Determine to use (1) or not to use (0) captcha\n#                  on signup form - if not defined, will default to system\n#                  setting. GD is required for this feature. If GD is not \n#                  available, useCaptcha will automatically be set to false;\n#                  \n#    Note: Templats design:\n#        section 1: signup template\n#        section 2: notification template \n#\n# Examples:\n#\n#    [[WebSignup? &tpl=`SignupForm` &groups=`NewsReaders,WebUsers`]] \n\n# Set Snippet Paths \n$snipPath = $modx->config[\'base_path\'] . \"assets/snippets/\";\n\n# check if inside manager\nif ($m = $modx->insideManager()) {\n    return \'\'; # don\'t go any further when inside manager\n}\n\n\n# Snippet customize settings\n$tpl = isset($tpl)? $tpl:\"\";\n$useCaptcha = isset($useCaptcha)? $useCaptcha : $modx->config[\'use_captcha\'] ;\n// Override captcha if no GD\nif ($useCaptcha && !gd_info()) $useCaptcha = 0;\n\n# setup web groups\n$groups = isset($groups) ? explode(\',\',$groups):array();\nfor($i=0;$i<count($groups);$i++) $groups[$i] = trim($groups[$i]);\n\n# System settings\n$isPostBack        = count($_POST) && isset($_POST[\'cmdwebsignup\']);\n\n$output = \'\';\n\n# Start processing\ninclude_once $snipPath.\"weblogin/weblogin.common.inc.php\";\ninclude_once $snipPath.\"weblogin/websignup.inc.php\";\n\n# Return\nreturn $output;',0,'&tpl=Template;string;',''),
(18,'ddYMap','',0,0,0,'\r\n/**\r\n * ddYMap.php\r\n * @version 1.1.1 (2013-10-02)\r\n *\r\n * @desc A snippet that allows Yandex.Maps to be rendered on a page in a simple way.\r\n * \r\n * @uses The snippet ddGetDocumentField 2.4 (if position getting from another field is required, see $geoPos).\r\n * \r\n * @note Attention! The jQuery library should be included on the page.\r\n * @note From the pair of field/getField parameters one is required.\r\n * \r\n * @param $geoPos {comma separated string} - Comma separated longitude and latitude. @required\r\n * @param $getField {string} - A field name with position that is required to be got.\r\n * @param $getId {integer} - Document ID with a field value needed to be received. Default: current document.\r\n * @param $mapElementId {string} - Container ID which the map is required to be embed in. Default: \'map\'.\r\n * @param $icon {string} - An icon to use (relative address). Default: without (default icon).\r\n * @param $iconOffset {comma separated string} - An offset of the icon in pixels (x, y).Basic position: the icon is horizontally centered with respect to x and its bottom position is y. Default: \'0,0\'.\r\n * @param $scrollZoom {0; 1} - Allow zoom while scrolling. Default: 0.\r\n * \r\n * @link http://code.divandesign.biz/modx/ddymap/1.1.1\r\n *\r\n * @copyright 2013, DivanDesign\r\n * http://www.DivanDesign.biz\r\n */\r\n\r\n//Если задано имя поля, которое необходимо получить\r\nif (isset($getField)){\r\n	$geoPos = $modx->runSnippet(\'ddGetDocumentField\', array(\r\n		\'id\' => $getId,\r\n		\'field\' => $getField\r\n	));\r\n}\r\n\r\n//Если координаты заданы и не пустые\r\nif (!empty($geoPos)){\r\n	$mapElementId = isset($mapElementId) ? $mapElementId : \'map\';\r\n	\r\n	//Подключаем библиотеку карт\r\n	$modx->regClientStartupScript(\'http://api-maps.yandex.ru/2.0-stable/?load=package.standard&amp;lang=ru-RU\', array(\'name\' => \'api-maps.yandex.ru\', \'version\' => \'2.0-stable\'));\r\n	//Подключаем $.ddYMap\r\n	$modx->regClientStartupScript(\'assets/js/jquery.ddYMap-1.0.min.js\', array(\'name\' => \'$.ddYMap\', \'version\' => \'1.0\'));\r\n	\r\n	//Инлайн-скрипт инициализации\r\n	$inlineScript = \'(function($){$(function(){$.ddYMap.init({elementId: \"\'.$mapElementId.\'\", latLng: new Array(\'.$geoPos.\')\';\r\n	\r\n	//Если иконка задана\r\n	if (!empty($icon)){\r\n		//путь иконки на сервере\r\n		$icon = ltrim($icon, \'/\');\r\n		\r\n		//Пытаемся открыть файл\r\n		$iconHandle = @fopen($icon, \'r\');\r\n		\r\n		if ($iconHandle){\r\n			//Получим её размеры\r\n			$iconSize = getimagesize($icon);\r\n			\r\n			//если смещение не задано сделаем над опорной точкой ценруя по ширине\r\n			$resultIconOffset = array($iconSize[0] / -2, $iconSize[1] * -1);\r\n			if (!empty($iconOffset)){\r\n				$iconOffset = explode(\',\', $iconOffset);\r\n				//если задано сделает относительно положения по умолчанию\r\n				$resultIconOffset[0] += $iconOffset[0];\r\n				$resultIconOffset[1] += $iconOffset[1];\r\n			}\r\n			//Позиционируем точку по центру иконки\r\n			$inlineScript .= \', placemarkOptions: {\r\n				iconImageHref: \"\'.$icon.\'\",\r\n				iconImageSize: [\'.$iconSize[0].\', \'.$iconSize[1].\'],\r\n				iconImageOffset: [\'.$resultIconOffset[0].\', \'.$resultIconOffset[1].\']\r\n			}\';\r\n			\r\n			fclose($iconHandle);\r\n		}\r\n	}\r\n	\r\n	//Если нужен скролл колесом мыши, упомянем об этом\r\n	if (isset($scrollZoom) && $scrollZoom == 1){$inlineScript .= \', scrollZoom: true\';}\r\n	\r\n	$inlineScript .= \'});});})(jQuery);\';\r\n	\r\n	//Подключаем инлайн-скрипт с инициализацией\r\n	$modx->regClientStartupScript(\'<script type=\"text/javascript\">\'.$inlineScript.\'</script>\', array(\'plaintext\' => true));\r\n}\r\n',0,'',' '),
(19,'datarus','Сниппет для конвертации даты публикации к необходимому виду',0,0,0,'\r\n$MyDate= (isset($MyDate)) ? $MyDate: $modx -> documentObject[\'MyDate\'];\r\n$type= (isset($type)) ? $type: $modx -> documentObject[\'type\'];\r\n$monthes = array(\'\',\'янв\',\'февр\',\'мар\',\'апр\',\'мая\',\'июня\',\'июля\',\'авг\',\'сен\',\'окт\',\'нояб\',\'дек\');\r\n$day = date(\"j\" ,$MyDate);\r\n$month = $monthes[date(\"n\",$MyDate)];\r\n$year = date(\"Y\",$MyDate);\r\n$h = date(\"G\",$MyDate);\r\n$i = date(\"i\",$MyDate);\r\n$nday=date(\"j\");\r\n$nh=date(\"G\");\r\n$ni = date(\"i\");\r\nif(!$type){\r\nif($nday==$day && $hh<10){\r\n$hh=$nh-$h;$ii=$i-$ni;\r\nif($hh==1){$ht=\" час \";}\r\nif($hh<=4 && $hh!=1){$ht=\" часа \";}\r\nif($hh>4){$ht=\" часов \";}\r\n$nowy=abs($hh).$ht.abs($ii).\" мин.\"; echo \"Опубликовано \".$nowy.\" назад\";}\r\nelse{echo $day.\' \'.$month.\' \'.$year.\' года\'.\" (\".$h.\":\".$i.\")\";}\r\n}\r\nelse{echo \"$day.$month.$year \";}\r\n',0,'',' '),
(20,'GetField','Получение данных о ресурсах и их TV параметрах',0,0,0,'\r\n/*\r\n==================================================\r\n	GetField\r\n==================================================\r\n\r\nReturns any document field or template variable from any document or any of its parents.\r\n\r\nAuthor: Grzegorz Adamiak [grad]\r\nVersion: 1.3 beta @2006-11-08 14:40:04\r\nLicense: LGPL\r\nMODx: 0.9.2.1+\r\n\r\nSee GetField.txt for instructions and version history.\r\n--------------------------------------------------\r\n*/\r\n\r\n/* Parameters\r\n----------------------------------------------- */\r\n\r\n# $docid [ int ]\r\n# ID of the document for which to get a field content.\r\n# Default: current document\r\n\r\n$gfIntDocId = (isset($docid)) ? $docid : $modx->documentIdentifier;\r\n\r\n# $field [ string ]\r\n# Name of the field for which to get the content:\r\n# - any of the document object fields (http://modxcms.com/the-document-object.html)\r\n# - template variable\r\n# Default: \'pagetitle\'\r\n\r\n$gfStrDocField = (isset($field)) ? trim($field) : \'pagetitle\';\r\n\r\n# $parent [ 0 | 1 ]\r\n# If set to 1, the snippet will return value for the document parent.\r\n# Default: 0\r\n\r\n$gfBoolParent = (isset($parent)) ? $parent : 0;\r\n\r\n# $parentLevel [ int ]\r\n# Specifies how high in the document tree to search for the parent of the document:\r\n# - $parentLevel = 0 - returns the ultimate parent (right under site root)\r\n# - $parentLevel = 1 - returns the direct parent\r\n# Default: 0\r\n\r\n$gfIntParentLevel = (isset($parentLevel) && is_int((int) $parentLevel)) ? $parentLevel : 0;\r\n\r\n# $topid [ int ]\r\n# Id of the topmost document in the document tree under which to search for a parent. Used only with $parent set to 1.\r\n# Default: 0\r\n\r\n$gfIntTopDocId = (isset($topid) && is_int((int) $topid)) ? $topid : 0;\r\n\r\n/* Do not edit the code below!\r\n----------------------------------------------- */\r\n\r\n# Include logic\r\n\r\n/*\r\n==================================================\r\n	GetField\r\n==================================================\r\n\r\nReturns any document field or template variable from any document or any of its parents.\r\n\r\nAuthor: Grzegorz Adamiak [grad]\r\nVersion: 1.3 beta @2006-11-08 14:40:04\r\nLicense: LGPL\r\nMODx: 0.9.2.1+\r\n\r\nSee GetField.txt for instructions and version history.\r\n--------------------------------------------------\r\n*/\r\n\r\nunset($docid, $field, $parent, $parentLevel, $topid);\r\n\r\n# GetField functions\r\n# ---------------------------------------------\r\n\r\n# gfGetFieldContent\r\n# Returns the inherited value of any content field\r\nif (!function_exists(gfGetFieldContent))\r\n{\r\n	function gfGetFieldContent($modx,$gfIntDocId,$gfStrDocField)\r\n	{\r\n	/* apparently in 0.9.2.1 the getTemplateVarOutput function doesn\'t work as expected and doesn\'t return INHERITED value; this is probably to be fixed for next release; see http://modxcms.com/bugs/task/464\r\n		$gfArrTV = $modx->getTemplateVarOutput($gfStrDocField,$gfIntDocId);\r\n		return $gfArrTV[$gfStrDocField];\r\n	*/\r\n\r\n		while ($gfArrParent = $modx->getDocument($gfIntDocId,\'parent\'))\r\n		{\r\n			$gfArrTV = $modx->getTemplateVar($gfStrDocField,\'*\',$gfIntDocId);\r\n			if (($gfArrTV[\'value\'] && substr($gfArrTV[\'value\'],0,8) != \'@INHERIT\') or !$gfArrTV[\'value\']) // tv default value is overriden (including empty)\r\n			{\r\n				$output = $modx->getTemplateVarOutput($gfStrDocField,$gfIntDocId);\r\n				$output = $output[$gfStrDocField];\r\n				break;\r\n			}\r\n			else // there is no parent with default value overriden\r\n			{\r\n				$output = trim(substr($gfArrTV[\'value\'],8));\r\n			}\r\n			$gfIntDocId = $gfArrParent[\'parent\']; // move up one document in document tree\r\n		} // end while\r\n\r\n		return $output;\r\n	}\r\n}\r\n\r\n# gfGetParentId\r\n# Returns the parent document ID\r\nif (!function_exists(gfGetParentId))\r\n{\r\n	function gfGetParentId($modx, $gfIntDocId, $gfIntTopDocId, $gfIntParentLevel)\r\n	{\r\n		# build an array of document ancestors IDs\r\n		$gfArrParentIds = array (); // initialize;\r\n		$gfArrParentIds[] = $gfIntDocId; // add the specified document ID on first place\r\n\r\n		// get IDs of all parents back to root of the document tree\r\n		while (($gfArrParent = $modx->getDocument($gfIntDocId,\'parent\')) && ($gfArrParent[\'parent\'] != 0))\r\n		{\r\n			$gfIntDocId = $gfArrParent[\'parent\']; // move up one document in the document tree\r\n			$gfArrParentIds[] = $gfIntDocId; // add parent ID to the array\r\n		} // end while\r\n		unset($gfIntDocId, $gfArrParent);\r\n\r\n		$gfIntParentsCount = count($gfArrParentIds); // number of the parents\r\n\r\n		# determine the ID of the specified parent\r\n		switch ($gfIntTopDocId)\r\n		{\r\n			case 0: // not set or set to the root of the document tree\r\n\r\n				($gfIntParentLevel && ($gfIntParentLevel < $gfIntParentsCount)) ?\r\n					($gfIntDocId = $gfArrParentIds[$gfIntParentLevel]) : // find parent in specified levels up\r\n					($gfIntDocId = $gfArrParentIds[$gfIntParentsCount - 1]); // if not set return the topmost (ultimate) parent\r\n\r\n				break;\r\n\r\n			default: // set to any other document\r\n\r\n				$gfIntParentKey = array_search($gfIntTopDocId, $gfArrParentIds); // find the index of parent\r\n				switch ($gfIntParentKey)\r\n				{\r\n					case 0: // not an ancestor or the document itself\r\n\r\n						$gfIntDocId = 0;\r\n						break;\r\n\r\n					default: // parent is above the document in document tree\r\n\r\n						($gfIntParentLevel && ($gfIntParentLevel < $gfIntParentKey)) ?\r\n							($gfIntDocId = $gfArrParentIds[$gfIntParentLevel]) : // find parent in specified levels up\r\n							($gfIntDocId = $gfArrParentIds[$gfIntParentKey - 1]);\r\n				} // end switch\r\n		} // end switch\r\n		unset($gfIntTopDocId, $gfIntParentLevel, $gfIntParentsCount, $gfIntParentKey, $gfArrParentIds);\r\n\r\n		return $gfIntDocId;\r\n	}\r\n}\r\n\r\n\r\n\r\n# Get parent document ID\r\nif ($gfBoolParent)\r\n	$gfIntDocId = gfGetParentId($modx, $gfIntDocId, $gfIntTopDocId, $gfIntParentLevel);\r\n\r\n# Get content of the field\r\n$output = gfGetFieldContent($modx,$gfIntDocId,$gfStrDocField);\r\n\r\nunset($gfIntDocId, $gfStrDocField, $gfBoolParent, $gfIntParentLevel, $gfIntTopDocId);\r\n\r\nreturn $output;\r\n\r\n?>\r\n',0,'',' '),
(21,'summary','',0,0,0,'\r\nreturn require MODX_BASE_PATH.\'assets/snippets/summary/snippet.summary.php\';\r\n',0,'',' '),
(22,'multiTV','вывод мульти ТВ',0,0,0,'\r\nreturn include(MODX_BASE_PATH.\'assets/tvs/multitv/multitv.snippet.php\');\r\n',0,'',' '),
(23,'ajaxSubmit','Сниппет отправляет данные формы аякс-запросом',0,0,0,'\r\n\r\n/**\r\n * ajaxSubmit\r\n *  \r\n * Ajax sending of any form\r\n *  \r\n * @category 	   snippet\r\n * @version 	   1.0\r\n * @license 	   http://www.gnu.org/copyleft/gpl.html GNU Public License (GPL)\r\n * @internal	   @properties \r\n * @internal	   @modx_category Forms\r\n */\r\n\r\nreturn require MODX_BASE_PATH.\'assets/plugins/ajax_submit/ajax_submit.inc.php\';\r\n\r\n',0,'',' ')	;
#	TC`modx_site_templates`utf8_general_ci	;
CREATE TABLE `modx_site_templates` (
  `id` int(10) NOT NULL AUTO_INCREMENT,
  `templatename` varchar(50) NOT NULL DEFAULT '',
  `description` varchar(255) NOT NULL DEFAULT 'Template',
  `editor_type` int(11) NOT NULL DEFAULT '0' COMMENT '0-plain text,1-rich text,2-code editor',
  `category` int(11) NOT NULL DEFAULT '0' COMMENT 'category id',
  `icon` varchar(255) NOT NULL DEFAULT '' COMMENT 'url to icon file',
  `template_type` int(11) NOT NULL DEFAULT '0' COMMENT '0-page,1-content',
  `content` mediumtext,
  `locked` tinyint(4) NOT NULL DEFAULT '0',
  PRIMARY KEY (`id`)
) ENGINE=MyISAM AUTO_INCREMENT=19 DEFAULT CHARSET=utf8 COMMENT='Contains the site templates.'	;
#	TD`modx_site_templates`utf8_general_ci	;
INSERT INTO `modx_site_templates` VALUES 
(3,'Minimal Template','Default minimal empty template (content returned only)',0,0,'',0,'[*content*]',0),
(4,'MODxHost','<strong>1.0</strong> Legacy MODx Host template including dropdown menu',0,1,'',0,'<!DOCTYPE html PUBLIC \"-//W3C//DTD XHTML 1.0 Transitional//EN\" \"http://www.w3.org/TR/xhtml1/DTD/xhtml1-transitional.dtd\">\n<html xmlns=\"http://www.w3.org/1999/xhtml\">\n\n<head>\n  <title>[(site_name)] | [*pagetitle*]</title>\n  <meta http-equiv=\"Content-Type\" content=\"text/html; charset=[(modx_charset)]\" />\n  <base href=\"[(site_url)]\"></base>\n  <link rel=\"stylesheet\" href=\"assets/templates/modxhost/layout.css\" type=\"text/css\" media=\"screen\" />\n  <link rel=\"stylesheet\" href=\"assets/templates/modxhost/modxmenu.css\" type=\"text/css\" media=\"screen\" />\n  <link rel=\"stylesheet\" href=\"assets/templates/modxhost/form.css\" type=\"text/css\" media=\"screen\" />\n  <link rel=\"stylesheet\" href=\"assets/templates/modxhost/modx.css\" type=\"text/css\" media=\"screen\" />\n  <link rel=\"stylesheet\" href=\"assets/templates/modxhost/print.css\" type=\"text/css\" media=\"print\" />\n  <link rel=\"alternate\" type=\"application/rss+xml\" title=\"RSS 2.0\" href=\"[(site_url)][~11~]\" />\n  <script src=\"[(site_manager_url)]media/script/mootools/mootools.js\" type=\"text/javascript\"></script>\n  <script src=\"assets/templates/modxhost/drop_down_menu.js\" type=\"text/javascript\"></script>\n</head>\n<body>\n<div id=\"wrapper\">\n  <div id=\"minHeight\"></div>\n  <div id=\"outer\">\n    <div id=\"inner\">\n      <div id=\"right\">\n        <div id=\"right-inner\">\n          <h1 style=\"text-indent: -5000px;padding: 0px; margin:0px; font-size: 1px;\">[(site_name)]</h1>\n          <div id=\"sidebar\">\n            <h2>News:</h2>\n            [[Ditto? &parents=`2` &display=`2` &total=`20` &removeChunk=`Comments` &tpl=`nl_sidebar`]]\n            <div id=\"recentdocsctnr\">\n              <h2>Most Recent:</h2>\n				<a name=\"recentdocs\"></a><ul class=\"LIn_shortMode\">[[Ditto?parents=0&display=5&tpl=\'@CODE:<li><a href=\"[+url+]\" title=\"[+pagetitle+]\">[+pagetitle+]</a> <span class=\"LIn_date\">[+date+]</span> <span class=\"LIn_desc\"></span></li>\']]</ul> </div>\n            <h2>Login:</h2>\n            <div id=\"sidebarlogin\">[!WebLogin? &tpl=`WebLoginSideBar` &loginhomeid=`[(site_start)]`!]</div>\n            <h2>Meta:</h2>\n            <p><a href=\"http://validator.w3.org/check/referer\" title=\"This page validates as XHTML 1.0 Transitional\">Valid <abbr title=\"eXtensible HyperText Markup Language\">XHTML</abbr></a></p>\n            <p><a href=\"http://jigsaw.w3.org/css-validator/check/referer\" title=\"This page uses valid Cascading Stylesheets\" rel=\"external\">Valid <abbr title=\"W3C Cascading Stylesheets\">css</abbr></a></p>\n            <p><a href=\"http://modx.com\" title=\"Ajax CMS and PHP Application Framework\">MODX</a></p>\n          </div>\n          <!-- close #sidebar -->\n        </div>\n        <!-- end right inner-->\n      </div>\n      <!-- end right -->\n      <div id=\"left\">\n        <div id=\"left-inner\">\n          [[Breadcrumbs?]]\n          <div id=\"content\">\n            <div class=\"post\">\n              <h2>[*longtitle*]</h2>\n              [*#content*] </div>\n            <!-- close .post (main column content) -->\n          </div>\n          <!-- close #content -->\n        </div>\n        <!-- end left-inner -->\n      </div>\n      <!-- end left -->\n    </div>\n    <!-- end inner -->\n    <div id=\"clearfooter\"></div>\n    <div id=\"header\">\n      <h1><a id=\"logo\" href=\"[~[(site_start)]~]\" title=\"[(site_name)]\">[(site_name)]</a></h1>\n\n      <div id=\"search\"><!--search_terms--><span id=\"search-txt\">SEARCH</span><a name=\"search\"></a>[!AjaxSearch? &ajaxSearch=`1` &landingPage=`8` &moreResultsPage=`8` &addJscript=`0` &showIntro=`0` &ajaxMax=`5` &extract=`1`!]</div>\n      <div id=\"ajaxmenu\"> [[Wayfinder?startId=`0` &outerTpl=`mh.OuterTpl` &innerTpl=`mh.InnerTpl` &rowTpl=`mh.RowTpl` &innerRowTpl=`mh.InnerRowTpl` &firstClass=`first` &hereClass=``]] </div>\n      <!-- end topmenu -->\n    </div>\n    <!-- end header -->\n    <br style=\"clear:both;height:0;font-size: 1px\" />\n    <div id=\"footer\">\n      <p> <a href=\"http://modx.com\" title=\"Ajax CMS and PHP Application Framework\">Powered\n          by MODX</a> &nbsp;<a href=\"http://www.modx.com/\" title=\"Template Designed by modXhost.com\">Template &copy; 2006-2011\n          modXhost.com</a><br />\n        Memory: [^m^], MySQL: [^qt^], [^q^] request(s), PHP: [^p^], total: [^t^], document retrieved\n        from [^s^]. </p>\n    </div>\n    <!-- end footer -->\n  </div>\n  <!-- end outer div -->\n</div>\n<!-- end wrapper -->\n</body>\n</html>',0),
(5,'Главная','Главная страница',0,0,'',0,'<!doctype html>\r\n<html>\r\n    <head>\r\n		{{head}}\r\n	</head>\r\n\r\n	<body>\r\n		{{top_line}}\r\n		{{popup_forms}}\r\n		<div id=\"header\">\r\n			{{header}}\r\n		</div>\r\n								\r\n		<div class=\"slogan\">\r\n			<span>Нет ничего невозможного! На невозможное требуется лишь больше времени...</span>\r\n		</div>\r\n									\r\n		<div id=\"main\">\r\n			{{uslugi}}\r\n			{{minfo}}\r\n			{{hwork}}\r\n			{{clients}}\r\n			{{order_seo}}\r\n		</div>\r\n									<!-- ПОДВАЛ -->\r\n		<div id=\"footer\">\r\n			{{footer}}\r\n		</div>\r\n	</body>\r\n</html>',0),
(6,'О нас','',0,0,'',0,'<!doctype html>\r\n<html>\r\n    <head>\r\n		{{head}}\r\n	</head>\r\n\r\n	<body>\r\n		{{top_line}}\r\n		{{popup_forms}}\r\n		<div id=\"header\">\r\n			{{header}}\r\n		</div>\r\n								\r\n		<div class=\"breadcrumbs\">\r\n			[!Breadcrumbs &crumbSeparator=` <span class=\"separator\">\\</span> `!]\r\n		</div>\r\n									\r\n		<div id=\"main\">\r\n			<div class=\"content about\">\r\n			\r\n			<div class=\"left\">\r\n				<h1>[*pagetitle*]</h1>\r\n				[*content*]\r\n			</div>\r\n				{{sidebar}}\r\n			<div class=\"clear\"></div>\r\n			<div class=\"stuffs\">\r\n				<h2>Наши специалисты</h2>\r\n				<ul id=\"stuff_carousel\" class=\"jcarousel-skin-tango\">\r\n				[!Ditto? &tpl=`stuffs_tpl` &parents=`11`!]\r\n					\r\n				</ul>\r\n				<div class=\"clear\"></div>\r\n			</div>\r\n			</div>\r\n		</div>\r\n									<!-- ПОДВАЛ -->\r\n		<div id=\"footer\">\r\n			{{footer}}\r\n		</div>\r\n	</body>\r\n</html>',0),
(7,'Специалист','',0,11,'',0,'',0),
(8,'Контакты','',0,0,'',0,'<!doctype html>\r\n<html>\r\n    <head>\r\n		{{head}}\r\n	</head>\r\n\r\n	<body>\r\n		{{top_line}}\r\n		{{popup_forms}}\r\n		<div id=\"header\">\r\n			{{header}}\r\n		</div>\r\n								\r\n		<div class=\"breadcrumbs\">\r\n			[!Breadcrumbs &crumbSeparator=` <span class=\"separator\">\\</span> `!]\r\n		</div>\r\n									\r\n		<div id=\"main\">\r\n			<div class=\"content contacts\">\r\n				\r\n				<div class=\"left\">\r\n					<h1>[*pagetitle*]</h1>\r\n					<div class=\"text\">[*content*]</div>\r\n					\r\n						[!multiTV? tvName=`contact`!]\r\n					\r\n					\r\n				\r\n					<div class=\"map_k\"><script type=\"text/javascript\" charset=\"utf-8\" src=\"//api-maps.yandex.ru/services/constructor/1.0/js/?sid=ghY3YeXr4N6VpW_J-LlzWfwXaGh4GS9K&width=610&height=350\"></script></div>\r\n					<div class=\"clear\"></div>\r\n<a href=\"#?w=800\" rel=\"order_call\" class=\"poplight button\">Заказать звонок специалиста</a>\r\n				</div>\r\n				{{sidebar}}\r\n			<div class=\"clear\"></div>\r\n						\r\n			</div>\r\n\r\n			<div id=\"order_call\" class=\"popup_block\">\r\n				<p class=\"title\">Заказать звонок специалиста</p>\r\n				<form id=\"how_seoform\" action=\"index.html\" method=\"POST\"> <!-- форма заказа звонка -->\r\n					<input type=\"text\" name=\"name\" value=\"Имя\" onfocus=\"if (this.value==\'Имя\') this.value=\'\';\" onblur=\"if (this.value==\'\'){this.value=\'Имя\'}\"><br>\r\n					<input type=\"text\" name=\"email\" value=\"Ваш E-mail\" onfocus=\"if (this.value==\'Ваш E-mail\') this.value=\'\';\" onblur=\"if (this.value==\'\'){this.value=\'Ваш E-mail\'}\"><br>\r\n					<input type=\"text\" name=\"telephone\" value=\"Телефон\" onfocus=\"if (this.value==\'Телефон\') this.value=\'\';\" onblur=\"if (this.value==\'\'){this.value=\'Телефон\'}\"><br>\r\n					<input type=\"text\" name=\"url\" value=\"Адрес вашего сайта\" onfocus=\"if (this.value==\'Адрес вашего сайта\') this.value=\'\';\" onblur=\"if (this.value==\'\'){this.value=\'Адрес вашего сайта\'}\"><br>\r\n					<span class=\"warn\">* - Поля, обязательные для заполнения</span>\r\n					<br>\r\n					<button class=\"ordCall\" type=\"submit\">Проверить</button>\r\n				</form>\r\n			</div>\r\n		</div>\r\n									<!-- ПОДВАЛ -->\r\n		<div id=\"footer\">\r\n			{{footer}}\r\n		</div>\r\n	</body>\r\n</html>',0),
(10,'Блог','лента записей в блоге (все категории)',0,13,'',0,'<!doctype html>\r\n<html>\r\n    <head>\r\n		{{head}}\r\n	</head>\r\n\r\n	<body>\r\n		{{top_line}}\r\n		{{popup_forms}}\r\n		<div id=\"header\">\r\n			{{header}}\r\n		</div>\r\n								\r\n		<div class=\"breadcrumbs\">\r\n			[!Breadcrumbs &crumbSeparator=` <span class=\"separator\">\\</span> `!]\r\n		</div>\r\n									\r\n		<div id=\"main\">\r\n			<div class=\"content blog\">\r\n			\r\n			<div class=\"left\">\r\n				<h1>[*pagetitle*]</h1>\r\n				[!Ditto? &tpl=`blog_list` &parents=`[*id*]` &depth=`5` &hideFolders=`1` &dateFormat=`%d.%B.%Y`!]  \r\n			</div>\r\n				{{sidebar}}\r\n			<div class=\"clear\"></div>\r\n			</div>\r\n		</div>\r\n									<!-- ПОДВАЛ -->\r\n		<div id=\"footer\">\r\n			{{footer}}\r\n		</div>\r\n		{{comments_count}}\r\n	</body>\r\n</html>',0),
(11,'Запись в блоге','Страница с записью',0,13,'',0,'<!doctype html>\r\n<html>\r\n    <head>\r\n		{{head}}\r\n	</head>\r\n\r\n	<body>\r\n		{{top_line}}\r\n		{{popup_forms}}\r\n		<div id=\"header\">\r\n			{{header}}\r\n		</div>\r\n								\r\n		<div class=\"breadcrumbs\">\r\n			[!Breadcrumbs &crumbSeparator=` <span class=\"separator\">\\</span> `!]\r\n		</div>\r\n									\r\n		<div id=\"main\">\r\n			<div class=\"content blog\">\r\n			\r\n			<div class=\"left\">\r\n				\r\n				<div class=\"text\">\r\n					<h1>[*pagetitle*]</h1>\r\n					[*content*]</div>\r\n				<div class=\"post_info\">\r\n					<acronym class=\"pub_user\" title=\"Опубликовал: [*createdby:userinfo=`fullname`*]\">[*createdby:userinfo=`fullname`*]</acronym>\r\n					<acronym class=\"pub_date\" title=\"Дата публикации: [[datarus? &MyDate=`[*createdon*]`]]\">[[datarus? &MyDate=`[*createdon*]`]]</acronym>\r\n				</div>\r\n					<div class=\"soc_share\">\r\n						<script type=\"text/javascript\" src=\"//yandex.st/share/share.js\"\r\ncharset=\"utf-8\"></script>\r\n						<div class=\"yashare-auto-init\" data-yashareL10n=\"ru\"\r\n data-yashareType=\"none\" data-yashareQuickServices=\"yaru,vkontakte,facebook,twitter,odnoklassniki,moimir,lj,gplus\"\r\n							data-yashareTitle=\"[*pagetitle*]\" data-yashareDescription=\"[*introtext*]\" data-yashareImage=\"http://top3seo.ru/[*article_img:replace=`small,medium`*]\" \r\n></div> \r\n					</div>\r\n				<div class=\"clear\"></div>\r\n				<div class=\"comments\">{{comments}}</div>\r\n			</div>\r\n				{{sidebar}}\r\n			<div class=\"clear\"></div>\r\n			</div>\r\n		</div>\r\n									<!-- ПОДВАЛ -->\r\n		<div id=\"footer\">\r\n			{{footer}}\r\n		</div>\r\n	</body>\r\n</html>',0),
(12,'Раздел \"Услуги\"','Главная услуг',0,14,'',0,'<!doctype html>\r\n<html>\r\n    <head>\r\n		{{head}}\r\n	</head>\r\n\r\n	<body>\r\n		{{top_line}}\r\n		{{popup_forms}}\r\n		<div id=\"header\">\r\n			{{header}}\r\n		</div>\r\n								\r\n		<div class=\"breadcrumbs\">\r\n			[!Breadcrumbs &crumbSeparator=` <span class=\"separator\">\\</span> `!]\r\n		</div>\r\n									\r\n		<div id=\"main\">\r\n			<div class=\"content services\">\r\n			\r\n			<div class=\"left\">\r\n				<h1>[*pagetitle*]</h1>\r\n				<div class=\"text\">[*content*]</div>\r\n				<div class=\"services_list\">\r\n				[!Ditto? &tpl=`services_list` &parents=`[*id*]` &orderBy=`createdon ASC`!]  \r\n				</div>\r\n				\r\n			</div>\r\n				{{sidebar}}\r\n			<div class=\"clear\"></div>\r\n				\r\n				<div class=\"order_services\">\r\n					{{order_services}}\r\n				</div>\r\n			</div>\r\n		</div>\r\n									<!-- ПОДВАЛ -->\r\n		<div id=\"footer\">\r\n			{{footer}}\r\n		</div>\r\n		{{comments_count}}\r\n	</body>\r\n</html>',0),
(13,'Категория вида услуг','',0,14,'',0,'<!doctype html>\r\n<html>\r\n    <head>\r\n		{{head}}\r\n	</head>\r\n\r\n	<body>\r\n		{{top_line}}\r\n		{{popup_forms}}\r\n		<div id=\"header\">\r\n			{{header}}\r\n		</div>\r\n								\r\n		<div class=\"breadcrumbs\">\r\n			[!Breadcrumbs &crumbSeparator=` <span class=\"separator\">\\</span> `!]\r\n		</div>\r\n									\r\n		<div id=\"main\">\r\n			<div class=\"content services [*link_attributes*]\">\r\n			\r\n			<div class=\"left\">\r\n				<h1>[*pagetitle*]</h1>\r\n				<div class=\"text\">[*content*]</div>\r\n				<div class=\"order_services\">\r\n					{{order_services}}\r\n				</div>\r\n			</div>\r\n				{{sidebar}}\r\n			<div class=\"clear\"></div>\r\n			</div>\r\n		</div>\r\n									<!-- ПОДВАЛ -->\r\n		<div id=\"footer\">\r\n			{{footer}}\r\n		</div>\r\n		{{comments_count}}\r\n	</body>\r\n</html>',0),
(14,'Услуга (SEO)','Шаблон услуг SEO',0,14,'',0,'<!doctype html>\r\n<html>\r\n    <head>\r\n		{{head}}\r\n	</head>\r\n\r\n	<body>\r\n		{{top_line}}\r\n		{{popup_forms}}\r\n		<div id=\"header\">\r\n			{{header}}\r\n		</div>\r\n								\r\n		<div class=\"breadcrumbs\">\r\n			[!Breadcrumbs &crumbSeparator=` <span class=\"separator\">\\</span> `!]\r\n		</div>\r\n									\r\n		<div id=\"main\">\r\n			<div class=\"content services [*link_attributes*]\">\r\n			\r\n			<div class=\"left\">\r\n				<h1>[*pagetitle*]</h1>\r\n				<div class=\"text\">[*content*]</div>\r\n				<div class=\"order_button\">\r\n				<a href=\"#?w=600\" rel=\"how_seo_pop\" class=\"poplight\">Узнать, подходит ли данная стратегия</a>\r\n				</div>\r\n			</div>\r\n				{{sidebar}}\r\n			<div class=\"clear\"></div>\r\n			</div>\r\n		</div>\r\n									<!-- ПОДВАЛ -->\r\n		<div id=\"footer\">\r\n			{{footer}}\r\n		</div>\r\n		{{comments_count}}\r\n	</body>\r\n</html>',0),
(15,'Клиент','пустышка',0,16,'',0,'[*content*]',0),
(16,'Клиенты','Шаблон страницы с клиентами',0,16,'',0,'<!doctype html>\r\n<html>\r\n    <head>\r\n		{{head}}\r\n	</head>\r\n\r\n	<body>\r\n		{{top_line}}\r\n		{{popup_forms}}\r\n		<div id=\"header\">\r\n			{{header}}\r\n		</div>\r\n								\r\n		<div class=\"breadcrumbs\">\r\n			[!Breadcrumbs &crumbSeparator=` <span class=\"separator\">\\</span> `!]\r\n		</div>\r\n									\r\n		<div id=\"main\">\r\n			<div class=\"content clients\">\r\n			\r\n			<div class=\"left\">\r\n				<h1>[*pagetitle*]</h1>\r\n				<div class=\"text\">[*content*]</div>\r\n				<div class=\"brands\">\r\n					<ul>\r\n						[!Ditto? &tpl=`clientTpl_inpage` &parents=`4` &depth=`5` &hideFolders=`1` &showInMenuOnly=`1`!]\r\n					</ul>\r\n					<div class=\"clear\"></div>\r\n				</div>		\r\n				\r\n				<div class=\"order_button\">\r\n				<a href=\"#?w=600\" rel=\"how_seo_pop\" class=\"poplight\">Стать нашим клиентом</a>\r\n				</div>\r\n			</div>\r\n				{{sidebar}}\r\n			<div class=\"clear\"></div>\r\n			</div>\r\n		</div>\r\n									<!-- ПОДВАЛ -->\r\n		<div id=\"footer\">\r\n			{{footer}}\r\n		</div>\r\n		{{comments_count}}\r\n	</body>\r\n</html>',0),
(17,'Услуга (Аудит)','Шаблон услуг по аудитам',0,14,'',0,'<!doctype html>\r\n<html>\r\n    <head>\r\n		{{head}}\r\n	</head>\r\n\r\n	<body>\r\n		{{top_line}}\r\n		{{popup_forms}}\r\n		<div id=\"header\">\r\n			{{header}}\r\n		</div>\r\n								\r\n		<div class=\"breadcrumbs\">\r\n			[!Breadcrumbs &crumbSeparator=` <span class=\"separator\">\\</span> `!]\r\n		</div>\r\n									\r\n		<div id=\"main\">\r\n			<div class=\"content services [*link_attributes*]\">\r\n			\r\n			<div class=\"left\">\r\n				<h1>[*pagetitle*]</h1>\r\n				<div class=\"text\">[*content*]</div>\r\n				<div class=\"order_button\">\r\n				<a href=\"#?w=600\" rel=\"how_seo_pop\" class=\"poplight\">Заказать данный аудит</a>\r\n				</div>\r\n			</div>\r\n				{{sidebar}}\r\n			<div class=\"clear\"></div>\r\n			</div>\r\n		</div>\r\n									<!-- ПОДВАЛ -->\r\n		<div id=\"footer\">\r\n			{{footer}}\r\n		</div>\r\n		{{comments_count}}\r\n	</body>\r\n</html>',0),
(18,'Услуга (Копирайт)','Шаблон услуг по копирайтингу',0,14,'',0,'<!doctype html>\r\n<html>\r\n    <head>\r\n		{{head}}\r\n	</head>\r\n\r\n	<body>\r\n		{{top_line}}\r\n		{{popup_forms}}\r\n		<div id=\"header\">\r\n			{{header}}\r\n		</div>\r\n								\r\n		<div class=\"breadcrumbs\">\r\n			[!Breadcrumbs &crumbSeparator=` <span class=\"separator\">\\</span> `!]\r\n		</div>\r\n									\r\n		<div id=\"main\">\r\n			<div class=\"content services [*link_attributes*]\">\r\n			\r\n			<div class=\"left\">\r\n				<h1>[*pagetitle*]</h1>\r\n				<div class=\"text\">[*content*]</div>\r\n				<div class=\"order_button\">\r\n				<a href=\"#?w=600\" rel=\"how_seo_pop\" class=\"poplight\">Заказать текст</a>\r\n				</div>\r\n			</div>\r\n				{{sidebar}}\r\n			<div class=\"clear\"></div>\r\n			</div>\r\n		</div>\r\n									<!-- ПОДВАЛ -->\r\n		<div id=\"footer\">\r\n			{{footer}}\r\n		</div>\r\n		{{comments_count}}\r\n	</body>\r\n</html>',0)	;
#	TC`modx_site_tmplvar_access`utf8_general_ci	;
CREATE TABLE `modx_site_tmplvar_access` (
  `id` int(10) NOT NULL AUTO_INCREMENT,
  `tmplvarid` int(10) NOT NULL DEFAULT '0',
  `documentgroup` int(10) NOT NULL DEFAULT '0',
  PRIMARY KEY (`id`)
) ENGINE=MyISAM DEFAULT CHARSET=utf8 COMMENT='Contains data used for template variable access permissions.'	;
#	TC`modx_site_tmplvar_contentvalues`utf8_general_ci	;
CREATE TABLE `modx_site_tmplvar_contentvalues` (
  `id` int(11) NOT NULL AUTO_INCREMENT,
  `tmplvarid` int(10) NOT NULL DEFAULT '0' COMMENT 'Template Variable id',
  `contentid` int(10) NOT NULL DEFAULT '0' COMMENT 'Site Content Id',
  `value` text,
  PRIMARY KEY (`id`),
  KEY `idx_tmplvarid` (`tmplvarid`),
  KEY `idx_id` (`contentid`),
  FULLTEXT KEY `value_ft_idx` (`value`)
) ENGINE=MyISAM AUTO_INCREMENT=57 DEFAULT CHARSET=utf8 COMMENT='Site Template Variables Content Values Link Table'	;
#	TD`modx_site_tmplvar_contentvalues`utf8_general_ci	;
INSERT INTO `modx_site_tmplvar_contentvalues` VALUES 
(1,4,12,'assets/images/stuff/vadim_1.jpg'),
(2,5,12,'Сертифицированный специалист'),
(3,4,13,'assets/images/stuff/vadim_2.jpg'),
(4,5,13,'Сертифицированный специалист'),
(5,4,14,'assets/images/stuff/vadim_3.jpg'),
(6,5,14,'Сертифицированный специалист'),
(7,4,15,'assets/images/stuff/vadim_4.jpg'),
(8,5,15,'Сертифицированный специалист'),
(9,4,16,'assets/images/stuff/vadim_1.jpg'),
(10,5,16,'Сертифицированный специалист'),
(11,4,17,'assets/images/stuff/vadim_2.jpg'),
(12,5,17,'Сертифицированный специалист'),
(13,4,18,'assets/images/stuff/vadim_3.jpg'),
(14,5,18,'Сертифицированный специалист'),
(15,4,19,'assets/images/stuff/vadim_4.jpg'),
(16,5,19,'Сертифицированный специалист'),
(20,8,22,'assets/images/blog/small/8-sovetov-po-registracii-domena.jpg'),
(21,8,24,'assets/images/blog/small/evo-repo.jpg'),
(22,8,26,'assets/images/blog/small/robots_z-150x150.jpg'),
(23,9,7,'images/services/seo.png'),
(24,10,7,'images/services/seo_hover.png'),
(25,9,8,'images/services/audit.png'),
(26,10,8,'images/services/audit_hover.png'),
(27,9,9,'images/services/kontekst.png'),
(28,10,9,'images/services/kontekst_hover.png'),
(29,9,10,'images/services/copy.png'),
(30,10,10,'images/services/copy_hover.png'),
(31,11,42,'assets/images/clients/lada.png'),
(32,12,42,'SEO продвижение'),
(33,11,45,'assets/images/clients/cadillac.png'),
(34,12,45,'SEO продвижение'),
(35,11,46,'assets/images/clients/chevrolet.png'),
(36,12,46,'SEO продвижение'),
(37,11,47,'assets/images/clients/citroen.png'),
(38,12,47,'SEO продвижение'),
(39,11,48,'assets/images/clients/honda.png'),
(40,12,48,'SEO продвижение'),
(41,11,49,'assets/images/clients/hyundai.png'),
(42,12,49,'SEO продвижение'),
(43,11,50,'assets/images/clients/jaguar.png'),
(44,12,50,'SEO продвижение'),
(45,11,51,'assets/images/clients/land_rover.png'),
(46,12,51,'SEO продвижение'),
(47,11,52,'assets/images/clients/opel.png'),
(48,12,52,'SEO продвижение'),
(49,11,53,'assets/images/clients/pegeot.png'),
(50,12,53,'SEO продвижение'),
(51,11,54,'assets/images/clients/skoda.png'),
(52,12,54,'SEO продвижение'),
(53,11,55,'assets/images/clients/vw.png'),
(54,12,55,'SEO продвижение'),
(55,12,44,'SEO продвижение'),
(56,13,6,'{\"fieldValue\":[{\"text\":\"+7 (861) 214-97-49\",\"tip\":\"landline\"},{\"text\":\" 8 (800) 500-22-82\",\"tip\":\"landline\"},{\"text\":\"sales@top3seo.ru\",\"tip\":\"email\"}],\"fieldSettings\":{\"autoincrement\":1}}')	;
#	TC`modx_site_tmplvar_templates`utf8_general_ci	;
CREATE TABLE `modx_site_tmplvar_templates` (
  `tmplvarid` int(10) NOT NULL DEFAULT '0' COMMENT 'Template Variable id',
  `templateid` int(11) NOT NULL DEFAULT '0',
  `rank` int(11) NOT NULL DEFAULT '0',
  PRIMARY KEY (`tmplvarid`,`templateid`)
) ENGINE=MyISAM DEFAULT CHARSET=utf8 COMMENT='Site Template Variables Templates Link Table'	;
#	TD`modx_site_tmplvar_templates`utf8_general_ci	;
INSERT INTO `modx_site_tmplvar_templates` VALUES 
(1,4,0),
(2,4,0),
(3,4,0),
(4,7,0),
(5,7,0),
(8,11,0),
(11,15,0),
(12,15,0),
(9,13,0),
(10,13,0),
(13,3,0),
(13,8,0)	;
#	TC`modx_site_tmplvars`utf8_general_ci	;
CREATE TABLE `modx_site_tmplvars` (
  `id` int(11) NOT NULL AUTO_INCREMENT,
  `type` varchar(20) NOT NULL DEFAULT '',
  `name` varchar(50) NOT NULL DEFAULT '',
  `caption` varchar(80) NOT NULL DEFAULT '',
  `description` varchar(255) NOT NULL DEFAULT '',
  `editor_type` int(11) NOT NULL DEFAULT '0' COMMENT '0-plain text,1-rich text,2-code editor',
  `category` int(11) NOT NULL DEFAULT '0' COMMENT 'category id',
  `locked` tinyint(4) NOT NULL DEFAULT '0',
  `elements` text,
  `rank` int(11) NOT NULL DEFAULT '0',
  `display` varchar(20) NOT NULL DEFAULT '' COMMENT 'Display Control',
  `display_params` text COMMENT 'Display Control Properties',
  `default_text` text,
  PRIMARY KEY (`id`),
  KEY `indx_rank` (`rank`)
) ENGINE=MyISAM AUTO_INCREMENT=15 DEFAULT CHARSET=utf8 COMMENT='Site Template Variables'	;
#	TD`modx_site_tmplvars`utf8_general_ci	;
INSERT INTO `modx_site_tmplvars` VALUES 
(1,'richtext','blogContent','blogContent','RTE for the new blog entries',0,1,0,'',0,'RichText','&w=383px&h=450px&edt=TinyMCE',''),
(2,'text','documentTags','Tags','Space delimited tags for the current document',0,1,0,'',0,'','',''),
(3,'text','loginName','loginName','Conditional name for the Login menu item',0,1,0,'',0,'','','@EVAL if ($modx->getLoginUserID()) return \'Logout\'; else return \'Login\';'),
(4,'image','foto_stuff','Фотография сотрудника','180х180px',0,12,0,'',0,'image','&align=none',''),
(5,'text','post_stuff','Должность сотрудника','',0,12,0,'',0,'','',''),
(8,'image','article_img','stat_img','изображение записи в блоге',0,13,0,'',0,'','',''),
(9,'image','usluga_img_std','Изображение до наведения мыши','относительный путь на сервере',0,14,0,'',0,'','',''),
(10,'image','usluga_img_hov','Изображение после наведения мыши','относительный путь на сервере',0,14,0,'',0,'','',''),
(11,'image','brand_logo','Изображение','Логотип клиента',0,16,0,'',0,'','',''),
(12,'dropdown','client_service','Услуга','Которую заказывал клиент',0,16,0,'@SELECT pagetitle FROM modx_site_content WHERE  parent = 3 and published=1 and deleted=0',0,'','',''),
(13,'custom_tv','contact','Контакт','',0,0,0,'@INCLUDE/assets/tvs/multitv/multitv.customtv.php',0,'','','')	;
#	TC`modx_system_eventnames`utf8_general_ci	;
CREATE TABLE `modx_system_eventnames` (
  `id` int(10) NOT NULL AUTO_INCREMENT,
  `name` varchar(50) NOT NULL DEFAULT '',
  `service` tinyint(4) NOT NULL DEFAULT '0' COMMENT 'System Service number',
  `groupname` varchar(20) NOT NULL DEFAULT '',
  PRIMARY KEY (`id`)
) ENGINE=MyISAM AUTO_INCREMENT=1001 DEFAULT CHARSET=utf8 COMMENT='System Event Names.'	;
#	TD`modx_system_eventnames`utf8_general_ci	;
INSERT INTO `modx_system_eventnames` VALUES 
(1,'OnDocPublished',5,''),
(2,'OnDocUnPublished',5,''),
(3,'OnWebPagePrerender',5,''),
(4,'OnWebLogin',3,''),
(5,'OnBeforeWebLogout',3,''),
(6,'OnWebLogout',3,''),
(7,'OnWebSaveUser',3,''),
(8,'OnWebDeleteUser',3,''),
(9,'OnWebChangePassword',3,''),
(10,'OnWebCreateGroup',3,''),
(11,'OnManagerLogin',2,''),
(12,'OnBeforeManagerLogout',2,''),
(13,'OnManagerLogout',2,''),
(14,'OnManagerSaveUser',2,''),
(15,'OnManagerDeleteUser',2,''),
(16,'OnManagerChangePassword',2,''),
(17,'OnManagerCreateGroup',2,''),
(18,'OnBeforeCacheUpdate',4,''),
(19,'OnCacheUpdate',4,''),
(20,'OnLoadWebPageCache',4,''),
(21,'OnBeforeSaveWebPageCache',4,''),
(22,'OnChunkFormPrerender',1,'Chunks'),
(23,'OnChunkFormRender',1,'Chunks'),
(24,'OnBeforeChunkFormSave',1,'Chunks'),
(25,'OnChunkFormSave',1,'Chunks'),
(26,'OnBeforeChunkFormDelete',1,'Chunks'),
(27,'OnChunkFormDelete',1,'Chunks'),
(28,'OnDocFormPrerender',1,'Documents'),
(29,'OnDocFormRender',1,'Documents'),
(30,'OnBeforeDocFormSave',1,'Documents'),
(31,'OnDocFormSave',1,'Documents'),
(32,'OnBeforeDocFormDelete',1,'Documents'),
(33,'OnDocFormDelete',1,'Documents'),
(34,'OnPluginFormPrerender',1,'Plugins'),
(35,'OnPluginFormRender',1,'Plugins'),
(36,'OnBeforePluginFormSave',1,'Plugins'),
(37,'OnPluginFormSave',1,'Plugins'),
(38,'OnBeforePluginFormDelete',1,'Plugins'),
(39,'OnPluginFormDelete',1,'Plugins'),
(40,'OnSnipFormPrerender',1,'Snippets'),
(41,'OnSnipFormRender',1,'Snippets'),
(42,'OnBeforeSnipFormSave',1,'Snippets'),
(43,'OnSnipFormSave',1,'Snippets'),
(44,'OnBeforeSnipFormDelete',1,'Snippets'),
(45,'OnSnipFormDelete',1,'Snippets'),
(46,'OnTempFormPrerender',1,'Templates'),
(47,'OnTempFormRender',1,'Templates'),
(48,'OnBeforeTempFormSave',1,'Templates'),
(49,'OnTempFormSave',1,'Templates'),
(50,'OnBeforeTempFormDelete',1,'Templates'),
(51,'OnTempFormDelete',1,'Templates'),
(52,'OnTVFormPrerender',1,'Template Variables'),
(53,'OnTVFormRender',1,'Template Variables'),
(54,'OnBeforeTVFormSave',1,'Template Variables'),
(55,'OnTVFormSave',1,'Template Variables'),
(56,'OnBeforeTVFormDelete',1,'Template Variables'),
(57,'OnTVFormDelete',1,'Template Variables'),
(58,'OnUserFormPrerender',1,'Users'),
(59,'OnUserFormRender',1,'Users'),
(60,'OnBeforeUserFormSave',1,'Users'),
(61,'OnUserFormSave',1,'Users'),
(62,'OnBeforeUserFormDelete',1,'Users'),
(63,'OnUserFormDelete',1,'Users'),
(64,'OnWUsrFormPrerender',1,'Web Users'),
(65,'OnWUsrFormRender',1,'Web Users'),
(66,'OnBeforeWUsrFormSave',1,'Web Users'),
(67,'OnWUsrFormSave',1,'Web Users'),
(68,'OnBeforeWUsrFormDelete',1,'Web Users'),
(69,'OnWUsrFormDelete',1,'Web Users'),
(70,'OnSiteRefresh',1,''),
(71,'OnFileManagerUpload',1,''),
(72,'OnModFormPrerender',1,'Modules'),
(73,'OnModFormRender',1,'Modules'),
(74,'OnBeforeModFormDelete',1,'Modules'),
(75,'OnModFormDelete',1,'Modules'),
(76,'OnBeforeModFormSave',1,'Modules'),
(77,'OnModFormSave',1,'Modules'),
(78,'OnBeforeWebLogin',3,''),
(79,'OnWebAuthentication',3,''),
(80,'OnBeforeManagerLogin',2,''),
(81,'OnManagerAuthentication',2,''),
(82,'OnSiteSettingsRender',1,'System Settings'),
(83,'OnFriendlyURLSettingsRender',1,'System Settings'),
(84,'OnUserSettingsRender',1,'System Settings'),
(85,'OnInterfaceSettingsRender',1,'System Settings'),
(86,'OnMiscSettingsRender',1,'System Settings'),
(87,'OnRichTextEditorRegister',1,'RichText Editor'),
(88,'OnRichTextEditorInit',1,'RichText Editor'),
(89,'OnManagerPageInit',2,''),
(90,'OnWebPageInit',5,''),
(101,'OnLoadDocumentObject',5,''),
(91,'OnLoadWebDocument',5,''),
(92,'OnParseDocument',5,''),
(93,'OnManagerLoginFormRender',2,''),
(94,'OnWebPageComplete',5,''),
(95,'OnLogPageHit',5,''),
(96,'OnBeforeManagerPageInit',2,''),
(97,'OnBeforeEmptyTrash',1,'Documents'),
(98,'OnEmptyTrash',1,'Documents'),
(99,'OnManagerLoginFormPrerender',2,''),
(100,'OnStripAlias',1,'Documents'),
(200,'OnCreateDocGroup',1,'Documents'),
(201,'OnManagerWelcomePrerender',2,''),
(202,'OnManagerWelcomeHome',2,''),
(203,'OnManagerWelcomeRender',2,''),
(204,'OnBeforeDocDuplicate',1,'Documents'),
(205,'OnDocDuplicate',1,'Documents'),
(206,'OnManagerMainFrameHeaderHTMLBlock',2,''),
(207,'OnManagerPreFrameLoader',2,''),
(208,'OnManagerFrameLoader',2,''),
(209,'OnManagerTreeInit',2,''),
(210,'OnManagerTreePrerender',2,''),
(211,'OnManagerTreeRender',2,''),
(212,'OnManagerNodePrerender',2,''),
(213,'OnManagerNodeRender',2,''),
(999,'OnPageUnauthorized',1,''),
(1000,'OnPageNotFound',1,'')	;
#	TC`modx_system_settings`utf8_general_ci	;
CREATE TABLE `modx_system_settings` (
  `setting_name` varchar(50) NOT NULL DEFAULT '',
  `setting_value` text,
  PRIMARY KEY (`setting_name`)
) ENGINE=MyISAM DEFAULT CHARSET=utf8 COMMENT='Contains Content Manager settings.'	;
#	TD`modx_system_settings`utf8_general_ci	;
INSERT INTO `modx_system_settings` VALUES 
('manager_theme','MODxRE'),
('settings_version','1.0.12'),
('show_meta','0'),
('server_offset_time','0'),
('server_protocol','http'),
('manager_language','russian-UTF8'),
('modx_charset','UTF-8'),
('site_name','Top3Seo'),
('site_start','1'),
('error_page','1'),
('unauthorized_page','1'),
('site_status','1'),
('site_unavailable_message','The site is currently unavailable'),
('track_visitors','0'),
('top_howmany','10'),
('auto_template_logic','sibling'),
('default_template','3'),
('old_template','3'),
('publish_default','1'),
('cache_default','1'),
('search_default','1'),
('friendly_urls','1'),
('friendly_url_prefix',''),
('friendly_url_suffix','.html'),
('friendly_alias_urls','1'),
('use_alias_path','1'),
('use_udperms','1'),
('udperms_allowroot','0'),
('failed_login_attempts','5'),
('blocked_minutes','20'),
('use_captcha','0'),
('captcha_words','MODX,Access,Better,BitCode,Cache,Desc,Design,Excell,Enjoy,URLs,TechView,Gerald,Griff,Humphrey,Holiday,Intel,Integration,Joystick,Join(),Tattoo,Genetic,Light,Likeness,Marit,Maaike,Niche,Netherlands,Ordinance,Oscillo,Parser,Phusion,Query,Question,Regalia,Righteous,Snippet,Sentinel,Template,Thespian,Unity,Enterprise,Verily,Veri,Website,WideWeb,Yap,Yellow,Zebra,Zygote'),
('emailsender','saport@upsales.ru'),
('email_method','mail'),
('smtp_auth','0'),
('smtp_host',''),
('smtp_port','25'),
('smtp_username',''),
('emailsubject','Подтверждение регистрации'),
('number_of_logs','100'),
('number_of_messages','30'),
('number_of_results','20'),
('use_editor','1'),
('use_browser','1'),
('rb_base_dir','/home/web/www/clients/client12/web38/web/assets/'),
('rb_base_url','assets/'),
('which_editor','TinyMCE'),
('fe_editor_lang','russian-UTF8'),
('fck_editor_toolbar','standard'),
('fck_editor_autolang','0'),
('editor_css_path',''),
('editor_css_selectors',''),
('strip_image_paths','0'),
('upload_images','bmp,ico,gif,jpeg,jpg,png,psd,tif,tiff'),
('upload_media','au,avi,mp3,mp4,mpeg,mpg,wav,wmv'),
('upload_flash','fla,flv,swf'),
('upload_files','aac,au,avi,css,cache,doc,docx,gz,gzip,htaccess,htm,html,js,mp3,mp4,mpeg,mpg,ods,odp,odt,pdf,ppt,pptx,rar,tar,tgz,txt,wav,wmv,xls,xlsx,xml,z,zip'),
('upload_maxsize','1048576'),
('new_file_permissions','0644'),
('new_folder_permissions','0755'),
('filemanager_path','/home/web/www/clients/client12/web38/web/'),
('theme_refresher',''),
('manager_layout','4'),
('custom_contenttype','application/rss+xml,application/pdf,application/vnd.ms-word,application/vnd.ms-excel,text/html,text/css,text/xml,text/javascript,text/plain,application/json'),
('auto_menuindex','1'),
('session.cookie.lifetime','604800'),
('mail_check_timeperiod','60'),
('manager_direction','ltr'),
('tinymce_editor_theme','creative'),
('tinymce_custom_plugins','style,advimage,advlink,searchreplace,print,contextmenu,paste,fullscreen,nonbreaking,xhtmlxtras,visualchars,media'),
('tinymce_custom_buttons1','undo,redo,selectall,separator,pastetext,pasteword,separator,search,replace,separator,nonbreaking,hr,charmap,separator,image,link,unlink,anchor,media,separator,cleanup,removeformat,separator,fullscreen,print,code,help'),
('tinymce_custom_buttons2','bold,italic,underline,strikethrough,sub,sup,separator,bullist,numlist,outdent,indent,separator,justifyleft,justifycenter,justifyright,justifyfull,separator,styleselect,formatselect,separator,styleprops'),
('tree_show_protected','0'),
('rss_url_news','http://feeds.feedburner.com/modx-announce'),
('rss_url_security','http://feeds.feedburner.com/modxsecurity'),
('validate_referer','1'),
('datepicker_offset','-10'),
('xhtml_urls','1'),
('allow_duplicate_alias','1'),
('automatic_alias','1'),
('datetime_format','dd-mm-YYYY'),
('warning_visibility','1'),
('remember_last_tab','0'),
('enable_bindings','1'),
('seostrict','1'),
('cache_type','1'),
('maxImageWidth','1600'),
('maxImageHeight','1200'),
('thumbWidth','150'),
('thumbHeight','150'),
('thumbsDir','.thumbs'),
('jpegQuality','90'),
('denyZipDownload','0'),
('denyExtensionRename','0'),
('showHiddenFiles','0'),
('docid_incrmnt_method','0'),
('make_folders','1'),
('site_id','52775031dd879'),
('site_unavailable_page',''),
('reload_site_unavailable',''),
('siteunavailable_message_default','В настоящее время сайт недоступен.'),
('check_files_onlogin','index.php\r\n.htaccess\r\nmanager/index.php\r\nmanager/includes/config.inc.php'),
('error_reporting','1'),
('send_errormail','3'),
('pwd_hash_algo','UNCRYPT'),
('reload_captcha_words',''),
('captcha_words_default','MODX,Access,Better,BitCode,Chunk,Cache,Desc,Design,Excell,Enjoy,URLs,TechView,Gerald,Griff,Humphrey,Holiday,Intel,Integration,Joystick,Join(),Oscope,Genetic,Light,Likeness,Marit,Maaike,Niche,Netherlands,Ordinance,Oscillo,Parser,Phusion,Query,Question,Regalia,Righteous,Snippet,Sentinel,Template,Thespian,Unity,Enterprise,Verily,Tattoo,Veri,Website,WideWeb,Yap,Yellow,Zebra,Zygote'),
('reload_emailsubject',''),
('emailsubject_default','Данные для авторизации'),
('reload_signupemail_message',''),
('signupemail_message','Здравствуйте, [+uid+]!\r\n\r\nВаши данные для авторизации в системе управления сайтом [+sname+]:\r\n\r\nИмя пользователя: [+uid+]\r\nПароль: [+pwd+]\r\n\r\nПосле успешной авторизации в системе управления сайтом ([+surl+]), вы сможете изменить свой пароль.\r\n\r\nС уважением, Администрация'),
('system_email_signup_default','Здравствуйте, [+uid+]!\r\n\r\nВаши данные для авторизации в системе управления сайтом [+sname+]:\r\n\r\nИмя пользователя: [+uid+]\r\nПароль: [+pwd+]\r\n\r\nПосле успешной авторизации в системе управления сайтом ([+surl+]), вы сможете изменить свой пароль.\r\n\r\nС уважением, Администрация'),
('reload_websignupemail_message',''),
('websignupemail_message','Здравствуйте, [+uid+]!\r\n\r\nВаши данные для авторизации на [+sname+]:\r\n\r\nИмя пользователя: [+uid+]\r\nПароль: [+pwd+]\r\n\r\nПосле успешной авторизации на [+sname+] ([+surl+]), вы сможете изменить свой пароль.\r\n\r\nС уважением, Администрация'),
('system_email_websignup_default','Здравствуйте, [+uid+]!\r\n\r\nВаши данные для авторизации на [+sname+]:\r\n\r\nИмя пользователя: [+uid+]\r\nПароль: [+pwd+]\r\n\r\nПосле успешной авторизации на [+sname+] ([+surl+]), вы сможете изменить свой пароль.\r\n\r\nС уважением, Администрация'),
('reload_system_email_webreminder_message',''),
('webpwdreminder_message','Здравствуйте, [+uid+]!\r\n\r\nЧтобы активировать ваш новый пароль, перейдите по следующей ссылке:\r\n\r\n[+surl+]\r\n\r\nПозже вы сможете использовать следующий пароль для авторизации: [+pwd+]\r\n\r\nЕсли это письмо пришло к вам по ошибке, пожалуйста, проигнорируйте его.\r\n\r\nС уважением, Администрация'),
('system_email_webreminder_default','Здравствуйте, [+uid+]!\r\n\r\nЧтобы активировать ваш новый пароль, перейдите по следующей ссылке:\r\n\r\n[+surl+]\r\n\r\nПозже вы сможете использовать следующий пароль для авторизации: [+pwd+]\r\n\r\nЕсли это письмо пришло к вам по ошибке, пожалуйста, проигнорируйте его.\r\n\r\nС уважением, Администрация'),
('tree_page_click','27'),
('resource_tree_node_name','pagetitle'),
('rb_webuser','0'),
('clean_uploaded_filename','1'),
('mce_editor_skin','default'),
('mce_template_docs',''),
('mce_template_chunks',''),
('mce_entermode','p'),
('mce_element_format','xhtml'),
('mce_schema','html5'),
('tinymce_custom_buttons3',''),
('tinymce_custom_buttons4',''),
('tinymce_css_selectors','left=justifyleft;right=justifyright'),
('sys_files_checksum','a:4:{s:50:\"/home/web/www/clients/client12/web38/web/index.php\";s:32:\"cd008df3faa7d7ecbce5b05480fa8c34\";s:50:\"/home/web/www/clients/client12/web38/web/.htaccess\";s:32:\"d944528e2b1b2a4c85756a604e62fc0e\";s:58:\"/home/web/www/clients/client12/web38/web/manager/index.php\";s:32:\"ef228d1a7e707d376ab4e2ec314c7f6c\";s:72:\"/home/web/www/clients/client12/web38/web/manager/includes/config.inc.php\";s:32:\"e41b79cec47dea20709f7cc9c169eb9d\";}')	;
#	TC`modx_user_attributes`utf8_general_ci	;
CREATE TABLE `modx_user_attributes` (
  `id` int(10) NOT NULL AUTO_INCREMENT,
  `internalKey` int(10) NOT NULL DEFAULT '0',
  `fullname` varchar(100) NOT NULL DEFAULT '',
  `role` int(10) NOT NULL DEFAULT '0',
  `email` varchar(100) NOT NULL DEFAULT '',
  `phone` varchar(100) NOT NULL DEFAULT '',
  `mobilephone` varchar(100) NOT NULL DEFAULT '',
  `blocked` int(1) NOT NULL DEFAULT '0',
  `blockeduntil` int(11) NOT NULL DEFAULT '0',
  `blockedafter` int(11) NOT NULL DEFAULT '0',
  `logincount` int(11) NOT NULL DEFAULT '0',
  `lastlogin` int(11) NOT NULL DEFAULT '0',
  `thislogin` int(11) NOT NULL DEFAULT '0',
  `failedlogincount` int(10) NOT NULL DEFAULT '0',
  `sessionid` varchar(100) NOT NULL DEFAULT '',
  `dob` int(10) NOT NULL DEFAULT '0',
  `gender` int(1) NOT NULL DEFAULT '0' COMMENT '0 - unknown, 1 - Male 2 - female',
  `country` varchar(5) NOT NULL DEFAULT '',
  `street` varchar(255) NOT NULL DEFAULT '',
  `city` varchar(255) NOT NULL DEFAULT '',
  `state` varchar(25) NOT NULL DEFAULT '',
  `zip` varchar(25) NOT NULL DEFAULT '',
  `fax` varchar(100) NOT NULL DEFAULT '',
  `photo` varchar(255) NOT NULL DEFAULT '' COMMENT 'link to photo',
  `comment` text,
  PRIMARY KEY (`id`),
  KEY `userid` (`internalKey`)
) ENGINE=MyISAM AUTO_INCREMENT=2 DEFAULT CHARSET=utf8 COMMENT='Contains information about the backend users.'	;
#	TD`modx_user_attributes`utf8_general_ci	;
INSERT INTO `modx_user_attributes` VALUES 
(1,1,'Администратор',1,'ndmitrievich@upsales.ru','','',0,0,0,7,1384237094,1384285714,0,'5r9g3gp9glac4e15eft17kghs6',0,0,'','','','','','','','')	;
#	TC`modx_user_messages`utf8_general_ci	;
CREATE TABLE `modx_user_messages` (
  `id` int(10) NOT NULL AUTO_INCREMENT,
  `type` varchar(15) NOT NULL DEFAULT '',
  `subject` varchar(60) NOT NULL DEFAULT '',
  `message` text,
  `sender` int(10) NOT NULL DEFAULT '0',
  `recipient` int(10) NOT NULL DEFAULT '0',
  `private` tinyint(4) NOT NULL DEFAULT '0',
  `postdate` int(20) NOT NULL DEFAULT '0',
  `messageread` tinyint(1) NOT NULL DEFAULT '0',
  PRIMARY KEY (`id`)
) ENGINE=MyISAM DEFAULT CHARSET=utf8 COMMENT='Contains messages for the Content Manager messaging system.'	;
#	TC`modx_user_roles`utf8_general_ci	;
CREATE TABLE `modx_user_roles` (
  `id` int(10) NOT NULL AUTO_INCREMENT,
  `name` varchar(50) NOT NULL DEFAULT '',
  `description` varchar(255) NOT NULL DEFAULT '',
  `frames` int(1) NOT NULL DEFAULT '0',
  `home` int(1) NOT NULL DEFAULT '0',
  `view_document` int(1) NOT NULL DEFAULT '0',
  `new_document` int(1) NOT NULL DEFAULT '0',
  `save_document` int(1) NOT NULL DEFAULT '0',
  `publish_document` int(1) NOT NULL DEFAULT '0',
  `delete_document` int(1) NOT NULL DEFAULT '0',
  `empty_trash` int(1) NOT NULL DEFAULT '0',
  `action_ok` int(1) NOT NULL DEFAULT '0',
  `logout` int(1) NOT NULL DEFAULT '0',
  `help` int(1) NOT NULL DEFAULT '0',
  `messages` int(1) NOT NULL DEFAULT '0',
  `new_user` int(1) NOT NULL DEFAULT '0',
  `edit_user` int(1) NOT NULL DEFAULT '0',
  `logs` int(1) NOT NULL DEFAULT '0',
  `edit_parser` int(1) NOT NULL DEFAULT '0',
  `save_parser` int(1) NOT NULL DEFAULT '0',
  `edit_template` int(1) NOT NULL DEFAULT '0',
  `settings` int(1) NOT NULL DEFAULT '0',
  `credits` int(1) NOT NULL DEFAULT '0',
  `new_template` int(1) NOT NULL DEFAULT '0',
  `save_template` int(1) NOT NULL DEFAULT '0',
  `delete_template` int(1) NOT NULL DEFAULT '0',
  `edit_snippet` int(1) NOT NULL DEFAULT '0',
  `new_snippet` int(1) NOT NULL DEFAULT '0',
  `save_snippet` int(1) NOT NULL DEFAULT '0',
  `delete_snippet` int(1) NOT NULL DEFAULT '0',
  `edit_chunk` int(1) NOT NULL DEFAULT '0',
  `new_chunk` int(1) NOT NULL DEFAULT '0',
  `save_chunk` int(1) NOT NULL DEFAULT '0',
  `delete_chunk` int(1) NOT NULL DEFAULT '0',
  `empty_cache` int(1) NOT NULL DEFAULT '0',
  `edit_document` int(1) NOT NULL DEFAULT '0',
  `change_password` int(1) NOT NULL DEFAULT '0',
  `error_dialog` int(1) NOT NULL DEFAULT '0',
  `about` int(1) NOT NULL DEFAULT '0',
  `file_manager` int(1) NOT NULL DEFAULT '0',
  `save_user` int(1) NOT NULL DEFAULT '0',
  `delete_user` int(1) NOT NULL DEFAULT '0',
  `save_password` int(11) NOT NULL DEFAULT '0',
  `edit_role` int(1) NOT NULL DEFAULT '0',
  `save_role` int(1) NOT NULL DEFAULT '0',
  `delete_role` int(1) NOT NULL DEFAULT '0',
  `new_role` int(1) NOT NULL DEFAULT '0',
  `access_permissions` int(1) NOT NULL DEFAULT '0',
  `bk_manager` int(1) NOT NULL DEFAULT '0',
  `new_plugin` int(1) NOT NULL DEFAULT '0',
  `edit_plugin` int(1) NOT NULL DEFAULT '0',
  `save_plugin` int(1) NOT NULL DEFAULT '0',
  `delete_plugin` int(1) NOT NULL DEFAULT '0',
  `new_module` int(1) NOT NULL DEFAULT '0',
  `edit_module` int(1) NOT NULL DEFAULT '0',
  `save_module` int(1) NOT NULL DEFAULT '0',
  `delete_module` int(1) NOT NULL DEFAULT '0',
  `exec_module` int(1) NOT NULL DEFAULT '0',
  `view_eventlog` int(1) NOT NULL DEFAULT '0',
  `delete_eventlog` int(1) NOT NULL DEFAULT '0',
  `manage_metatags` int(1) NOT NULL DEFAULT '0' COMMENT 'manage site meta tags and keywords',
  `edit_doc_metatags` int(1) NOT NULL DEFAULT '0' COMMENT 'edit document meta tags and keywords',
  `new_web_user` int(1) NOT NULL DEFAULT '0',
  `edit_web_user` int(1) NOT NULL DEFAULT '0',
  `save_web_user` int(1) NOT NULL DEFAULT '0',
  `delete_web_user` int(1) NOT NULL DEFAULT '0',
  `web_access_permissions` int(1) NOT NULL DEFAULT '0',
  `view_unpublished` int(1) NOT NULL DEFAULT '0',
  `import_static` int(1) NOT NULL DEFAULT '0',
  `export_static` int(1) NOT NULL DEFAULT '0',
  `remove_locks` int(1) NOT NULL DEFAULT '0',
  PRIMARY KEY (`id`)
) ENGINE=MyISAM AUTO_INCREMENT=4 DEFAULT CHARSET=utf8 COMMENT='Contains information describing the user roles.'	;
#	TD`modx_user_roles`utf8_general_ci	;
INSERT INTO `modx_user_roles` VALUES 
(2,'Editor','Limited to managing content',1,1,1,1,1,1,1,0,1,1,1,0,0,0,0,0,0,0,0,1,0,0,0,0,0,0,0,1,0,1,0,1,1,1,1,1,1,0,0,1,0,0,0,0,0,0,0,0,0,0,0,0,0,0,1,0,0,0,0,0,0,0,0,0,1,0,0,1),
(3,'Publisher','Editor with expanded permissions including manage users, update Elements and site settings',1,1,1,1,1,1,1,1,1,1,1,0,1,1,1,0,0,1,1,1,1,1,1,0,0,0,0,1,1,1,1,1,1,1,1,1,1,1,1,1,0,0,0,0,0,1,0,0,0,0,0,0,0,0,1,0,0,0,0,1,1,1,1,0,1,0,0,1),
(1,'Administrator','Site administrators have full access to all functions',1,1,1,1,1,1,1,1,1,1,1,1,1,1,1,1,1,1,1,1,1,1,1,1,1,1,1,1,1,1,1,1,1,1,1,1,1,1,1,1,1,1,1,1,1,1,1,1,1,1,1,1,1,1,1,1,1,1,1,1,1,1,1,1,1,1,1,1)	;
#	TC`modx_user_settings`utf8_general_ci	;
CREATE TABLE `modx_user_settings` (
  `user` int(11) NOT NULL,
  `setting_name` varchar(50) NOT NULL DEFAULT '',
  `setting_value` text,
  PRIMARY KEY (`user`,`setting_name`),
  KEY `setting_name` (`setting_name`),
  KEY `user` (`user`)
) ENGINE=MyISAM DEFAULT CHARSET=utf8 COMMENT='Contains backend user settings.'	;
#	TD`modx_user_settings`utf8_general_ci	;
INSERT INTO `modx_user_settings` VALUES 
(1,'allow_manager_access','1')	;
#	TC`modx_web_groups`utf8_general_ci	;
CREATE TABLE `modx_web_groups` (
  `id` int(10) NOT NULL AUTO_INCREMENT,
  `webgroup` int(10) NOT NULL DEFAULT '0',
  `webuser` int(10) NOT NULL DEFAULT '0',
  PRIMARY KEY (`id`),
  UNIQUE KEY `ix_group_user` (`webgroup`,`webuser`)
) ENGINE=MyISAM DEFAULT CHARSET=utf8 COMMENT='Contains data used for web access permissions.'	;
#	TC`modx_web_user_attributes`utf8_general_ci	;
CREATE TABLE `modx_web_user_attributes` (
  `id` int(10) NOT NULL AUTO_INCREMENT,
  `internalKey` int(10) NOT NULL DEFAULT '0',
  `fullname` varchar(100) NOT NULL DEFAULT '',
  `role` int(10) NOT NULL DEFAULT '0',
  `email` varchar(100) NOT NULL DEFAULT '',
  `phone` varchar(100) NOT NULL DEFAULT '',
  `mobilephone` varchar(100) NOT NULL DEFAULT '',
  `blocked` int(1) NOT NULL DEFAULT '0',
  `blockeduntil` int(11) NOT NULL DEFAULT '0',
  `blockedafter` int(11) NOT NULL DEFAULT '0',
  `logincount` int(11) NOT NULL DEFAULT '0',
  `lastlogin` int(11) NOT NULL DEFAULT '0',
  `thislogin` int(11) NOT NULL DEFAULT '0',
  `failedlogincount` int(10) NOT NULL DEFAULT '0',
  `sessionid` varchar(100) NOT NULL DEFAULT '',
  `dob` int(10) NOT NULL DEFAULT '0',
  `gender` int(1) NOT NULL DEFAULT '0' COMMENT '0 - unknown, 1 - Male 2 - female',
  `country` varchar(25) NOT NULL DEFAULT '',
  `street` varchar(255) NOT NULL DEFAULT '',
  `city` varchar(255) NOT NULL DEFAULT '',
  `state` varchar(25) NOT NULL DEFAULT '',
  `zip` varchar(25) NOT NULL DEFAULT '',
  `fax` varchar(100) NOT NULL DEFAULT '',
  `photo` varchar(255) NOT NULL DEFAULT '' COMMENT 'link to photo',
  `comment` text,
  PRIMARY KEY (`id`),
  KEY `userid` (`internalKey`)
) ENGINE=MyISAM DEFAULT CHARSET=utf8 COMMENT='Contains information for web users.'	;
#	TC`modx_web_user_settings`utf8_general_ci	;
CREATE TABLE `modx_web_user_settings` (
  `webuser` int(11) NOT NULL,
  `setting_name` varchar(50) NOT NULL DEFAULT '',
  `setting_value` text,
  PRIMARY KEY (`webuser`,`setting_name`),
  KEY `setting_name` (`setting_name`),
  KEY `webuserid` (`webuser`)
) ENGINE=MyISAM DEFAULT CHARSET=utf8 COMMENT='Contains web user settings.'	;
#	TC`modx_web_users`utf8_general_ci	;
CREATE TABLE `modx_web_users` (
  `id` int(10) NOT NULL AUTO_INCREMENT,
  `username` varchar(100) NOT NULL DEFAULT '',
  `password` varchar(100) NOT NULL DEFAULT '',
  `cachepwd` varchar(100) NOT NULL DEFAULT '' COMMENT 'Store new unconfirmed password',
  PRIMARY KEY (`id`),
  UNIQUE KEY `username` (`username`)
) ENGINE=MyISAM DEFAULT CHARSET=utf8	;
#	TC`modx_webgroup_access`utf8_general_ci	;
CREATE TABLE `modx_webgroup_access` (
  `id` int(10) NOT NULL AUTO_INCREMENT,
  `webgroup` int(10) NOT NULL DEFAULT '0',
  `documentgroup` int(10) NOT NULL DEFAULT '0',
  PRIMARY KEY (`id`)
) ENGINE=MyISAM DEFAULT CHARSET=utf8 COMMENT='Contains data used for web access permissions.'	;
#	TC`modx_webgroup_names`utf8_general_ci	;
CREATE TABLE `modx_webgroup_names` (
  `id` int(10) NOT NULL AUTO_INCREMENT,
  `name` varchar(255) NOT NULL DEFAULT '',
  PRIMARY KEY (`id`),
  UNIQUE KEY `name` (`name`)
) ENGINE=MyISAM DEFAULT CHARSET=utf8 COMMENT='Contains data used for web access permissions.'	;
