#SKD101|top3seo_top3seo|39|2013.11.05 10:24:46|973|1|12|5|578|1|19|15|1|29|9|18|6|16|5|5|117|132|1|3

DROP TABLE IF EXISTS `modx_active_users`;
CREATE TABLE `modx_active_users` (
  `internalKey` int(9) NOT NULL DEFAULT '0',
  `username` varchar(50) NOT NULL DEFAULT '',
  `lasthit` int(20) NOT NULL DEFAULT '0',
  `id` int(10) DEFAULT NULL,
  `action` varchar(10) NOT NULL DEFAULT '',
  `ip` varchar(50) NOT NULL DEFAULT '',
  PRIMARY KEY (`internalKey`)
) ENGINE=MyISAM /*!40101 DEFAULT CHARSET=utf8 */ COMMENT='Contains data about active users.';

INSERT INTO `modx_active_users` VALUES
(1, 'admin', 1383575132, 8, '16', '127.0.0.1');

DROP TABLE IF EXISTS `modx_categories`;
CREATE TABLE `modx_categories` (
  `id` int(11) NOT NULL AUTO_INCREMENT,
  `category` varchar(45) NOT NULL DEFAULT '',
  PRIMARY KEY (`id`)
) ENGINE=MyISAM AUTO_INCREMENT=13 /*!40101 DEFAULT CHARSET=utf8 */ COMMENT='Categories to be used snippets,tv,chunks, etc';

INSERT INTO `modx_categories` VALUES
(1, 'Demo Content'),
(2, 'Js'),
(3, 'Login'),
(4, 'Manager and Admin'),
(5, 'Search'),
(6, 'Navigation'),
(7, 'Content'),
(8, 'Forms'),
(9, 'Основное'),
(10, 'Контент главной'),
(11, 'разное'),
(12, 'Сотрудники');

DROP TABLE IF EXISTS `modx_document_groups`;
CREATE TABLE `modx_document_groups` (
  `id` int(10) NOT NULL AUTO_INCREMENT,
  `document_group` int(10) NOT NULL DEFAULT '0',
  `document` int(10) NOT NULL DEFAULT '0',
  PRIMARY KEY (`id`),
  KEY `document` (`document`),
  KEY `document_group` (`document_group`)
) ENGINE=MyISAM /*!40101 DEFAULT CHARSET=utf8 */ COMMENT='Contains data used for access permissions.';

DROP TABLE IF EXISTS `modx_documentgroup_names`;
CREATE TABLE `modx_documentgroup_names` (
  `id` int(10) NOT NULL AUTO_INCREMENT,
  `name` varchar(255) NOT NULL DEFAULT '',
  `private_memgroup` tinyint(4) DEFAULT '0' COMMENT 'determine whether the document group is private to manager users',
  `private_webgroup` tinyint(4) DEFAULT '0' COMMENT 'determines whether the document is private to web users',
  PRIMARY KEY (`id`),
  UNIQUE KEY `name` (`name`)
) ENGINE=MyISAM /*!40101 DEFAULT CHARSET=utf8 */ COMMENT='Contains data used for access permissions.';

DROP TABLE IF EXISTS `modx_event_log`;
CREATE TABLE `modx_event_log` (
  `id` int(11) NOT NULL AUTO_INCREMENT,
  `eventid` int(11) DEFAULT '0',
  `createdon` int(11) NOT NULL DEFAULT '0',
  `type` tinyint(4) NOT NULL DEFAULT '1' COMMENT '1- information, 2 - warning, 3- error',
  `user` int(11) NOT NULL DEFAULT '0' COMMENT 'link to user table',
  `usertype` tinyint(4) NOT NULL DEFAULT '0' COMMENT '0 - manager, 1 - web',
  `source` varchar(50) NOT NULL DEFAULT '',
  `description` text,
  PRIMARY KEY (`id`),
  KEY `user` (`user`)
) ENGINE=MyISAM AUTO_INCREMENT=6 /*!40101 DEFAULT CHARSET=utf8 */ COMMENT='Stores event and error logs';

INSERT INTO `modx_event_log` VALUES
(1, 0, 1383570600, 3, 1, 0, 'Plugin - ManagerManager - Editing resource', '<h3 style=\"color:red\">&laquo; MODX Parse Error &raquo;</h3>\n	                <table border=\"0\" cellpadding=\"1\" cellspacing=\"0\">\n	                <tr><td colspan=\"2\">MODX encountered the following error while attempting to parse the requested resource:</td></tr>\n	                <tr><td colspan=\"2\"><b style=\"color:red;\">&laquo; PHP Parse Error &raquo;</b></td></tr><tr><td colspan=\"2\"><b>PHP error debug</b></td></tr><tr><td colspan=\"2\"><div style=\"font-weight:bold;border:1px solid #ccc;padding:8px;color:#333;background-color:#ffffcd;\"><!--error--><br />\n<b>Parse error</b>:  syntax error, unexpected $end in <b>Z:\\home\\top3seo.ru\\www\\assets\\plugins\\managermanager\\mm.inc.php(362) : eval()\'d code</b> on line <b>8</b><br />\n<script language=JavaScript src=\'/denwer/errors/phperror_js.php\'></script></div></td></tr><tr><td valign=\"top\">ErrorType[num] : </td><td>PARSING ERROR[4]</td></tr><tr><td>File : </td><td>Z:\\home\\top3seo.ru\\www\\assets\\plugins\\managermanager\\mm.inc.php(362) : eval()\'d code</td></tr><tr><td>Line : </td><td>8</td></tr><tr><td>Source : </td><td>Plugin</td></tr><tr><td colspan=\"2\"><b>Basic info</b></td></tr><tr><td valign=\"top\" style=\"white-space:nowrap;\">REQUEST_URI : </td><td>/manager/index.php?a=27&amp;id=6</td></tr><tr><td valign=\"top\">Manager action : </td><td>27 - Editing resource</td></tr><tr><td>Current Plugin : </td><td>ManagerManager(OnDocFormRender)</td></tr><tr><td>Referer : </td><td>http://top3seo.ru/manager/index.php?a=1&amp;amp;f=tree</td></tr><tr><td>User Agent : </td><td>Mozilla/5.0 (Windows NT 6.1; WOW64) AppleWebKit/537.36 (KHTML, like Gecko) Chrome/30.0.1599.101 Safari/537.36</td></tr><tr><td>IP : </td><td>127.0.0.1</td></tr><tr><td colspan=\"2\"><b>Benchmarks</b></td></tr><tr><td>MySQL : </td><td>0.0438 s (10 Requests)</td></tr><tr><td>PHP : </td><td>0.1830 s</td></tr><tr><td>Total : </td><td>0.2268 s</td></tr><tr><td>Memory : </td><td>3.9663925170898 mb</td></tr></table>\n<br /><p><b>Backtrace</b></p>\n<table><tr><td valign=\"top\">1</td><td>include_once()<br />manager/index.php on line 301</td><tr><td valign=\"top\">2</td><td>DocumentParser->invokeEvent()<br />manager/actions/mutate_content.dynamic.php on line 1217</td><tr><td valign=\"top\">3</td><td>DocumentParser->evalPlugin()<br />manager/includes/document.parser.class.inc.php on line 3334</td></table>\n'),
(2, 0, 1383570759, 3, 1, 0, 'Plugin - ManagerManager - Editing resource', '<h3 style=\"color:red\">&laquo; MODX Parse Error &raquo;</h3>\n	                <table border=\"0\" cellpadding=\"1\" cellspacing=\"0\">\n	                <tr><td colspan=\"2\">MODX encountered the following error while attempting to parse the requested resource:</td></tr>\n	                <tr><td colspan=\"2\"><b style=\"color:red;\">&laquo; PHP Parse Error &raquo;</b></td></tr><tr><td colspan=\"2\"><b>PHP error debug</b></td></tr><tr><td colspan=\"2\"><div style=\"font-weight:bold;border:1px solid #ccc;padding:8px;color:#333;background-color:#ffffcd;\"><!--error--><br />\n<b>Parse error</b>:  syntax error, unexpected $end in <b>Z:\\home\\top3seo.ru\\www\\assets\\plugins\\managermanager\\mm.inc.php(362) : eval()\'d code</b> on line <b>8</b><br />\n<script language=JavaScript src=\'/denwer/errors/phperror_js.php\'></script></div></td></tr><tr><td valign=\"top\">ErrorType[num] : </td><td>PARSING ERROR[4]</td></tr><tr><td>File : </td><td>Z:\\home\\top3seo.ru\\www\\assets\\plugins\\managermanager\\mm.inc.php(362) : eval()\'d code</td></tr><tr><td>Line : </td><td>8</td></tr><tr><td>Source : </td><td>Plugin</td></tr><tr><td colspan=\"2\"><b>Basic info</b></td></tr><tr><td valign=\"top\" style=\"white-space:nowrap;\">REQUEST_URI : </td><td>/manager/index.php?a=27&amp;id=6</td></tr><tr><td valign=\"top\">Manager action : </td><td>27 - Editing resource</td></tr><tr><td>Current Plugin : </td><td>ManagerManager(OnDocFormRender)</td></tr><tr><td>Referer : </td><td>http://top3seo.ru/manager/index.php?a=1&amp;amp;f=tree</td></tr><tr><td>User Agent : </td><td>Mozilla/5.0 (Windows NT 6.1; WOW64) AppleWebKit/537.36 (KHTML, like Gecko) Chrome/30.0.1599.101 Safari/537.36</td></tr><tr><td>IP : </td><td>127.0.0.1</td></tr><tr><td colspan=\"2\"><b>Benchmarks</b></td></tr><tr><td>MySQL : </td><td>0.0643 s (10 Requests)</td></tr><tr><td>PHP : </td><td>0.0825 s</td></tr><tr><td>Total : </td><td>0.1468 s</td></tr><tr><td>Memory : </td><td>3.9663925170898 mb</td></tr></table>\n<br /><p><b>Backtrace</b></p>\n<table><tr><td valign=\"top\">1</td><td>include_once()<br />manager/index.php on line 301</td><tr><td valign=\"top\">2</td><td>DocumentParser->invokeEvent()<br />manager/actions/mutate_content.dynamic.php on line 1217</td><tr><td valign=\"top\">3</td><td>DocumentParser->evalPlugin()<br />manager/includes/document.parser.class.inc.php on line 3334</td></table>\n'),
(3, 0, 1383570798, 3, 1, 0, 'Plugin - ManagerManager - Editing resource', '<h3 style=\"color:red\">&laquo; MODX Parse Error &raquo;</h3>\n	                <table border=\"0\" cellpadding=\"1\" cellspacing=\"0\">\n	                <tr><td colspan=\"2\">MODX encountered the following error while attempting to parse the requested resource:</td></tr>\n	                <tr><td colspan=\"2\"><b style=\"color:red;\">&laquo; PHP Parse Error &raquo;</b></td></tr><tr><td colspan=\"2\"><b>PHP error debug</b></td></tr><tr><td colspan=\"2\"><div style=\"font-weight:bold;border:1px solid #ccc;padding:8px;color:#333;background-color:#ffffcd;\"><!--error--><br />\n<b>Parse error</b>:  syntax error, unexpected $end in <b>Z:\\home\\top3seo.ru\\www\\assets\\plugins\\managermanager\\mm.inc.php(362) : eval()\'d code</b> on line <b>8</b><br />\n<script language=JavaScript src=\'/denwer/errors/phperror_js.php\'></script></div></td></tr><tr><td valign=\"top\">ErrorType[num] : </td><td>PARSING ERROR[4]</td></tr><tr><td>File : </td><td>Z:\\home\\top3seo.ru\\www\\assets\\plugins\\managermanager\\mm.inc.php(362) : eval()\'d code</td></tr><tr><td>Line : </td><td>8</td></tr><tr><td>Source : </td><td>Plugin</td></tr><tr><td colspan=\"2\"><b>Basic info</b></td></tr><tr><td valign=\"top\" style=\"white-space:nowrap;\">REQUEST_URI : </td><td>/manager/index.php?a=27&amp;id=6</td></tr><tr><td valign=\"top\">Manager action : </td><td>27 - Editing resource</td></tr><tr><td>Current Plugin : </td><td>ManagerManager(OnDocFormRender)</td></tr><tr><td>Referer : </td><td>http://top3seo.ru/manager/index.php?a=1&amp;amp;f=tree</td></tr><tr><td>User Agent : </td><td>Mozilla/5.0 (Windows NT 6.1; WOW64) AppleWebKit/537.36 (KHTML, like Gecko) Chrome/30.0.1599.101 Safari/537.36</td></tr><tr><td>IP : </td><td>127.0.0.1</td></tr><tr><td colspan=\"2\"><b>Benchmarks</b></td></tr><tr><td>MySQL : </td><td>0.0521 s (10 Requests)</td></tr><tr><td>PHP : </td><td>0.0815 s</td></tr><tr><td>Total : </td><td>0.1336 s</td></tr><tr><td>Memory : </td><td>3.9663925170898 mb</td></tr></table>\n<br /><p><b>Backtrace</b></p>\n<table><tr><td valign=\"top\">1</td><td>include_once()<br />manager/index.php on line 301</td><tr><td valign=\"top\">2</td><td>DocumentParser->invokeEvent()<br />manager/actions/mutate_content.dynamic.php on line 1217</td><tr><td valign=\"top\">3</td><td>DocumentParser->evalPlugin()<br />manager/includes/document.parser.class.inc.php on line 3334</td></table>\n'),
(4, 0, 1383570804, 3, 1, 0, 'Plugin - ManagerManager - Editing resource', '<h3 style=\"color:red\">&laquo; MODX Parse Error &raquo;</h3>\n	                <table border=\"0\" cellpadding=\"1\" cellspacing=\"0\">\n	                <tr><td colspan=\"2\">MODX encountered the following error while attempting to parse the requested resource:</td></tr>\n	                <tr><td colspan=\"2\"><b style=\"color:red;\">&laquo; PHP Parse Error &raquo;</b></td></tr><tr><td colspan=\"2\"><b>PHP error debug</b></td></tr><tr><td colspan=\"2\"><div style=\"font-weight:bold;border:1px solid #ccc;padding:8px;color:#333;background-color:#ffffcd;\"><!--error--><br />\n<b>Parse error</b>:  syntax error, unexpected $end in <b>Z:\\home\\top3seo.ru\\www\\assets\\plugins\\managermanager\\mm.inc.php(362) : eval()\'d code</b> on line <b>8</b><br />\n<script language=JavaScript src=\'/denwer/errors/phperror_js.php\'></script></div></td></tr><tr><td valign=\"top\">ErrorType[num] : </td><td>PARSING ERROR[4]</td></tr><tr><td>File : </td><td>Z:\\home\\top3seo.ru\\www\\assets\\plugins\\managermanager\\mm.inc.php(362) : eval()\'d code</td></tr><tr><td>Line : </td><td>8</td></tr><tr><td>Source : </td><td>Plugin</td></tr><tr><td colspan=\"2\"><b>Basic info</b></td></tr><tr><td valign=\"top\" style=\"white-space:nowrap;\">REQUEST_URI : </td><td>/manager/index.php?a=27&amp;id=6&amp;r=1&amp;stay=2&amp;dir=&amp;sort=createdon&amp;page=0</td></tr><tr><td valign=\"top\">Manager action : </td><td>27 - Editing resource</td></tr><tr><td>Current Plugin : </td><td>ManagerManager(OnDocFormRender)</td></tr><tr><td>Referer : </td><td>http://top3seo.ru/manager/index.php?a=27&amp;amp;id=6</td></tr><tr><td>User Agent : </td><td>Mozilla/5.0 (Windows NT 6.1; WOW64) AppleWebKit/537.36 (KHTML, like Gecko) Chrome/30.0.1599.101 Safari/537.36</td></tr><tr><td>IP : </td><td>127.0.0.1</td></tr><tr><td colspan=\"2\"><b>Benchmarks</b></td></tr><tr><td>MySQL : </td><td>0.0423 s (10 Requests)</td></tr><tr><td>PHP : </td><td>0.0659 s</td></tr><tr><td>Total : </td><td>0.1082 s</td></tr><tr><td>Memory : </td><td>3.9650650024414 mb</td></tr></table>\n<br /><p><b>Backtrace</b></p>\n<table><tr><td valign=\"top\">1</td><td>include_once()<br />manager/index.php on line 301</td><tr><td valign=\"top\">2</td><td>DocumentParser->invokeEvent()<br />manager/actions/mutate_content.dynamic.php on line 1217</td><tr><td valign=\"top\">3</td><td>DocumentParser->evalPlugin()<br />manager/includes/document.parser.class.inc.php on line 3334</td></table>\n'),
(5, 0, 1383570868, 3, 1, 0, 'Plugin - ManagerManager - Editing resource', '<h3 style=\"color:red\">&laquo; MODX Parse Error &raquo;</h3>\n	                <table border=\"0\" cellpadding=\"1\" cellspacing=\"0\">\n	                <tr><td colspan=\"2\">MODX encountered the following error while attempting to parse the requested resource:</td></tr>\n	                <tr><td colspan=\"2\"><b style=\"color:red;\">&laquo; PHP Parse Error &raquo;</b></td></tr><tr><td colspan=\"2\"><b>PHP error debug</b></td></tr><tr><td colspan=\"2\"><div style=\"font-weight:bold;border:1px solid #ccc;padding:8px;color:#333;background-color:#ffffcd;\"><!--error--><br />\n<b>Parse error</b>:  syntax error, unexpected T_CONSTANT_ENCAPSED_STRING in <b>Z:\\home\\top3seo.ru\\www\\assets\\plugins\\managermanager\\mm.inc.php(362) : eval()\'d code</b> on line <b>8</b><br />\n<script language=JavaScript src=\'/denwer/errors/phperror_js.php\'></script></div></td></tr><tr><td valign=\"top\">ErrorType[num] : </td><td>PARSING ERROR[4]</td></tr><tr><td>File : </td><td>Z:\\home\\top3seo.ru\\www\\assets\\plugins\\managermanager\\mm.inc.php(362) : eval()\'d code</td></tr><tr><td>Line : </td><td>8</td></tr><tr><td>Source : </td><td>Plugin</td></tr><tr><td colspan=\"2\"><b>Basic info</b></td></tr><tr><td valign=\"top\" style=\"white-space:nowrap;\">REQUEST_URI : </td><td>/manager/index.php?a=27&amp;id=6</td></tr><tr><td valign=\"top\">Manager action : </td><td>27 - Editing resource</td></tr><tr><td>Current Plugin : </td><td>ManagerManager(OnDocFormRender)</td></tr><tr><td>Referer : </td><td>http://top3seo.ru/manager/index.php?a=1&amp;amp;f=tree</td></tr><tr><td>User Agent : </td><td>Mozilla/5.0 (Windows NT 6.1; WOW64) AppleWebKit/537.36 (KHTML, like Gecko) Chrome/30.0.1599.101 Safari/537.36</td></tr><tr><td>IP : </td><td>127.0.0.1</td></tr><tr><td colspan=\"2\"><b>Benchmarks</b></td></tr><tr><td>MySQL : </td><td>0.0288 s (10 Requests)</td></tr><tr><td>PHP : </td><td>0.0667 s</td></tr><tr><td>Total : </td><td>0.0956 s</td></tr><tr><td>Memory : </td><td>3.9663925170898 mb</td></tr></table>\n<br /><p><b>Backtrace</b></p>\n<table><tr><td valign=\"top\">1</td><td>include_once()<br />manager/index.php on line 301</td><tr><td valign=\"top\">2</td><td>DocumentParser->invokeEvent()<br />manager/actions/mutate_content.dynamic.php on line 1217</td><tr><td valign=\"top\">3</td><td>DocumentParser->evalPlugin()<br />manager/includes/document.parser.class.inc.php on line 3334</td></table>\n');

DROP TABLE IF EXISTS `modx_keyword_xref`;
CREATE TABLE `modx_keyword_xref` (
  `content_id` int(11) NOT NULL DEFAULT '0',
  `keyword_id` int(11) NOT NULL DEFAULT '0',
  KEY `content_id` (`content_id`),
  KEY `keyword_id` (`keyword_id`)
) ENGINE=MyISAM /*!40101 DEFAULT CHARSET=utf8 */ COMMENT='Cross reference bewteen keywords and content';

DROP TABLE IF EXISTS `modx_manager_log`;
CREATE TABLE `modx_manager_log` (
  `id` int(10) NOT NULL AUTO_INCREMENT,
  `timestamp` int(20) NOT NULL DEFAULT '0',
  `internalKey` int(10) NOT NULL DEFAULT '0',
  `username` varchar(255) DEFAULT NULL,
  `action` int(10) NOT NULL DEFAULT '0',
  `itemid` varchar(10) DEFAULT '0',
  `itemname` varchar(255) DEFAULT NULL,
  `message` varchar(255) NOT NULL DEFAULT '',
  PRIMARY KEY (`id`)
) ENGINE=MyISAM AUTO_INCREMENT=579 /*!40101 DEFAULT CHARSET=utf8 */ COMMENT='Contains a record of user interaction.';

INSERT INTO `modx_manager_log` VALUES
(1, 1383551047, 1, 'admin', 58, '-', 'MODx', 'Logged in'),
(2, 1383551070, 1, 'admin', 17, '-', '-', 'Editing settings'),
(3, 1383551628, 1, 'admin', 30, '-', '-', 'Saving settings'),
(4, 1383551642, 1, 'admin', 76, '-', '-', 'Element management'),
(5, 1383551652, 1, 'admin', 19, '-', 'New template', 'Creating a new template'),
(6, 1383551680, 1, 'admin', 20, '-', '-', 'Saving template'),
(7, 1383551680, 1, 'admin', 16, '5', 'Главная', 'Editing template'),
(8, 1383551688, 1, 'admin', 76, '-', '-', 'Element management'),
(9, 1383551694, 1, 'admin', 76, '-', '-', 'Element management'),
(10, 1383551698, 1, 'admin', 77, '-', 'New Chunk', 'Creating a new Chunk (HTML Snippet)'),
(11, 1383551851, 1, 'admin', 79, '-', '-', 'Saving Chunk (HTML Snippet)'),
(12, 1383551851, 1, 'admin', 78, '3', 'head', 'Editing Chunk (HTML Snippet)'),
(13, 1383551853, 1, 'admin', 20, '5', '-', 'Saving template'),
(14, 1383551853, 1, 'admin', 16, '5', 'Главная', 'Editing template'),
(15, 1383551856, 1, 'admin', 76, '-', '-', 'Element management'),
(16, 1383552014, 1, 'admin', 79, '3', '-', 'Saving Chunk (HTML Snippet)'),
(17, 1383552014, 1, 'admin', 78, '3', 'head', 'Editing Chunk (HTML Snippet)'),
(18, 1383552029, 1, 'admin', 79, '3', '-', 'Saving Chunk (HTML Snippet)'),
(19, 1383552029, 1, 'admin', 78, '3', 'head', 'Editing Chunk (HTML Snippet)'),
(20, 1383552038, 1, 'admin', 76, '-', '-', 'Element management'),
(21, 1383552043, 1, 'admin', 77, '-', 'New Chunk', 'Creating a new Chunk (HTML Snippet)'),
(22, 1383552156, 1, 'admin', 79, '-', '-', 'Saving Chunk (HTML Snippet)'),
(23, 1383552156, 1, 'admin', 76, '-', '-', 'Element management'),
(24, 1383552158, 1, 'admin', 77, '-', 'New Chunk', 'Creating a new Chunk (HTML Snippet)'),
(25, 1383552213, 1, 'admin', 79, '-', '-', 'Saving Chunk (HTML Snippet)'),
(26, 1383552213, 1, 'admin', 76, '-', '-', 'Element management'),
(27, 1383552214, 1, 'admin', 77, '-', 'New Chunk', 'Creating a new Chunk (HTML Snippet)'),
(28, 1383552319, 1, 'admin', 79, '-', '-', 'Saving Chunk (HTML Snippet)'),
(29, 1383552319, 1, 'admin', 76, '-', '-', 'Element management'),
(30, 1383552323, 1, 'admin', 20, '5', '-', 'Saving template'),
(31, 1383552323, 1, 'admin', 16, '5', 'Главная', 'Editing template'),
(32, 1383552405, 1, 'admin', 77, '-', 'New Chunk', 'Creating a new Chunk (HTML Snippet)'),
(33, 1383552482, 1, 'admin', 79, '-', '-', 'Saving Chunk (HTML Snippet)'),
(34, 1383552482, 1, 'admin', 77, '-', 'New Chunk', 'Creating a new Chunk (HTML Snippet)'),
(35, 1383552584, 1, 'admin', 79, '-', '-', 'Saving Chunk (HTML Snippet)'),
(36, 1383552584, 1, 'admin', 77, '-', 'New Chunk', 'Creating a new Chunk (HTML Snippet)'),
(37, 1383552635, 1, 'admin', 79, '-', '-', 'Saving Chunk (HTML Snippet)'),
(38, 1383552635, 1, 'admin', 77, '-', 'New Chunk', 'Creating a new Chunk (HTML Snippet)'),
(39, 1383552721, 1, 'admin', 79, '-', '-', 'Saving Chunk (HTML Snippet)'),
(40, 1383552722, 1, 'admin', 77, '-', 'New Chunk', 'Creating a new Chunk (HTML Snippet)'),
(41, 1383552791, 1, 'admin', 79, '-', '-', 'Saving Chunk (HTML Snippet)'),
(42, 1383552791, 1, 'admin', 77, '-', 'New Chunk', 'Creating a new Chunk (HTML Snippet)'),
(43, 1383552881, 1, 'admin', 79, '-', '-', 'Saving Chunk (HTML Snippet)'),
(44, 1383552881, 1, 'admin', 76, '-', '-', 'Element management'),
(45, 1383552894, 1, 'admin', 20, '5', '-', 'Saving template'),
(46, 1383552894, 1, 'admin', 16, '5', 'Главная', 'Editing template'),
(47, 1383552897, 1, 'admin', 78, '4', 'header', 'Editing Chunk (HTML Snippet)'),
(48, 1383552936, 1, 'admin', 79, '4', '-', 'Saving Chunk (HTML Snippet)'),
(49, 1383552936, 1, 'admin', 76, '-', '-', 'Element management'),
(50, 1383552938, 1, 'admin', 78, '5', 'top_line', 'Editing Chunk (HTML Snippet)'),
(51, 1383552960, 1, 'admin', 79, '5', '-', 'Saving Chunk (HTML Snippet)'),
(52, 1383552960, 1, 'admin', 76, '-', '-', 'Element management'),
(53, 1383553048, 1, 'admin', 20, '5', '-', 'Saving template'),
(54, 1383553048, 1, 'admin', 76, '-', '-', 'Element management'),
(55, 1383553071, 1, 'admin', 27, '1', '-', 'Editing resource'),
(56, 1383553096, 1, 'admin', 27, '1', '-', 'Editing resource'),
(57, 1383553107, 1, 'admin', 5, '1', '-', 'Saving resource'),
(58, 1383553109, 1, 'admin', 3, '1', 'Главная', 'Viewing data for resource'),
(59, 1383553125, 1, 'admin', 78, '3', 'head', 'Editing Chunk (HTML Snippet)'),
(60, 1383553161, 1, 'admin', 79, '3', '-', 'Saving Chunk (HTML Snippet)'),
(61, 1383553161, 1, 'admin', 76, '-', '-', 'Element management'),
(62, 1383553571, 1, 'admin', 76, '-', '-', 'Element management'),
(63, 1383553573, 1, 'admin', 78, '4', 'header', 'Editing Chunk (HTML Snippet)'),
(64, 1383553800, 1, 'admin', 4, '-', '-', 'Creating a resource'),
(65, 1383553826, 1, 'admin', 5, '-', '-', 'Saving resource'),
(66, 1383553828, 1, 'admin', 3, '2', 'О нас', 'Viewing data for resource'),
(67, 1383553923, 1, 'admin', 101, '-', 'New snippet', 'Create new plugin'),
(68, 1383553990, 1, 'admin', 103, '-', '-', 'Saving plugin'),
(69, 1383553990, 1, 'admin', 76, '-', '-', 'Element management'),
(70, 1383554019, 1, 'admin', 4, '-', '-', 'Creating a resource'),
(71, 1383554032, 1, 'admin', 76, '-', '-', 'Element management'),
(72, 1383554045, 1, 'admin', 102, '8', 'TransAlias', 'Edit plugin'),
(73, 1383554108, 1, 'admin', 103, '8', '-', 'Saving plugin'),
(74, 1383554108, 1, 'admin', 76, '-', '-', 'Element management'),
(75, 1383554109, 1, 'admin', 27, '1', '-', 'Editing resource'),
(76, 1383554110, 1, 'admin', 27, '2', '-', 'Editing resource'),
(77, 1383554113, 1, 'admin', 5, '2', '-', 'Saving resource'),
(78, 1383554114, 1, 'admin', 3, '2', 'О нас', 'Viewing data for resource'),
(79, 1383554115, 1, 'admin', 27, '2', '-', 'Editing resource'),
(80, 1383554119, 1, 'admin', 4, '-', '-', 'Creating a resource'),
(81, 1383554133, 1, 'admin', 5, '-', '-', 'Saving resource'),
(82, 1383554134, 1, 'admin', 3, '3', 'Услуги', 'Viewing data for resource'),
(83, 1383554141, 1, 'admin', 4, '-', '-', 'Creating a resource'),
(84, 1383554146, 1, 'admin', 5, '-', '-', 'Saving resource'),
(85, 1383554147, 1, 'admin', 3, '4', 'Клиенты', 'Viewing data for resource'),
(86, 1383554156, 1, 'admin', 4, '-', '-', 'Creating a resource'),
(87, 1383554161, 1, 'admin', 5, '-', '-', 'Saving resource'),
(88, 1383554162, 1, 'admin', 3, '5', 'Блог', 'Viewing data for resource'),
(89, 1383554163, 1, 'admin', 4, '-', '-', 'Creating a resource'),
(90, 1383554168, 1, 'admin', 5, '-', '-', 'Saving resource'),
(91, 1383554169, 1, 'admin', 3, '6', 'Контакты', 'Viewing data for resource'),
(92, 1383554199, 1, 'admin', 27, '3', '-', 'Editing resource'),
(93, 1383554201, 1, 'admin', 4, '-', '-', 'Creating a resource'),
(94, 1383554219, 1, 'admin', 5, '-', '-', 'Saving resource'),
(95, 1383554220, 1, 'admin', 3, '7', 'SEO продвижение', 'Viewing data for resource'),
(96, 1383554244, 1, 'admin', 4, '-', '-', 'Creating a resource'),
(97, 1383554252, 1, 'admin', 5, '-', '-', 'Saving resource'),
(98, 1383554252, 1, 'admin', 4, '-', '-', 'Creating a resource'),
(99, 1383554277, 1, 'admin', 5, '-', '-', 'Saving resource'),
(100, 1383554277, 1, 'admin', 4, '-', '-', 'Creating a resource'),
(101, 1383554287, 1, 'admin', 5, '-', '-', 'Saving resource'),
(102, 1383554287, 1, 'admin', 4, '-', '-', 'Creating a resource'),
(103, 1383554322, 1, 'admin', 76, '-', '-', 'Element management'),
(104, 1383554330, 1, 'admin', 77, '-', 'New Chunk', 'Creating a new Chunk (HTML Snippet)'),
(105, 1383554334, 1, 'admin', 76, '-', '-', 'Element management'),
(106, 1383554428, 1, 'admin', 78, '4', 'header', 'Editing Chunk (HTML Snippet)'),
(107, 1383554747, 1, 'admin', 79, '4', '-', 'Saving Chunk (HTML Snippet)'),
(108, 1383554747, 1, 'admin', 78, '4', 'header', 'Editing Chunk (HTML Snippet)'),
(109, 1383554901, 1, 'admin', 79, '4', '-', 'Saving Chunk (HTML Snippet)'),
(110, 1383554901, 1, 'admin', 78, '4', 'header', 'Editing Chunk (HTML Snippet)'),
(111, 1383554941, 1, 'admin', 79, '4', '-', 'Saving Chunk (HTML Snippet)'),
(112, 1383554941, 1, 'admin', 78, '4', 'header', 'Editing Chunk (HTML Snippet)'),
(113, 1383555025, 1, 'admin', 79, '4', '-', 'Saving Chunk (HTML Snippet)'),
(114, 1383555025, 1, 'admin', 78, '4', 'header', 'Editing Chunk (HTML Snippet)'),
(115, 1383555028, 1, 'admin', 76, '-', '-', 'Element management'),
(116, 1383555035, 1, 'admin', 78, '7', 'uslugi', 'Editing Chunk (HTML Snippet)'),
(117, 1383555065, 1, 'admin', 27, '7', '-', 'Editing resource'),
(118, 1383555087, 1, 'admin', 27, '7', '-', 'Editing resource'),
(119, 1383555115, 1, 'admin', 5, '7', '-', 'Saving resource'),
(120, 1383555115, 1, 'admin', 27, '7', '-', 'Editing resource'),
(121, 1383555148, 1, 'admin', 76, '-', '-', 'Element management'),
(122, 1383555150, 1, 'admin', 78, '4', 'header', 'Editing Chunk (HTML Snippet)'),
(123, 1383555258, 1, 'admin', 79, '7', '-', 'Saving Chunk (HTML Snippet)'),
(124, 1383555258, 1, 'admin', 78, '7', 'uslugi', 'Editing Chunk (HTML Snippet)'),
(125, 1383555262, 1, 'admin', 76, '-', '-', 'Element management'),
(126, 1383555263, 1, 'admin', 77, '-', 'New Chunk', 'Creating a new Chunk (HTML Snippet)'),
(127, 1383555340, 1, 'admin', 79, '-', '-', 'Saving Chunk (HTML Snippet)'),
(128, 1383555340, 1, 'admin', 78, '13', 'uslugi_tpl', 'Editing Chunk (HTML Snippet)'),
(129, 1383555373, 1, 'admin', 79, '7', '-', 'Saving Chunk (HTML Snippet)'),
(130, 1383555373, 1, 'admin', 78, '7', 'uslugi', 'Editing Chunk (HTML Snippet)'),
(131, 1383555376, 1, 'admin', 27, '8', '-', 'Editing resource'),
(132, 1383555390, 1, 'admin', 5, '8', '-', 'Saving resource'),
(133, 1383555391, 1, 'admin', 3, '8', 'Аудит вашего сайта', 'Viewing data for resource'),
(134, 1383555391, 1, 'admin', 27, '9', '-', 'Editing resource'),
(135, 1383555401, 1, 'admin', 5, '9', '-', 'Saving resource'),
(136, 1383555403, 1, 'admin', 3, '9', 'Контекстная реклама', 'Viewing data for resource'),
(137, 1383555407, 1, 'admin', 27, '10', '-', 'Editing resource'),
(138, 1383555409, 1, 'admin', 5, '10', '-', 'Saving resource'),
(139, 1383555411, 1, 'admin', 3, '10', 'Копирайтинг', 'Viewing data for resource'),
(140, 1383555727, 1, 'admin', 76, '-', '-', 'Element management'),
(141, 1383555729, 1, 'admin', 19, '-', 'New template', 'Creating a new template'),
(142, 1383555729, 1, 'admin', 76, '-', '-', 'Element management'),
(143, 1383555731, 1, 'admin', 16, '5', 'Главная', 'Editing template'),
(144, 1383555734, 1, 'admin', 96, '5', '-', 'Duplicate Template'),
(145, 1383555734, 1, 'admin', 16, '6', 'Duplicate of Главная', 'Editing template'),
(146, 1383555819, 1, 'admin', 20, '6', '-', 'Saving template'),
(147, 1383555819, 1, 'admin', 16, '6', 'О нас', 'Editing template'),
(148, 1383555826, 1, 'admin', 27, '2', '-', 'Editing resource'),
(149, 1383555828, 1, 'admin', 27, '2', '-', 'Editing resource'),
(150, 1383555829, 1, 'admin', 5, '2', '-', 'Saving resource'),
(151, 1383555831, 1, 'admin', 3, '2', 'О нас', 'Viewing data for resource'),
(152, 1383556338, 1, 'admin', 27, '7', '-', 'Editing resource'),
(153, 1383556341, 1, 'admin', 27, '7', '-', 'Editing resource'),
(154, 1383556342, 1, 'admin', 5, '7', '-', 'Saving resource'),
(155, 1383556344, 1, 'admin', 3, '7', 'SEO продвижение', 'Viewing data for resource'),
(156, 1383557562, 1, 'admin', 76, '-', '-', 'Element management'),
(157, 1383557566, 1, 'admin', 16, '6', 'О нас', 'Editing template'),
(158, 1383557579, 1, 'admin', 20, '6', '-', 'Saving template'),
(159, 1383557579, 1, 'admin', 16, '6', 'О нас', 'Editing template'),
(160, 1383557652, 1, 'admin', 20, '6', '-', 'Saving template'),
(161, 1383557652, 1, 'admin', 16, '6', 'О нас', 'Editing template'),
(162, 1383558386, 1, 'admin', 20, '6', '-', 'Saving template'),
(163, 1383558386, 1, 'admin', 16, '6', 'О нас', 'Editing template'),
(164, 1383558391, 1, 'admin', 27, '2', '-', 'Editing resource'),
(165, 1383558536, 1, 'admin', 5, '2', '-', 'Saving resource'),
(166, 1383558536, 1, 'admin', 27, '2', '-', 'Editing resource'),
(167, 1383558648, 1, 'admin', 5, '2', '-', 'Saving resource'),
(168, 1383558650, 1, 'admin', 3, '2', 'О нас', 'Viewing data for resource'),
(169, 1383558651, 1, 'admin', 17, '-', '-', 'Editing settings'),
(170, 1383558673, 1, 'admin', 30, '-', '-', 'Saving settings'),
(171, 1383558679, 1, 'admin', 27, '2', '-', 'Editing resource'),
(172, 1383558692, 1, 'admin', 20, '6', '-', 'Saving template'),
(173, 1383558692, 1, 'admin', 16, '6', 'О нас', 'Editing template'),
(174, 1383558694, 1, 'admin', 17, '-', '-', 'Editing settings'),
(175, 1383558701, 1, 'admin', 30, '-', '-', 'Saving settings'),
(176, 1383558705, 1, 'admin', 27, '2', '-', 'Editing resource'),
(177, 1383558710, 1, 'admin', 17, '-', '-', 'Editing settings'),
(178, 1383558717, 1, 'admin', 30, '-', '-', 'Saving settings'),
(179, 1383558718, 1, 'admin', 27, '2', '-', 'Editing resource'),
(180, 1383558731, 1, 'admin', 17, '-', '-', 'Editing settings'),
(181, 1383558763, 1, 'admin', 30, '-', '-', 'Saving settings'),
(182, 1383558764, 1, 'admin', 27, '2', '-', 'Editing resource'),
(183, 1383558772, 1, 'admin', 17, '-', '-', 'Editing settings'),
(184, 1383558778, 1, 'admin', 30, '-', '-', 'Saving settings'),
(185, 1383558780, 1, 'admin', 27, '2', '-', 'Editing resource'),
(186, 1383558788, 1, 'admin', 17, '-', '-', 'Editing settings'),
(187, 1383558793, 1, 'admin', 30, '-', '-', 'Saving settings'),
(188, 1383558795, 1, 'admin', 27, '2', '-', 'Editing resource'),
(189, 1383558801, 1, 'admin', 17, '-', '-', 'Editing settings'),
(190, 1383558808, 1, 'admin', 30, '-', '-', 'Saving settings'),
(191, 1383558810, 1, 'admin', 27, '2', '-', 'Editing resource'),
(192, 1383558817, 1, 'admin', 17, '-', '-', 'Editing settings'),
(193, 1383558825, 1, 'admin', 30, '-', '-', 'Saving settings'),
(194, 1383558827, 1, 'admin', 27, '2', '-', 'Editing resource'),
(195, 1383558838, 1, 'admin', 17, '-', '-', 'Editing settings'),
(196, 1383558844, 1, 'admin', 30, '-', '-', 'Saving settings'),
(197, 1383558845, 1, 'admin', 27, '2', '-', 'Editing resource'),
(198, 1383558904, 1, 'admin', 17, '-', '-', 'Editing settings'),
(199, 1383558958, 1, 'admin', 30, '-', '-', 'Saving settings'),
(200, 1383558960, 1, 'admin', 27, '2', '-', 'Editing resource'),
(201, 1383558996, 1, 'admin', 5, '2', '-', 'Saving resource'),
(202, 1383558998, 1, 'admin', 3, '2', 'О нас', 'Viewing data for resource'),
(203, 1383559138, 1, 'admin', 76, '-', '-', 'Element management'),
(204, 1383559140, 1, 'admin', 16, '6', 'О нас', 'Editing template'),
(205, 1383559213, 1, 'admin', 20, '6', '-', 'Saving template'),
(206, 1383559213, 1, 'admin', 16, '6', 'О нас', 'Editing template'),
(207, 1383559319, 1, 'admin', 20, '6', '-', 'Saving template'),
(208, 1383559319, 1, 'admin', 16, '6', 'О нас', 'Editing template'),
(209, 1383559498, 1, 'admin', 20, '6', '-', 'Saving template'),
(210, 1383559498, 1, 'admin', 16, '6', 'О нас', 'Editing template'),
(211, 1383560407, 1, 'admin', 20, '6', '-', 'Saving template'),
(212, 1383560407, 1, 'admin', 16, '6', 'О нас', 'Editing template'),
(213, 1383560648, 1, 'admin', 20, '6', '-', 'Saving template'),
(214, 1383560648, 1, 'admin', 16, '6', 'О нас', 'Editing template'),
(215, 1383561035, 1, 'admin', 20, '6', '-', 'Saving template'),
(216, 1383561035, 1, 'admin', 16, '6', 'О нас', 'Editing template'),
(217, 1383561131, 1, 'admin', 4, '-', '-', 'Creating a resource'),
(218, 1383561155, 1, 'admin', 4, '-', '-', 'Creating a resource'),
(219, 1383561170, 1, 'admin', 5, '-', '-', 'Saving resource'),
(220, 1383561172, 1, 'admin', 3, '11', 'Спесиалисты', 'Viewing data for resource'),
(221, 1383561175, 1, 'admin', 4, '-', '-', 'Creating a resource'),
(222, 1383561186, 1, 'admin', 76, '-', '-', 'Element management'),
(223, 1383561189, 1, 'admin', 19, '-', 'New template', 'Creating a new template'),
(224, 1383561367, 1, 'admin', 20, '-', '-', 'Saving template'),
(225, 1383561367, 1, 'admin', 76, '-', '-', 'Element management'),
(226, 1383561373, 1, 'admin', 300, '-', 'New Template Variable', 'Create Template Variable'),
(227, 1383561450, 1, 'admin', 302, '-', '-', 'Save Template Variable'),
(228, 1383561450, 1, 'admin', 300, '-', 'New Template Variable', 'Create Template Variable'),
(229, 1383561498, 1, 'admin', 302, '-', '-', 'Save Template Variable'),
(230, 1383561498, 1, 'admin', 76, '-', '-', 'Element management'),
(231, 1383561536, 1, 'admin', 27, '11', '-', 'Editing resource'),
(232, 1383561537, 1, 'admin', 4, '-', '-', 'Creating a resource'),
(233, 1383561560, 1, 'admin', 4, '-', '-', 'Creating a resource'),
(234, 1383561610, 1, 'admin', 301, '5', 'Должность сотрудника', 'Edit Template Variable'),
(235, 1383561614, 1, 'admin', 302, '5', '-', 'Save Template Variable'),
(236, 1383561615, 1, 'admin', 76, '-', '-', 'Element management'),
(237, 1383561617, 1, 'admin', 301, '4', 'Фотография сотрудника', 'Edit Template Variable'),
(238, 1383561632, 1, 'admin', 302, '4', '-', 'Save Template Variable'),
(239, 1383561632, 1, 'admin', 76, '-', '-', 'Element management'),
(240, 1383561636, 1, 'admin', 5, '-', '-', 'Saving resource'),
(241, 1383561637, 1, 'admin', 3, '12', 'Вадим Гусятников 1', 'Viewing data for resource'),
(242, 1383561639, 1, 'admin', 27, '12', '-', 'Editing resource'),
(243, 1383561816, 1, 'admin', 5, '12', '-', 'Saving resource'),
(244, 1383561817, 1, 'admin', 3, '12', 'Вадим Гусятников 1', 'Viewing data for resource'),
(245, 1383562025, 1, 'admin', 4, '-', '-', 'Creating a resource'),
(246, 1383562044, 1, 'admin', 5, '-', '-', 'Saving resource'),
(247, 1383562044, 1, 'admin', 4, '-', '-', 'Creating a resource'),
(248, 1383562057, 1, 'admin', 5, '-', '-', 'Saving resource'),
(249, 1383562057, 1, 'admin', 4, '-', '-', 'Creating a resource'),
(250, 1383562071, 1, 'admin', 5, '-', '-', 'Saving resource'),
(251, 1383562072, 1, 'admin', 3, '15', 'Вадим Гусятников 4', 'Viewing data for resource'),
(252, 1383562075, 1, 'admin', 76, '-', '-', 'Element management'),
(253, 1383562080, 1, 'admin', 16, '6', 'О нас', 'Editing template'),
(254, 1383562202, 1, 'admin', 20, '6', '-', 'Saving template'),
(255, 1383562202, 1, 'admin', 76, '-', '-', 'Element management'),
(256, 1383562205, 1, 'admin', 77, '-', 'New Chunk', 'Creating a new Chunk (HTML Snippet)'),
(257, 1383562343, 1, 'admin', 79, '-', '-', 'Saving Chunk (HTML Snippet)'),
(258, 1383562343, 1, 'admin', 78, '14', 'stuffs_tpl', 'Editing Chunk (HTML Snippet)'),
(259, 1383562360, 1, 'admin', 16, '6', 'О нас', 'Editing template'),
(260, 1383562386, 1, 'admin', 76, '-', '-', 'Element management'),
(261, 1383562387, 1, 'admin', 16, '6', 'О нас', 'Editing template'),
(262, 1383562428, 1, 'admin', 79, '14', '-', 'Saving Chunk (HTML Snippet)'),
(263, 1383562428, 1, 'admin', 78, '14', 'stuffs_tpl', 'Editing Chunk (HTML Snippet)'),
(264, 1383562457, 1, 'admin', 79, '14', '-', 'Saving Chunk (HTML Snippet)'),
(265, 1383562457, 1, 'admin', 78, '14', 'stuffs_tpl', 'Editing Chunk (HTML Snippet)'),
(266, 1383562474, 1, 'admin', 79, '14', '-', 'Saving Chunk (HTML Snippet)'),
(267, 1383562474, 1, 'admin', 78, '14', 'stuffs_tpl', 'Editing Chunk (HTML Snippet)'),
(268, 1383562513, 1, 'admin', 79, '14', '-', 'Saving Chunk (HTML Snippet)'),
(269, 1383562513, 1, 'admin', 78, '14', 'stuffs_tpl', 'Editing Chunk (HTML Snippet)'),
(270, 1383562595, 1, 'admin', 20, '6', '-', 'Saving template'),
(271, 1383562595, 1, 'admin', 16, '6', 'О нас', 'Editing template'),
(272, 1383562755, 1, 'admin', 20, '6', '-', 'Saving template'),
(273, 1383562755, 1, 'admin', 16, '6', 'О нас', 'Editing template'),
(274, 1383562975, 1, 'admin', 20, '6', '-', 'Saving template'),
(275, 1383562975, 1, 'admin', 16, '6', 'О нас', 'Editing template'),
(276, 1383563605, 1, 'admin', 76, '-', '-', 'Element management'),
(277, 1383563609, 1, 'admin', 78, '3', 'head', 'Editing Chunk (HTML Snippet)'),
(278, 1383563776, 1, 'admin', 79, '3', '-', 'Saving Chunk (HTML Snippet)'),
(279, 1383563776, 1, 'admin', 76, '-', '-', 'Element management'),
(280, 1383563800, 1, 'admin', 78, '3', 'head', 'Editing Chunk (HTML Snippet)'),
(281, 1383563847, 1, 'admin', 20, '6', '-', 'Saving template'),
(282, 1383563847, 1, 'admin', 16, '6', 'О нас', 'Editing template'),
(283, 1383563857, 1, 'admin', 79, '3', '-', 'Saving Chunk (HTML Snippet)'),
(284, 1383563857, 1, 'admin', 76, '-', '-', 'Element management'),
(285, 1383563934, 1, 'admin', 78, '3', 'head', 'Editing Chunk (HTML Snippet)'),
(286, 1383563962, 1, 'admin', 79, '3', '-', 'Saving Chunk (HTML Snippet)'),
(287, 1383563962, 1, 'admin', 78, '3', 'head', 'Editing Chunk (HTML Snippet)'),
(288, 1383564058, 1, 'admin', 79, '3', '-', 'Saving Chunk (HTML Snippet)'),
(289, 1383564058, 1, 'admin', 78, '3', 'head', 'Editing Chunk (HTML Snippet)'),
(290, 1383564110, 1, 'admin', 20, '6', '-', 'Saving template'),
(291, 1383564110, 1, 'admin', 16, '6', 'О нас', 'Editing template'),
(292, 1383564452, 1, 'admin', 4, '-', '-', 'Creating a resource'),
(293, 1383564469, 1, 'admin', 5, '-', '-', 'Saving resource'),
(294, 1383564469, 1, 'admin', 4, '-', '-', 'Creating a resource'),
(295, 1383564480, 1, 'admin', 5, '-', '-', 'Saving resource'),
(296, 1383564481, 1, 'admin', 4, '-', '-', 'Creating a resource'),
(297, 1383564492, 1, 'admin', 5, '-', '-', 'Saving resource'),
(298, 1383564492, 1, 'admin', 4, '-', '-', 'Creating a resource'),
(299, 1383564510, 1, 'admin', 5, '-', '-', 'Saving resource'),
(300, 1383564511, 1, 'admin', 3, '19', 'Вадим Гусятников 44', 'Viewing data for resource'),
(301, 1383565893, 1, 'admin', 76, '-', '-', 'Element management'),
(302, 1383565896, 1, 'admin', 78, '14', 'stuffs_tpl', 'Editing Chunk (HTML Snippet)'),
(303, 1383565906, 1, 'admin', 79, '14', '-', 'Saving Chunk (HTML Snippet)'),
(304, 1383565907, 1, 'admin', 76, '-', '-', 'Element management'),
(305, 1383566059, 1, 'admin', 78, '14', 'stuffs_tpl', 'Editing Chunk (HTML Snippet)'),
(306, 1383566063, 1, 'admin', 79, '14', '-', 'Saving Chunk (HTML Snippet)'),
(307, 1383566063, 1, 'admin', 76, '-', '-', 'Element management'),
(308, 1383567279, 1, 'admin', 77, '-', 'New Chunk', 'Creating a new Chunk (HTML Snippet)'),
(309, 1383567297, 1, 'admin', 79, '-', '-', 'Saving Chunk (HTML Snippet)'),
(310, 1383567297, 1, 'admin', 76, '-', '-', 'Element management'),
(311, 1383567303, 1, 'admin', 20, '6', '-', 'Saving template'),
(312, 1383567303, 1, 'admin', 16, '6', 'О нас', 'Editing template'),
(313, 1383567494, 1, 'admin', 96, '6', '-', 'Duplicate Template'),
(314, 1383567494, 1, 'admin', 16, '8', 'Duplicate of О нас', 'Editing template'),
(315, 1383567534, 1, 'admin', 20, '8', '-', 'Saving template'),
(316, 1383567534, 1, 'admin', 76, '-', '-', 'Element management'),
(317, 1383567536, 1, 'admin', 27, '2', '-', 'Editing resource'),
(318, 1383567541, 1, 'admin', 27, '6', '-', 'Editing resource'),
(319, 1383567544, 1, 'admin', 27, '6', '-', 'Editing resource'),
(320, 1383567545, 1, 'admin', 5, '6', '-', 'Saving resource'),
(321, 1383567546, 1, 'admin', 3, '6', 'Контакты', 'Viewing data for resource'),
(322, 1383567549, 1, 'admin', 27, '6', '-', 'Editing resource'),
(323, 1383567582, 1, 'admin', 5, '6', '-', 'Saving resource'),
(324, 1383567582, 1, 'admin', 27, '6', '-', 'Editing resource'),
(325, 1383567864, 1, 'admin', 76, '-', '-', 'Element management'),
(326, 1383567867, 1, 'admin', 102, '4', 'New snippet', 'Edit plugin'),
(327, 1383567876, 1, 'admin', 76, '-', '-', 'Element management'),
(328, 1383568084, 1, 'admin', 23, '-', 'New snippet', 'Creating a new Snippet'),
(329, 1383568106, 1, 'admin', 24, '-', '-', 'Saving Snippet'),
(330, 1383568106, 1, 'admin', 76, '-', '-', 'Element management'),
(331, 1383568155, 1, 'admin', 27, '6', '-', 'Editing resource'),
(332, 1383568412, 1, 'admin', 5, '6', '-', 'Saving resource'),
(333, 1383568413, 1, 'admin', 27, '6', '-', 'Editing resource'),
(334, 1383568439, 1, 'admin', 76, '-', '-', 'Element management'),
(335, 1383568442, 1, 'admin', 22, '18', 'New snippet', 'Editing Snippet'),
(336, 1383568503, 1, 'admin', 5, '6', '-', 'Saving resource'),
(337, 1383568503, 1, 'admin', 27, '6', '-', 'Editing resource'),
(338, 1383568565, 1, 'admin', 5, '6', '-', 'Saving resource'),
(339, 1383568566, 1, 'admin', 27, '6', '-', 'Editing resource'),
(340, 1383568569, 1, 'admin', 76, '-', '-', 'Element management'),
(341, 1383568572, 1, 'admin', 16, '8', 'Контакты', 'Editing template'),
(342, 1383568582, 1, 'admin', 20, '8', '-', 'Saving template'),
(343, 1383568582, 1, 'admin', 16, '8', 'Контакты', 'Editing template'),
(344, 1383568595, 1, 'admin', 20, '8', '-', 'Saving template'),
(345, 1383568595, 1, 'admin', 16, '8', 'Контакты', 'Editing template'),
(346, 1383568682, 1, 'admin', 20, '8', '-', 'Saving template'),
(347, 1383568682, 1, 'admin', 16, '8', 'Контакты', 'Editing template'),
(348, 1383569195, 1, 'admin', 20, '8', '-', 'Saving template'),
(349, 1383569195, 1, 'admin', 16, '8', 'Контакты', 'Editing template'),
(350, 1383569372, 1, 'admin', 20, '8', '-', 'Saving template'),
(351, 1383569372, 1, 'admin', 16, '8', 'Контакты', 'Editing template'),
(352, 1383569502, 1, 'admin', 20, '8', '-', 'Saving template'),
(353, 1383569503, 1, 'admin', 16, '8', 'Контакты', 'Editing template'),
(354, 1383569567, 1, 'admin', 20, '8', '-', 'Saving template'),
(355, 1383569567, 1, 'admin', 16, '8', 'Контакты', 'Editing template'),
(356, 1383569617, 1, 'admin', 20, '8', '-', 'Saving template'),
(357, 1383569617, 1, 'admin', 16, '8', 'Контакты', 'Editing template'),
(358, 1383569626, 1, 'admin', 20, '8', '-', 'Saving template'),
(359, 1383569626, 1, 'admin', 16, '8', 'Контакты', 'Editing template'),
(360, 1383569680, 1, 'admin', 20, '8', '-', 'Saving template'),
(361, 1383569680, 1, 'admin', 16, '8', 'Контакты', 'Editing template'),
(362, 1383569777, 1, 'admin', 20, '8', '-', 'Saving template'),
(363, 1383569777, 1, 'admin', 16, '8', 'Контакты', 'Editing template'),
(364, 1383569818, 1, 'admin', 20, '8', '-', 'Saving template'),
(365, 1383569818, 1, 'admin', 16, '8', 'Контакты', 'Editing template'),
(366, 1383570308, 1, 'admin', 76, '-', '-', 'Element management'),
(367, 1383570317, 1, 'admin', 78, '1', 'mm_rules', 'Editing Chunk (HTML Snippet)'),
(368, 1383570414, 1, 'admin', 76, '-', '-', 'Element management'),
(369, 1383570417, 1, 'admin', 300, '-', 'New Template Variable', 'Create Template Variable'),
(370, 1383570432, 1, 'admin', 302, '-', '-', 'Save Template Variable'),
(371, 1383570432, 1, 'admin', 76, '-', '-', 'Element management'),
(372, 1383570435, 1, 'admin', 301, '6', 'Карта минска', 'Edit Template Variable'),
(373, 1383570441, 1, 'admin', 302, '6', '-', 'Save Template Variable'),
(374, 1383570441, 1, 'admin', 76, '-', '-', 'Element management'),
(375, 1383570596, 1, 'admin', 79, '1', '-', 'Saving Chunk (HTML Snippet)'),
(376, 1383570597, 1, 'admin', 78, '1', 'mm_rules', 'Editing Chunk (HTML Snippet)'),
(377, 1383570781, 1, 'admin', 76, '-', '-', 'Element management'),
(378, 1383570784, 1, 'admin', 102, '4', 'New snippet', 'Edit plugin'),
(379, 1383570795, 1, 'admin', 76, '-', '-', 'Element management'),
(380, 1383570804, 1, 'admin', 5, '6', '-', 'Saving resource'),
(381, 1383570835, 1, 'admin', 301, '6', 'Карта минска', 'Edit Template Variable'),
(382, 1383570837, 1, 'admin', 76, '-', '-', 'Element management'),
(383, 1383570841, 1, 'admin', 78, '1', 'mm_rules', 'Editing Chunk (HTML Snippet)'),
(384, 1383570866, 1, 'admin', 79, '1', '-', 'Saving Chunk (HTML Snippet)'),
(385, 1383570866, 1, 'admin', 78, '1', 'mm_rules', 'Editing Chunk (HTML Snippet)'),
(386, 1383570903, 1, 'admin', 79, '1', '-', 'Saving Chunk (HTML Snippet)'),
(387, 1383570903, 1, 'admin', 78, '1', 'mm_rules', 'Editing Chunk (HTML Snippet)'),
(388, 1383570905, 1, 'admin', 27, '6', '-', 'Editing resource'),
(389, 1383570973, 1, 'admin', 27, '6', '-', 'Editing resource'),
(390, 1383570989, 1, 'admin', 79, '1', '-', 'Saving Chunk (HTML Snippet)'),
(391, 1383570989, 1, 'admin', 78, '1', 'mm_rules', 'Editing Chunk (HTML Snippet)'),
(392, 1383570991, 1, 'admin', 27, '6', '-', 'Editing resource'),
(393, 1383571032, 1, 'admin', 79, '1', '-', 'Saving Chunk (HTML Snippet)'),
(394, 1383571032, 1, 'admin', 78, '1', 'mm_rules', 'Editing Chunk (HTML Snippet)'),
(395, 1383571034, 1, 'admin', 27, '6', '-', 'Editing resource'),
(396, 1383571089, 1, 'admin', 76, '-', '-', 'Element management'),
(397, 1383571092, 1, 'admin', 301, '6', 'Карта минска', 'Edit Template Variable'),
(398, 1383571112, 1, 'admin', 302, '6', '-', 'Save Template Variable'),
(399, 1383571112, 1, 'admin', 301, '6', 'Карта минска', 'Edit Template Variable'),
(400, 1383571115, 1, 'admin', 27, '6', '-', 'Editing resource'),
(401, 1383571234, 1, 'admin', 76, '-', '-', 'Element management'),
(402, 1383571238, 1, 'admin', 16, '8', 'Контакты', 'Editing template'),
(403, 1383571298, 1, 'admin', 20, '8', '-', 'Saving template'),
(404, 1383571298, 1, 'admin', 16, '8', 'Контакты', 'Editing template'),
(405, 1383571512, 1, 'admin', 20, '8', '-', 'Saving template'),
(406, 1383571512, 1, 'admin', 16, '8', 'Контакты', 'Editing template'),
(407, 1383571686, 1, 'admin', 20, '8', '-', 'Saving template'),
(408, 1383571686, 1, 'admin', 16, '8', 'Контакты', 'Editing template'),
(409, 1383571699, 1, 'admin', 76, '-', '-', 'Element management'),
(410, 1383571702, 1, 'admin', 22, '18', 'New snippet', 'Editing Snippet'),
(411, 1383571712, 1, 'admin', 20, '8', '-', 'Saving template'),
(412, 1383571712, 1, 'admin', 16, '8', 'Контакты', 'Editing template'),
(413, 1383571821, 1, 'admin', 27, '6', '-', 'Editing resource'),
(414, 1383571843, 1, 'admin', 76, '-', '-', 'Element management'),
(415, 1383571845, 1, 'admin', 78, '1', 'mm_rules', 'Editing Chunk (HTML Snippet)'),
(416, 1383571864, 1, 'admin', 79, '1', '-', 'Saving Chunk (HTML Snippet)'),
(417, 1383571864, 1, 'admin', 76, '-', '-', 'Element management'),
(418, 1383571865, 1, 'admin', 27, '6', '-', 'Editing resource'),
(419, 1383571922, 1, 'admin', 5, '6', '-', 'Saving resource'),
(420, 1383571922, 1, 'admin', 27, '6', '-', 'Editing resource'),
(421, 1383571936, 1, 'admin', 16, '8', 'Контакты', 'Editing template'),
(422, 1383571950, 1, 'admin', 20, '8', '-', 'Saving template'),
(423, 1383571950, 1, 'admin', 16, '8', 'Контакты', 'Editing template'),
(424, 1383572213, 1, 'admin', 76, '-', '-', 'Element management'),
(425, 1383572216, 1, 'admin', 301, '6', 'Карта минска', 'Edit Template Variable'),
(426, 1383572233, 1, 'admin', 302, '6', '-', 'Save Template Variable'),
(427, 1383572233, 1, 'admin', 301, '6', 'Карта минска', 'Edit Template Variable'),
(428, 1383572375, 1, 'admin', 302, '6', '-', 'Save Template Variable'),
(429, 1383572375, 1, 'admin', 301, '6', 'Карта минска', 'Edit Template Variable'),
(430, 1383572378, 1, 'admin', 27, '6', '-', 'Editing resource'),
(431, 1383572397, 1, 'admin', 5, '6', '-', 'Saving resource'),
(432, 1383572398, 1, 'admin', 3, '6', 'Контакты', 'Viewing data for resource'),
(433, 1383572402, 1, 'admin', 27, '4', '-', 'Editing resource'),
(434, 1383572403, 1, 'admin', 27, '6', '-', 'Editing resource'),
(435, 1383572416, 1, 'admin', 76, '-', '-', 'Element management'),
(436, 1383572418, 1, 'admin', 301, '6', 'Карта минска', 'Edit Template Variable'),
(437, 1383572432, 1, 'admin', 5, '6', '-', 'Saving resource'),
(438, 1383572434, 1, 'admin', 3, '6', 'Контакты', 'Viewing data for resource'),
(439, 1383572436, 1, 'admin', 76, '-', '-', 'Element management'),
(440, 1383572437, 1, 'admin', 301, '6', 'Карта минска', 'Edit Template Variable'),
(441, 1383572446, 1, 'admin', 302, '6', '-', 'Save Template Variable'),
(442, 1383572446, 1, 'admin', 76, '-', '-', 'Element management'),
(443, 1383572455, 1, 'admin', 27, '6', '-', 'Editing resource'),
(444, 1383572470, 1, 'admin', 5, '6', '-', 'Saving resource'),
(445, 1383572472, 1, 'admin', 3, '6', 'Контакты', 'Viewing data for resource'),
(446, 1383572568, 1, 'admin', 78, '1', 'mm_rules', 'Editing Chunk (HTML Snippet)'),
(447, 1383572579, 1, 'admin', 79, '1', '-', 'Saving Chunk (HTML Snippet)'),
(448, 1383572580, 1, 'admin', 78, '1', 'mm_rules', 'Editing Chunk (HTML Snippet)'),
(449, 1383572583, 1, 'admin', 27, '6', '-', 'Editing resource'),
(450, 1383572638, 1, 'admin', 5, '6', '-', 'Saving resource'),
(451, 1383572640, 1, 'admin', 3, '6', 'Контакты', 'Viewing data for resource'),
(452, 1383572690, 1, 'admin', 79, '1', '-', 'Saving Chunk (HTML Snippet)'),
(453, 1383572690, 1, 'admin', 76, '-', '-', 'Element management'),
(454, 1383572694, 1, 'admin', 301, '6', 'Карта минска', 'Edit Template Variable'),
(455, 1383572697, 1, 'admin', 304, '6', '-', 'Duplicate Template Variable'),
(456, 1383572697, 1, 'admin', 301, '7', 'Duplicate of Карта минска', 'Edit Template Variable'),
(457, 1383572712, 1, 'admin', 302, '7', '-', 'Save Template Variable'),
(458, 1383572712, 1, 'admin', 76, '-', '-', 'Element management'),
(459, 1383572717, 1, 'admin', 27, '6', '-', 'Editing resource'),
(460, 1383572740, 1, 'admin', 301, '6', 'Карта минска', 'Edit Template Variable'),
(461, 1383572744, 1, 'admin', 76, '-', '-', 'Element management'),
(462, 1383572746, 1, 'admin', 301, '7', 'Карта краснодара', 'Edit Template Variable'),
(463, 1383572750, 1, 'admin', 76, '-', '-', 'Element management'),
(464, 1383572752, 1, 'admin', 301, '6', 'Карта минска', 'Edit Template Variable'),
(465, 1383572753, 1, 'admin', 76, '-', '-', 'Element management'),
(466, 1383572754, 1, 'admin', 301, '7', 'Карта краснодара', 'Edit Template Variable'),
(467, 1383572756, 1, 'admin', 76, '-', '-', 'Element management'),
(468, 1383572760, 1, 'admin', 78, '1', 'mm_rules', 'Editing Chunk (HTML Snippet)'),
(469, 1383572778, 1, 'admin', 79, '1', '-', 'Saving Chunk (HTML Snippet)'),
(470, 1383572778, 1, 'admin', 76, '-', '-', 'Element management'),
(471, 1383572795, 1, 'admin', 16, '8', 'Контакты', 'Editing template'),
(472, 1383572885, 1, 'admin', 20, '8', '-', 'Saving template'),
(473, 1383572885, 1, 'admin', 76, '-', '-', 'Element management'),
(474, 1383572914, 1, 'admin', 22, '18', 'New snippet', 'Editing Snippet'),
(475, 1383573092, 1, 'admin', 76, '-', '-', 'Element management'),
(476, 1383573095, 1, 'admin', 78, '1', 'mm_rules', 'Editing Chunk (HTML Snippet)'),
(477, 1383573110, 1, 'admin', 79, '1', '-', 'Saving Chunk (HTML Snippet)'),
(478, 1383573110, 1, 'admin', 76, '-', '-', 'Element management'),
(479, 1383573112, 1, 'admin', 27, '6', '-', 'Editing resource'),
(480, 1383573154, 1, 'admin', 78, '1', 'mm_rules', 'Editing Chunk (HTML Snippet)'),
(481, 1383573189, 1, 'admin', 79, '1', '-', 'Saving Chunk (HTML Snippet)'),
(482, 1383573189, 1, 'admin', 78, '1', 'mm_rules', 'Editing Chunk (HTML Snippet)'),
(483, 1383573190, 1, 'admin', 27, '6', '-', 'Editing resource'),
(484, 1383573201, 1, 'admin', 5, '6', '-', 'Saving resource'),
(485, 1383573201, 1, 'admin', 27, '6', '-', 'Editing resource'),
(486, 1383573282, 1, 'admin', 76, '-', '-', 'Element management'),
(487, 1383573288, 1, 'admin', 301, '7', 'Карта краснодара', 'Edit Template Variable'),
(488, 1383573291, 1, 'admin', 302, '7', '-', 'Save Template Variable'),
(489, 1383573291, 1, 'admin', 76, '-', '-', 'Element management'),
(490, 1383573310, 1, 'admin', 5, '6', '-', 'Saving resource'),
(491, 1383573312, 1, 'admin', 3, '6', 'Контакты', 'Viewing data for resource'),
(492, 1383573313, 1, 'admin', 301, '7', 'Карта краснодара', 'Edit Template Variable'),
(493, 1383573316, 1, 'admin', 302, '7', '-', 'Save Template Variable'),
(494, 1383573316, 1, 'admin', 76, '-', '-', 'Element management'),
(495, 1383573324, 1, 'admin', 27, '6', '-', 'Editing resource'),
(496, 1383573336, 1, 'admin', 5, '6', '-', 'Saving resource'),
(497, 1383573337, 1, 'admin', 3, '6', 'Контакты', 'Viewing data for resource'),
(498, 1383573338, 1, 'admin', 27, '6', '-', 'Editing resource'),
(499, 1383573365, 1, 'admin', 16, '8', 'Контакты', 'Editing template'),
(500, 1383573373, 1, 'admin', 20, '8', '-', 'Saving template'),
(501, 1383573373, 1, 'admin', 16, '8', 'Контакты', 'Editing template'),
(502, 1383573386, 1, 'admin', 76, '-', '-', 'Element management'),
(503, 1383573389, 1, 'admin', 78, '1', 'mm_rules', 'Editing Chunk (HTML Snippet)'),
(504, 1383573395, 1, 'admin', 79, '1', '-', 'Saving Chunk (HTML Snippet)'),
(505, 1383573395, 1, 'admin', 78, '1', 'mm_rules', 'Editing Chunk (HTML Snippet)'),
(506, 1383573397, 1, 'admin', 27, '6', '-', 'Editing resource'),
(507, 1383573405, 1, 'admin', 5, '6', '-', 'Saving resource'),
(508, 1383573405, 1, 'admin', 27, '6', '-', 'Editing resource'),
(509, 1383573798, 1, 'admin', 76, '-', '-', 'Element management'),
(510, 1383573800, 1, 'admin', 16, '6', 'О нас', 'Editing template'),
(511, 1383573801, 1, 'admin', 76, '-', '-', 'Element management'),
(512, 1383573802, 1, 'admin', 16, '8', 'Контакты', 'Editing template'),
(513, 1383573812, 1, 'admin', 20, '8', '-', 'Saving template'),
(514, 1383573812, 1, 'admin', 16, '8', 'Контакты', 'Editing template'),
(515, 1383573832, 1, 'admin', 4, '-', '-', 'Creating a resource'),
(516, 1383573843, 1, 'admin', 5, '-', '-', 'Saving resource'),
(517, 1383573844, 1, 'admin', 3, '20', 'Краснодар', 'Viewing data for resource'),
(518, 1383573846, 1, 'admin', 27, '20', '-', 'Editing resource'),
(519, 1383573849, 1, 'admin', 5, '20', '-', 'Saving resource'),
(520, 1383573850, 1, 'admin', 3, '20', 'Краснодар', 'Viewing data for resource'),
(521, 1383573852, 1, 'admin', 4, '-', '-', 'Creating a resource'),
(522, 1383573857, 1, 'admin', 5, '-', '-', 'Saving resource'),
(523, 1383573858, 1, 'admin', 3, '21', 'Минск', 'Viewing data for resource'),
(524, 1383573877, 1, 'admin', 76, '-', '-', 'Element management'),
(525, 1383573880, 1, 'admin', 19, '-', 'New template', 'Creating a new template'),
(526, 1383573888, 1, 'admin', 20, '-', '-', 'Saving template'),
(527, 1383573888, 1, 'admin', 76, '-', '-', 'Element management'),
(528, 1383573918, 1, 'admin', 16, '9', 'город', 'Editing template'),
(529, 1383573920, 1, 'admin', 21, '9', '-', 'Deleting template'),
(530, 1383573920, 1, 'admin', 76, '-', '-', 'Element management'),
(531, 1383573922, 1, 'admin', 16, '8', 'Контакты', 'Editing template'),
(532, 1383573944, 1, 'admin', 20, '8', '-', 'Saving template'),
(533, 1383573944, 1, 'admin', 76, '-', '-', 'Element management'),
(534, 1383573947, 1, 'admin', 27, '21', '-', 'Editing resource'),
(535, 1383573949, 1, 'admin', 6, '21', '-', 'Deleting resource'),
(536, 1383573950, 1, 'admin', 3, '6', 'Контакты', 'Viewing data for resource'),
(537, 1383573950, 1, 'admin', 27, '20', '-', 'Editing resource'),
(538, 1383573953, 1, 'admin', 6, '20', '-', 'Deleting resource'),
(539, 1383573955, 1, 'admin', 64, '-', '-', 'Removing deleted content'),
(540, 1383573957, 1, 'admin', 27, '6', '-', 'Editing resource'),
(541, 1383573961, 1, 'admin', 5, '6', '-', 'Saving resource'),
(542, 1383573962, 1, 'admin', 3, '6', 'Контакты', 'Viewing data for resource'),
(543, 1383573962, 1, 'admin', 27, '6', '-', 'Editing resource'),
(544, 1383573982, 1, 'admin', 76, '-', '-', 'Element management'),
(545, 1383573984, 1, 'admin', 301, '6', 'Карта минска', 'Edit Template Variable'),
(546, 1383573989, 1, 'admin', 303, '6', '-', 'Delete Template Variable'),
(547, 1383573989, 1, 'admin', 76, '-', '-', 'Element management'),
(548, 1383573990, 1, 'admin', 301, '7', 'Карта краснодара', 'Edit Template Variable'),
(549, 1383573994, 1, 'admin', 303, '7', '-', 'Delete Template Variable'),
(550, 1383573994, 1, 'admin', 76, '-', '-', 'Element management'),
(551, 1383573996, 1, 'admin', 78, '1', 'mm_rules', 'Editing Chunk (HTML Snippet)'),
(552, 1383574001, 1, 'admin', 79, '1', '-', 'Saving Chunk (HTML Snippet)'),
(553, 1383574001, 1, 'admin', 76, '-', '-', 'Element management'),
(554, 1383574006, 1, 'admin', 27, '6', '-', 'Editing resource'),
(555, 1383574148, 1, 'admin', 5, '6', '-', 'Saving resource'),
(556, 1383574148, 1, 'admin', 27, '6', '-', 'Editing resource'),
(557, 1383574186, 1, 'admin', 5, '6', '-', 'Saving resource'),
(558, 1383574186, 1, 'admin', 27, '6', '-', 'Editing resource'),
(559, 1383574258, 1, 'admin', 5, '6', '-', 'Saving resource'),
(560, 1383574259, 1, 'admin', 27, '6', '-', 'Editing resource'),
(561, 1383574308, 1, 'admin', 5, '6', '-', 'Saving resource'),
(562, 1383574309, 1, 'admin', 27, '6', '-', 'Editing resource'),
(563, 1383574582, 1, 'admin', 76, '-', '-', 'Element management'),
(564, 1383574585, 1, 'admin', 16, '8', 'Контакты', 'Editing template'),
(565, 1383574679, 1, 'admin', 76, '-', '-', 'Element management'),
(566, 1383574691, 1, 'admin', 78, '6', 'popup_forms', 'Editing Chunk (HTML Snippet)'),
(567, 1383574735, 1, 'admin', 20, '8', '-', 'Saving template'),
(568, 1383574735, 1, 'admin', 16, '8', 'Контакты', 'Editing template'),
(569, 1383574782, 1, 'admin', 76, '-', '-', 'Element management'),
(570, 1383574788, 1, 'admin', 78, '5', 'top_line', 'Editing Chunk (HTML Snippet)'),
(571, 1383574832, 1, 'admin', 20, '8', '-', 'Saving template'),
(572, 1383574832, 1, 'admin', 16, '8', 'Контакты', 'Editing template'),
(573, 1383574864, 1, 'admin', 20, '8', '-', 'Saving template'),
(574, 1383574864, 1, 'admin', 16, '8', 'Контакты', 'Editing template'),
(575, 1383574933, 1, 'admin', 20, '8', '-', 'Saving template'),
(576, 1383574934, 1, 'admin', 16, '8', 'Контакты', 'Editing template'),
(577, 1383575132, 1, 'admin', 20, '8', '-', 'Saving template'),
(578, 1383575132, 1, 'admin', 16, '8', 'Контакты', 'Editing template');

DROP TABLE IF EXISTS `modx_manager_users`;
CREATE TABLE `modx_manager_users` (
  `id` int(10) NOT NULL AUTO_INCREMENT,
  `username` varchar(100) NOT NULL DEFAULT '',
  `password` varchar(100) NOT NULL DEFAULT '',
  PRIMARY KEY (`id`),
  UNIQUE KEY `username` (`username`)
) ENGINE=MyISAM AUTO_INCREMENT=2 /*!40101 DEFAULT CHARSET=utf8 */ COMMENT='Contains login information for backend users.';

INSERT INTO `modx_manager_users` VALUES
(1, 'admin', 'uncrypt>d84372e0698707919f7ba66891ff2ea5cff3535a');

DROP TABLE IF EXISTS `modx_member_groups`;
CREATE TABLE `modx_member_groups` (
  `id` int(10) NOT NULL AUTO_INCREMENT,
  `user_group` int(10) NOT NULL DEFAULT '0',
  `member` int(10) NOT NULL DEFAULT '0',
  PRIMARY KEY (`id`),
  UNIQUE KEY `ix_group_member` (`user_group`,`member`)
) ENGINE=MyISAM /*!40101 DEFAULT CHARSET=utf8 */ COMMENT='Contains data used for access permissions.';

DROP TABLE IF EXISTS `modx_membergroup_access`;
CREATE TABLE `modx_membergroup_access` (
  `id` int(10) NOT NULL AUTO_INCREMENT,
  `membergroup` int(10) NOT NULL DEFAULT '0',
  `documentgroup` int(10) NOT NULL DEFAULT '0',
  PRIMARY KEY (`id`)
) ENGINE=MyISAM /*!40101 DEFAULT CHARSET=utf8 */ COMMENT='Contains data used for access permissions.';

DROP TABLE IF EXISTS `modx_membergroup_names`;
CREATE TABLE `modx_membergroup_names` (
  `id` int(10) NOT NULL AUTO_INCREMENT,
  `name` varchar(255) NOT NULL DEFAULT '',
  PRIMARY KEY (`id`),
  UNIQUE KEY `name` (`name`)
) ENGINE=MyISAM /*!40101 DEFAULT CHARSET=utf8 */ COMMENT='Contains data used for access permissions.';

DROP TABLE IF EXISTS `modx_site_content`;
CREATE TABLE `modx_site_content` (
  `id` int(10) NOT NULL AUTO_INCREMENT,
  `type` varchar(20) NOT NULL DEFAULT 'document',
  `contentType` varchar(50) NOT NULL DEFAULT 'text/html',
  `pagetitle` varchar(255) NOT NULL DEFAULT '',
  `longtitle` varchar(255) NOT NULL DEFAULT '',
  `description` varchar(255) NOT NULL DEFAULT '',
  `alias` varchar(255) DEFAULT '',
  `link_attributes` varchar(255) NOT NULL DEFAULT '' COMMENT 'Link attriubtes',
  `published` int(1) NOT NULL DEFAULT '0',
  `pub_date` int(20) NOT NULL DEFAULT '0',
  `unpub_date` int(20) NOT NULL DEFAULT '0',
  `parent` int(10) NOT NULL DEFAULT '0',
  `isfolder` int(1) NOT NULL DEFAULT '0',
  `introtext` text COMMENT 'Used to provide quick summary of the document',
  `content` mediumtext,
  `richtext` tinyint(1) NOT NULL DEFAULT '1',
  `template` int(10) NOT NULL DEFAULT '0',
  `menuindex` int(10) NOT NULL DEFAULT '0',
  `searchable` int(1) NOT NULL DEFAULT '1',
  `cacheable` int(1) NOT NULL DEFAULT '1',
  `createdby` int(10) NOT NULL DEFAULT '0',
  `createdon` int(20) NOT NULL DEFAULT '0',
  `editedby` int(10) NOT NULL DEFAULT '0',
  `editedon` int(20) NOT NULL DEFAULT '0',
  `deleted` int(1) NOT NULL DEFAULT '0',
  `deletedon` int(20) NOT NULL DEFAULT '0',
  `deletedby` int(10) NOT NULL DEFAULT '0',
  `publishedon` int(20) NOT NULL DEFAULT '0' COMMENT 'Date the document was published',
  `publishedby` int(10) NOT NULL DEFAULT '0' COMMENT 'ID of user who published the document',
  `menutitle` varchar(255) NOT NULL DEFAULT '' COMMENT 'Menu title',
  `donthit` tinyint(1) NOT NULL DEFAULT '0' COMMENT 'Disable page hit count',
  `haskeywords` tinyint(1) NOT NULL DEFAULT '0' COMMENT 'has links to keywords',
  `hasmetatags` tinyint(1) NOT NULL DEFAULT '0' COMMENT 'has links to meta tags',
  `privateweb` tinyint(1) NOT NULL DEFAULT '0' COMMENT 'Private web document',
  `privatemgr` tinyint(1) NOT NULL DEFAULT '0' COMMENT 'Private manager document',
  `content_dispo` tinyint(1) NOT NULL DEFAULT '0' COMMENT '0-inline, 1-attachment',
  `hidemenu` tinyint(1) NOT NULL DEFAULT '0' COMMENT 'Hide document from menu',
  `alias_visible` int(2) NOT NULL DEFAULT '1',
  PRIMARY KEY (`id`),
  KEY `id` (`id`),
  KEY `parent` (`parent`),
  KEY `aliasidx` (`alias`),
  KEY `typeidx` (`type`),
  FULLTEXT KEY `content_ft_idx` (`pagetitle`,`description`,`content`)
) ENGINE=MyISAM AUTO_INCREMENT=22 /*!40101 DEFAULT CHARSET=utf8 */ COMMENT='Contains the site document tree.';

INSERT INTO `modx_site_content` VALUES
(1, 'document', 'text/html', 'Главная', 'Главная страница', '', 'index', '', 1, 0, 0, 0, 0, '', '', 1, 5, 0, 1, 1, 1, 1130304721, 1, 1383553107, 0, 0, 0, 1130304721, 1, '', 0, 0, 0, 0, 0, 0, 0, 1),
(2, 'document', 'text/html', 'О нас', '', '', 'o-nas', '', 1, 0, 0, 0, 1, '', '<p><span style=\"font-size: 120%;\">Компания ООО \"Электронаая реклама\"</span></p>\r\n<p><img src=\"http://top3seo.ru/assets/images/Picture.jpg\" width=\"250\" height=\"250\" style=\"float: left; margin-left: 5px; margin-right: 5px;\" />Равным образом рамки и место обучения кадров влечет за собой процесс внедрения и модернизации системы обучения кадров, соответствует насущным потребностям. Повседневная практика показывает, что сложившаяся структура организации способствует подготовки и реализации новых предложений. Не следует, однако забывать, что постоянный количественный рост и сфера нашей активности требуют от нас анализа направлений развития.&nbsp;</p>\r\n<p>Задача организации, в особенности же консультация с широким актом в значительной степени обуславливает создание форм развития.</p>\r\n<p>Повседневная практика показывает, что сложившаяся структура организации обеспечивает широкому кругу (специалистов) участие в формировании направлений прогрессивного развития. Повседневная практика показывает, что реализация намеченных плановых заданий обеспечивает широкому кругу (специалистов) участие в формировании соответствующий условий активизации.&nbsp;</p>', 1, 6, 1, 1, 1, 1, 1383553826, 1, 1383558996, 0, 0, 0, 1383553826, 1, '', 0, 0, 0, 0, 0, 0, 0, 1),
(3, 'document', 'text/html', 'Услуги', '', '', 'uslugi', '', 1, 0, 0, 0, 1, '', '', 1, 3, 2, 1, 1, 1, 1383554133, 1, 1383554133, 0, 0, 0, 1383554133, 1, '', 0, 0, 0, 0, 0, 0, 0, 1),
(4, 'document', 'text/html', 'Клиенты', '', '', 'klientyi', '', 1, 0, 0, 0, 0, '', '', 1, 3, 3, 1, 1, 1, 1383554146, 1, 1383554146, 0, 0, 0, 1383554146, 1, '', 0, 0, 0, 0, 0, 0, 0, 1),
(5, 'document', 'text/html', 'Блог', '', '', 'blog', '', 1, 0, 0, 0, 0, '', '', 1, 3, 4, 1, 1, 1, 1383554161, 1, 1383554161, 0, 0, 0, 1383554161, 1, '', 0, 0, 0, 0, 0, 0, 0, 1),
(6, 'document', 'text/html', 'Контакты', '', '', 'kontakty', '', 1, 0, 0, 0, 0, '', '<p>Офисы компании ООО \"Электронаая реклама\" расположены в Минске и Краснодаре в центральных районах города, вблизи метро. Удобные подъездные пути, большая бесплатная стоянка. Красивый и современный офис, лучшее обслуживание, полный клиентский сервис. Даже ваше ожидание будет приятным.</p>\r\n<div>\r\n<table border=\"0\" align=\"center\" style=\"width: 100%;\" cellspacing=\"7\">\r\n<tbody>\r\n<tr>\r\n<td style=\"width: 50%;\">\r\n<p><span style=\"font-size: 160%;\">Минск</span></p>\r\n<hr />\r\n<p>jj</p>\r\n</td>\r\n<td style=\"width: 50%;\">\r\n<p><span style=\"font-size: 160%;\">Краснодар</span></p>\r\n<hr />\r\n<p>kk</p>\r\n</td>\r\n</tr>\r\n</tbody>\r\n</table>\r\n</div>', 1, 8, 5, 1, 1, 1, 1383554168, 1, 1383574308, 0, 0, 0, 1383554168, 1, '', 0, 0, 0, 0, 0, 0, 0, 1),
(7, 'document', 'text/html', 'SEO продвижение', '', '', 'seo-prodvizhenie', 'class=\"seo\"', 1, 0, 0, 3, 0, '', '', 1, 6, 0, 1, 1, 1, 1383554219, 1, 1383556342, 0, 0, 0, 1383554219, 1, '', 0, 0, 0, 0, 0, 0, 0, 1),
(8, 'document', 'text/html', 'Аудит вашего сайта', '', '', 'audit-vashego-sajta', 'class=\"audit\"', 1, 0, 0, 3, 0, '', '', 1, 3, 1, 1, 1, 1, 1383554252, 1, 1383555390, 0, 0, 0, 1383554252, 1, '', 0, 0, 0, 0, 0, 0, 0, 1),
(9, 'document', 'text/html', 'Контекстная реклама', '', '', 'kontekstnaya-reklama', 'class=\"kontekst\"', 1, 0, 0, 3, 0, '', '', 1, 3, 2, 1, 1, 1, 1383554277, 1, 1383555401, 0, 0, 0, 1383554277, 1, '', 0, 0, 0, 0, 0, 0, 0, 1),
(10, 'document', 'text/html', 'Копирайтинг', '', '', 'kopirajting', 'class=\"copy\"', 1, 0, 0, 3, 0, '', '', 1, 3, 3, 1, 1, 1, 1383554287, 1, 1383555409, 0, 0, 0, 1383554287, 1, '', 0, 0, 0, 0, 0, 0, 0, 1),
(11, 'document', 'text/html', 'Спесиалисты', '', '', 'stuff', '', 1, 0, 0, 2, 1, '', '<!DOCTYPE html PUBLIC \"-//W3C//DTD XHTML 1.0 Transitional//EN\" \"http://www.w3.org/TR/xhtml1/DTD/xhtml1-transitional.dtd\">\r\n<html>\r\n<head>\r\n</head>\r\n<body>\r\n\r\n</body>\r\n</html>', 1, 0, 0, 1, 1, 1, 1383561170, 1, 1383561170, 0, 0, 0, 1383561170, 1, '', 0, 0, 0, 0, 0, 0, 1, 1),
(12, 'document', 'text/html', 'Вадим Гусятников 1', '', '', 'vadim-gusyatnikov-1', '', 1, 0, 0, 11, 0, '', '', 1, 7, 0, 1, 1, 1, 1383561636, 1, 1383561816, 0, 0, 0, 1383561636, 1, '', 0, 0, 0, 0, 0, 0, 0, 1),
(13, 'document', 'text/html', 'Вадим Гусятников 2', '', '', 'vadim-gusyatnikov-2', '', 1, 0, 0, 11, 0, '', '', 1, 7, 1, 1, 1, 1, 1383562044, 1, 1383562044, 0, 0, 0, 1383562044, 1, '', 0, 0, 0, 0, 0, 0, 0, 1),
(14, 'document', 'text/html', 'Вадим Гусятников 3', '', '', 'vadim-gusyatnikov-3', '', 1, 0, 0, 11, 0, '', '', 1, 7, 2, 1, 1, 1, 1383562057, 1, 1383562057, 0, 0, 0, 1383562057, 1, '', 0, 0, 0, 0, 0, 0, 0, 1),
(15, 'document', 'text/html', 'Вадим Гусятников 4', '', '', 'vadim-gusyatnikov-4', '', 1, 0, 0, 11, 0, '', '', 1, 7, 3, 1, 1, 1, 1383562070, 1, 1383562070, 0, 0, 0, 1383562070, 1, '', 0, 0, 0, 0, 0, 0, 0, 1),
(16, 'document', 'text/html', 'Вадим Гусятников 11', '', '', 'vadim-gusyatnikov-11', '', 1, 0, 0, 11, 0, '', '', 1, 7, 4, 1, 1, 1, 1383564469, 1, 1383564469, 0, 0, 0, 1383564469, 1, '', 0, 0, 0, 0, 0, 0, 0, 1),
(17, 'document', 'text/html', 'Вадим Гусятников 22', '', '', 'vadim-gusyatnikov-22', '', 1, 0, 0, 11, 0, '', '', 1, 7, 5, 1, 1, 1, 1383564480, 1, 1383564480, 0, 0, 0, 1383564480, 1, '', 0, 0, 0, 0, 0, 0, 0, 1),
(18, 'document', 'text/html', 'Вадим Гусятников 33', '', '', 'vadim-gusyatnikov-33', '', 1, 0, 0, 11, 0, '', '', 1, 7, 6, 1, 1, 1, 1383564492, 1, 1383564492, 0, 0, 0, 1383564492, 1, '', 0, 0, 0, 0, 0, 0, 0, 1),
(19, 'document', 'text/html', 'Вадим Гусятников 44', '', '', 'vadim-gusyatnikov-44', '', 1, 0, 0, 11, 0, '', '', 1, 7, 7, 1, 1, 1, 1383564510, 1, 1383564510, 0, 0, 0, 1383564510, 1, '', 0, 0, 0, 0, 0, 0, 0, 1);

DROP TABLE IF EXISTS `modx_site_content_metatags`;
CREATE TABLE `modx_site_content_metatags` (
  `content_id` int(11) NOT NULL DEFAULT '0',
  `metatag_id` int(11) NOT NULL DEFAULT '0',
  KEY `content_id` (`content_id`),
  KEY `metatag_id` (`metatag_id`)
) ENGINE=MyISAM /*!40101 DEFAULT CHARSET=utf8 */ COMMENT='Reference table between meta tags and content';

DROP TABLE IF EXISTS `modx_site_htmlsnippets`;
CREATE TABLE `modx_site_htmlsnippets` (
  `id` int(10) NOT NULL AUTO_INCREMENT,
  `name` varchar(50) NOT NULL DEFAULT '',
  `description` varchar(255) NOT NULL DEFAULT 'Chunk',
  `editor_type` int(11) NOT NULL DEFAULT '0' COMMENT '0-plain text,1-rich text,2-code editor',
  `category` int(11) NOT NULL DEFAULT '0' COMMENT 'category id',
  `cache_type` tinyint(1) NOT NULL DEFAULT '0' COMMENT 'Cache option',
  `snippet` mediumtext,
  `locked` tinyint(4) NOT NULL DEFAULT '0',
  PRIMARY KEY (`id`)
) ENGINE=MyISAM AUTO_INCREMENT=16 /*!40101 DEFAULT CHARSET=utf8 */ COMMENT='Contains the site chunks.';

INSERT INTO `modx_site_htmlsnippets` VALUES
(1, 'mm_rules', 'Default ManagerManager rules.', 0, 2, 0, '// more example rules are in assets/plugins/managermanager/example_mm_rules.inc.php\r\n\r\n// example of how PHP is allowed - check that a TV named documentTags exists before creating rule\r\nif($modx->db->getValue(\"SELECT COUNT(id) FROM \" . $modx->getFullTableName(\'site_tmplvars\') . \" WHERE name=\'documentTags\'\")) {\r\n    mm_widget_tags(\'documentTags\',\' \'); // Give blog tag editing capabilities to the \'documentTags (3)\' TV\r\n}\r\nmm_widget_showimagetvs(); // Always give a preview of Image TVs\r\n', 0),
(2, 'WebLoginSideBar', 'WebLogin Tpl', 0, 3, 0, '<!-- #declare:separator <hr> -->\n<!-- login form section-->\n<form method=\"post\" name=\"loginfrm\" action=\"[+action+]\">\n    <input type=\"hidden\" value=\"[+rememberme+]\" name=\"rememberme\" />\n    <fieldset>\n        <h3>Your Login Details</h3>\n        <label for=\"username\">User: <input type=\"text\" name=\"username\" id=\"username\" tabindex=\"1\" onkeypress=\"return webLoginEnter(document.loginfrm.password);\" value=\"[+username+]\" /></label>\n    	<label for=\"password\">Password: <input type=\"password\" name=\"password\" id=\"password\" tabindex=\"2\" onkeypress=\"return webLoginEnter(document.loginfrm.cmdweblogin);\" value=\"\" /></label>\n    	<input type=\"checkbox\" id=\"checkbox_1\" name=\"checkbox_1\" tabindex=\"3\" size=\"1\" value=\"\" [+checkbox+] onclick=\"webLoginCheckRemember()\" /><label for=\"checkbox_1\" class=\"checkbox\">Remember me</label>\n    	<input type=\"submit\" value=\"[+logintext+]\" name=\"cmdweblogin\" class=\"button\" />\n	<a href=\"#\" onclick=\"webLoginShowForm(2);return false;\" id=\"forgotpsswd\">Forget Your Password?</a>\n	</fieldset>\n</form>\n<hr>\n<!-- log out hyperlink section -->\n<h4>You\'re already logged in</h4>\nDo you wish to <a href=\"[+action+]\" class=\"button\">[+logouttext+]</a>?\n<hr>\n<!-- Password reminder form section -->\n<form name=\"loginreminder\" method=\"post\" action=\"[+action+]\">\n    <fieldset>\n        <h3>It happens to everyone...</h3>\n        <input type=\"hidden\" name=\"txtpwdrem\" value=\"0\" />\n        <label for=\"txtwebemail\">Enter the email address of your account to reset your password: <input type=\"text\" name=\"txtwebemail\" id=\"txtwebemail\" size=\"24\" /></label>\n        <label>To return to the login form, press the cancel button.</label>\n    	<input type=\"submit\" value=\"Submit\" name=\"cmdweblogin\" class=\"button\" /> <input type=\"reset\" value=\"Cancel\" name=\"cmdcancel\" onclick=\"webLoginShowForm(1);\" class=\"button\" style=\"clear:none;display:inline\" />\n    </fieldset>\n</form>\n\n', 0),
(3, 'head', 'HEAD сайта', 0, 9, 0, '        <base href=\"[(site_url)]\" />\r\n		<meta http-equiv=\"Content-Type\" content=\"text/html; charset=[(modx_charset)] \"/>\r\n\r\n  		<title>[+phx:if=`[*longtitle*]`:is=``:then=`[*pagetitle*]`:else=`[*longtitle*]`+] </title>\r\n		<meta name=\"description\" content=\"[*description*]\"/>\r\n\r\n		<link rel=\"SHORTCUT ICON\" type=\"image/x-icon\" href=\"/favicon.ico\"> \r\n		<link rel=\"icon\" type=\"image/vnd.microsoft.icon\" href=\"/favicon.ico\">\r\n\r\n		<link href=\"/css/style.css\" rel=\"stylesheet\" type=\"text/css\">\r\n		<link href=\"/css/skin.css\" rel=\"stylesheet\" type=\"text/css\">\r\n		\r\n		<script type=\"text/javascript\" src=\"/js/jquery.min.js\"></script> \r\n		<script type=\"text/javascript\" src=\"/js/jquery.jcarousel.min.js\"></script>\r\n		<script type=\"text/javascript\" src=\"/js/all_scripts.js\"></script>\r\n\r\n<script type=\"text/javascript\">\r\n\r\njQuery(document).ready(function() {\r\n    jQuery(\'#stuff_carousel\').jcarousel();\r\n});\r\n\r\n</script>', 0),
(4, 'header', 'Шапка сайта', 0, 9, 0, '			<div class=\"logo\">\r\n				<a href=\"/\">\r\n					<img src=\"/images/logo.png\" alt=\"\"/>\r\n				</a>\r\n			</div>\r\n			\r\n			<div class=\"top_menu\">\r\n					[[Wayfinder? &startId=`0` &outerClass=`nav` &excludeDocs=`1`]]\r\n			</div>\r\n<div class=\"clear\"></div>\r\n', 0),
(14, 'stuffs_tpl', 'список сотрудников', 0, 11, 0, '<li>\r\n	[+foto_stuff+]<br>\r\n	<span class=\"name\">[+pagetitle+]</span>\r\n	<span class=\"post\">[+post_stuff+]</span>\r\n</li>', 0),
(13, 'uslugi_tpl', 'шаблон услуги на главной', 0, 11, 0, '<li[+wf.id+][+wf.classes+]><a href=\"[+wf.link+]\" title=\"[+wf.title+]\" [+wf.attributes+]><span></span>[+wf.linktext+]</a>[+wf.wrapper+]</li>', 0),
(5, 'top_line', 'Верхняя полоска', 0, 9, 0, '			<div class=\"top_line\"> <!-- верхняя полоска -->\r\n				<div class=\"tel\"><span class=\"big\">8 (800) 555-56-95</span> <span class=\"small\">Звонок бесплатный!</span>\r\n				</div>\r\n				<div class=\"marketing\">\r\n					<span class=\"how_seo\"><a href=\"#?w=600\" rel=\"how_seo_pop\" class=\"poplight\">Узнайте! Можно ли продвинуть ваш сайт</a></span>\r\n					<span class=\"order\"> <a href=\"#?w=700\" rel=\"order_seo_pop\" class=\"poplight\">Заказать продвижение</a></span>\r\n				</div>\r\n			</div>\r\n<div class=\"clearline\"></div>', 0),
(6, 'popup_forms', 'Формы лайтбокс', 0, 0, 0, '<div id=\"how_seo_pop\" class=\"popup_block\">\r\n				<p class=\"title\">Можно ли продвинуть ваш сайт</p>\r\n				<form id=\"how_seoform\" action=\"index.html\" method=\"POST\"> <!-- форма заказа звонка -->\r\n					<input type=\"text\" name=\"name\" value=\"Имя\" onfocus=\"if (this.value==\'Имя\') this.value=\'\';\" onblur=\"if (this.value==\'\'){this.value=\'Имя\'}\"><br>\r\n					<input type=\"text\" name=\"email\" value=\"Ваш E-mail\" onfocus=\"if (this.value==\'Ваш E-mail\') this.value=\'\';\" onblur=\"if (this.value==\'\'){this.value=\'Ваш E-mail\'}\"><br>\r\n					<input type=\"text\" name=\"telephone\" value=\"Телефон\" onfocus=\"if (this.value==\'Телефон\') this.value=\'\';\" onblur=\"if (this.value==\'\'){this.value=\'Телефон\'}\"><br>\r\n					<input type=\"text\" name=\"url\" value=\"Адрес вашего сайта\" onfocus=\"if (this.value==\'Адрес вашего сайта\') this.value=\'\';\" onblur=\"if (this.value==\'\'){this.value=\'Адрес вашего сайта\'}\"><br>\r\n					<span class=\"warn\">* - Поля, обязательные для заполнения</span>\r\n					<br>\r\n					<button class=\"ordCall\" type=\"submit\">Проверить</button>\r\n				</form>\r\n			</div>\r\n			<div id=\"order_seo_pop\" class=\"popup_block\">\r\n				<p class=\"title\">Заказать SEO</p>\r\n				<form id=\"order_seoform\" action=\"order_seo.php\" method=\"POST\"> <!-- форма заказа продвижения -->\r\n					<input type=\"text\" name=\"name\" value=\"Ваше имя\" onfocus=\"if (this.value==\'Ваше имя\') this.value=\'\';\" onblur=\"if (this.value==\'\'){this.value=\'Ваше имя\'}\"><br>\r\n					<input type=\"text\" name=\"telephone\" value=\"Ваш контактный телефон\" onfocus=\"if (this.value==\'Ваш контактный телефон\') this.value=\'\';\" onblur=\"if (this.value==\'\'){this.value=\'Ваш контактный телефон\'}\"><br>\r\n					<input type=\"text\" name=\"email\" value=\"Ваш E-mail\" onfocus=\"if (this.value==\'Ваш E-mail\') this.value=\'\';\" onblur=\"if (this.value==\'\'){this.value=\'Ваш E-mail\'}\"><br>\r\n					<textarea name=\"comment\" id=\"textarea\" onclick=\'if(this.value==\"Ваши пожелания...\") this.value=\"\"\' onblur=\'if(this.value==\"\") this.value=\"Ваши пожелания...\"\'>Ваши пожелания...</textarea><br>\r\n					<button class=\"ordSeo\" type=\"submit\">Заказать продвижение</button>\r\n				</form>\r\n			</div>', 0),
(7, 'uslugi', 'Блок с навигацие по услугам', 0, 10, 0, '[[Wayfinder? &startId=`3` &outerClass=`service` &rowTpl=`uslugi_tpl`]]			\r\n<!--\r\n<ul class=\"service\">\r\n				<li><a class=\"seo\" href=\"\"><span></span>SEO продвижение</a></li>\r\n				<li><a class=\"audit\" href=\"\"><span></span>Аудит вашего сайта</a></li>\r\n				<li><a class=\"kontekst\" href=\"\"><span></span>Контекстная реклама</a></li>\r\n				<li><a class=\"copy\" href=\"\"><span></span>Копирайтинг</a></li>\r\n			</ul>\r\n-->\r\n			<div class=\"clearline\"></div>', 0),
(8, 'minfo', 'Первый блок', 0, 10, 0, '<div id=\"minfo\" class=\"block\"> <!-- первый блок -->\r\n			<h2>Если Вы хотите, чтобы Ваш сайт приносил прибыль...</h2>\r\n			<div class=\"cont\">\r\n			<p>\r\n			<span>Вы попали по адресу!</span><br><br>\r\n			Мы поможем решить вашу проблему!<br>\r\n			За последний год нашими специалистами реализовано более 50 успешных проектов в области продвижения бизнеса в сети Интернет.</p>\r\n			<ul class=\"stats_data\">\r\n				<li class=\"count-1\">Людей<br>в интернете пользуются поисковиком</li>\r\n				<li class=\"count-2\">Посетителей<br>сайтов приходит из поисковиков</li>\r\n				<li class=\"count-3\">Увеличение<br>продаж благодаря SEO-оптимизации</li>\r\n			</ul>\r\n			<div class=\"clear\"></div>\r\n			</div>\r\n			<form action=\"order-call.php\" method=\"POST\"> <!-- форма заказа звонка -->\r\n			<span class=\"form_title\">Заказать звонок специалиста</span><br><br>\r\n			 <input type=\"text\" name=\"name\" value=\"Имя\" onfocus=\"if (this.value==\'Имя\') this.value=\'\';\" onblur=\"if (this.value==\'\'){this.value=\'Имя\'}\"><br>\r\n			 <input type=\"text\" name=\"telephone\" value=\"Телефон\" onfocus=\"if (this.value==\'Телефон\') this.value=\'\';\" onblur=\"if (this.value==\'\'){this.value=\'Телефон\'}\"><br>\r\n			 <input type=\"text\" name=\"time_call\" value=\"Время звонка\" onfocus=\"if (this.value==\'Время звонка\') this.value=\'\';\" onblur=\"if (this.value==\'\'){this.value=\'Время звонка\'}\"><br>\r\n			 <button class=\"ordCall\" type=\"submit\">Заказать звонок</button>\r\n			</form>\r\n			</div>\r\n			<div class=\"clearline\"></div>', 0),
(9, 'hwork', 'Блок \"Как мы работаем\"', 0, 10, 0, '<div id=\"hwork\" class=\"block\">\r\n				<h2>Всё просто...</h2>\r\n				<ul class=\"sheme\">\r\n					<li><a href=\"\" class=\"analiz\">Анализируем<br>рынок</a></li>\r\n					<li class=\"arrow\"></li>\r\n					<li><a href=\"\" class=\"strateg\">Формируем<br>стратегию</a></li>\r\n					<li class=\"arrow\"></li>\r\n					<li><a href=\"\" class=\"tehnology\">Внедряем<br>технологии</a></li>\r\n					<li class=\"arrow\"></li>\r\n					<li><a href=\"\" class=\"result\">Поддерживаем<br>результат</a></li>\r\n				</ul>\r\n				<div class=\"clear\"></div>\r\n				<div class=\"desc\">\r\n					<span class=\"title\">Гарантии результата не может дать никто,<br>об этом говорят сами поисковые системы... Мы же:</span>\r\n					<ul>\r\n					<li class=\"one\"><span class=\"numb\">1.</span><span class=\"gar_desc\">Даём<br>финансовые<br>гарантии</span></li>\r\n					<li class=\"two\"><span class=\"numb\">2.</span><span class=\"gar_desc\">При продвижении<br>сайтов используем технологии,<br>рекомендованные самим Яндексом</span></li>\r\n					<li class=\"three\"><span class=\"numb\">3.</span><span class=\"gar_desc\">Являемся<br>сертифицированным<br>агентством Yandex Direct</span></li>\r\n					</ul>\r\n					<div class=\"clear\"></div>\r\n					<button class=\"ordConsult\" type=\"submit\">Заказать консультацию</button>\r\n				</div>\r\n				\r\n			</div>\r\n			<div class=\"clear\"></div>', 0),
(10, 'clients', 'Блок с клиентами', 0, 10, 0, '			<div id=\"clients\" >\r\n			<div id=\"wrap\" class=\"block\">\r\n			<h2>C кем мы работаем</h2>\r\n			<p>Наши клиенты - это успешные люди и динамически развивающиеся компании! Ими уже стали такие крупные компании краснодара, как автомобильные холдинги ЮГ-Авто и Ключ-Авто. Воплощена в жизнь масса других проектов посвящённых различным сферам бизнеса: производство профиля пвх, продажа отопительного оборудования, производство сухих завтраков и даже пластическая хирургия.</p>\r\n			<ul class=\"brands\">\r\n			<li><img src=\"images/clients/jaguar.png\" alt=\"\"/></li>\r\n			<li><img src=\"images/clients/opel.png\" alt=\"\"/></li>\r\n			<li><img src=\"images/clients/cadillac.png\" alt=\"\"/></li>\r\n			<li><img src=\"images/clients/citroen.png\" alt=\"\"/></li>\r\n			<li><img src=\"images/clients/vw.png\" alt=\"\"/></li>\r\n			<li><img src=\"images/clients/pegeot.png\" alt=\"\"/></li>\r\n			<li><img src=\"images/clients/skoda.png\" alt=\"\"/></li>\r\n			<li><img src=\"images/clients/lada.png\" alt=\"\"/></li>\r\n			<li><img src=\"images/clients/honda.png\" alt=\"\"/></li>\r\n			<li><img src=\"images/clients/land_rover.png\" alt=\"\"/></li>\r\n			<li><img src=\"images/clients/chevrolet.png\" alt=\"\"/></li>\r\n			<li><img src=\"images/clients/hyundai.png\" alt=\"\"/></li>\r\n			</ul>\r\n			<div class=\"clear\"></div>\r\n			<button class=\"ordConsult\" type=\"submit\">Посмотреть все</button>\r\n			</div></div>', 0),
(11, 'order_seo', 'Нижний блок с формой заказа SEO', 0, 10, 0, '<div id=\"order_form\" class=\"block\">\r\n			<h2>Продвигайтесь с нами</h2>\r\n			<p class=\"form_title\">Наш менеджер свяжется с вами в течение 10 минут</p>\r\n			<form action=\"order_seo.php\" method=\"POST\"> <!-- форма заказа продвижения -->\r\n			\r\n			 <input type=\"text\" name=\"name\" value=\"Ваше имя\" onfocus=\"if (this.value==\'Ваше имя\') this.value=\'\';\" onblur=\"if (this.value==\'\'){this.value=\'Ваше имя\'}\"><br>\r\n			 <input type=\"text\" name=\"telephone\" value=\"Ваш контактный телефон\" onfocus=\"if (this.value==\'Ваш контактный телефон\') this.value=\'\';\" onblur=\"if (this.value==\'\'){this.value=\'Ваш контактный телефон\'}\"><br>\r\n			 <input type=\"text\" name=\"email\" value=\"Ваш E-mail\" onfocus=\"if (this.value==\'Ваш E-mail\') this.value=\'\';\" onblur=\"if (this.value==\'\'){this.value=\'Ваш E-mail\'}\"><br>\r\n			 <textarea name=\"comment\" id=\"textarea\" onclick=\'if(this.value==\"Ваши пожелания...\") this.value=\"\"\' onblur=\'if(this.value==\"\") this.value=\"Ваши пожелания...\"\'>Ваши пожелания...</textarea><br>\r\n			 \r\n			 <button class=\"ordSeo\" type=\"submit\">Заказать продвижение</button>\r\n			</form>\r\n			\r\n			</div>', 0),
(12, 'footer', 'Подвал сайта', 0, 0, 0, '		<div class=\"cent\">\r\n			<div class=\"copyright\">\r\n			ООО &laquo;Электронная реклама&raquo;<br>\r\n			&copy; 2010-2013 TOP3SEO.ru. All rights reserved\r\n			</div>\r\n			<div class=\"sicial\">\r\n			<a class=\"fb\" href=\"\"></a>\r\n			<a class=\"vk\" href=\"\"></a>\r\n			<a class=\"tw\" href=\"\"></a>\r\n			</div>\r\n			<div class=\"clear\"></div>\r\n		</div>\r\n		<div class=\"clear\"></div>', 0),
(15, 'sidebar', '', 0, 9, 0, '			<div class=\"right\">\r\n				<div class=\"certified\">\r\n					<img src=\"/images/ya_medal.png\"/>\r\n					<span>Сертифицированное агентство</span>\r\n					<div class=\"clear\"></div>\r\n				</div>\r\n				<div class=\"seo_banner\">\r\n					<img src=\"/images/banner.jpg\"/>\r\n				</div>\r\n			</div>', 0);

DROP TABLE IF EXISTS `modx_site_keywords`;
CREATE TABLE `modx_site_keywords` (
  `id` int(11) NOT NULL AUTO_INCREMENT,
  `keyword` varchar(40) NOT NULL DEFAULT '',
  PRIMARY KEY (`id`),
  UNIQUE KEY `keyword` (`keyword`)
) ENGINE=MyISAM /*!40101 DEFAULT CHARSET=utf8 */ COMMENT='Site keyword list';

DROP TABLE IF EXISTS `modx_site_metatags`;
CREATE TABLE `modx_site_metatags` (
  `id` int(11) NOT NULL AUTO_INCREMENT,
  `name` varchar(50) NOT NULL DEFAULT '',
  `tag` varchar(50) NOT NULL DEFAULT '' COMMENT 'tag name',
  `tagvalue` varchar(255) NOT NULL DEFAULT '',
  `http_equiv` tinyint(4) NOT NULL DEFAULT '0' COMMENT '1 - use http_equiv tag style, 0 - use name',
  PRIMARY KEY (`id`)
) ENGINE=MyISAM /*!40101 DEFAULT CHARSET=utf8 */ COMMENT='Site meta tags';

DROP TABLE IF EXISTS `modx_site_module_access`;
CREATE TABLE `modx_site_module_access` (
  `id` int(10) unsigned NOT NULL AUTO_INCREMENT,
  `module` int(11) NOT NULL DEFAULT '0',
  `usergroup` int(11) NOT NULL DEFAULT '0',
  PRIMARY KEY (`id`)
) ENGINE=MyISAM /*!40101 DEFAULT CHARSET=utf8 */ COMMENT='Module users group access permission';

DROP TABLE IF EXISTS `modx_site_module_depobj`;
CREATE TABLE `modx_site_module_depobj` (
  `id` int(11) NOT NULL AUTO_INCREMENT,
  `module` int(11) NOT NULL DEFAULT '0',
  `resource` int(11) NOT NULL DEFAULT '0',
  `type` int(2) NOT NULL DEFAULT '0' COMMENT '10-chunks, 20-docs, 30-plugins, 40-snips, 50-tpls, 60-tvs',
  PRIMARY KEY (`id`)
) ENGINE=MyISAM /*!40101 DEFAULT CHARSET=utf8 */ COMMENT='Module Dependencies';

DROP TABLE IF EXISTS `modx_site_modules`;
CREATE TABLE `modx_site_modules` (
  `id` int(11) NOT NULL AUTO_INCREMENT,
  `name` varchar(50) NOT NULL DEFAULT '',
  `description` varchar(255) NOT NULL DEFAULT '0',
  `editor_type` int(11) NOT NULL DEFAULT '0' COMMENT '0-plain text,1-rich text,2-code editor',
  `disabled` tinyint(4) NOT NULL DEFAULT '0',
  `category` int(11) NOT NULL DEFAULT '0' COMMENT 'category id',
  `wrap` tinyint(4) NOT NULL DEFAULT '0',
  `locked` tinyint(4) NOT NULL DEFAULT '0',
  `icon` varchar(255) NOT NULL DEFAULT '' COMMENT 'url to module icon',
  `enable_resource` tinyint(4) NOT NULL DEFAULT '0' COMMENT 'enables the resource file feature',
  `resourcefile` varchar(255) NOT NULL DEFAULT '' COMMENT 'a physical link to a resource file',
  `createdon` int(11) NOT NULL DEFAULT '0',
  `editedon` int(11) NOT NULL DEFAULT '0',
  `guid` varchar(32) NOT NULL DEFAULT '' COMMENT 'globally unique identifier',
  `enable_sharedparams` tinyint(4) NOT NULL DEFAULT '0',
  `properties` text,
  `modulecode` mediumtext COMMENT 'module boot up code',
  PRIMARY KEY (`id`)
) ENGINE=MyISAM AUTO_INCREMENT=2 /*!40101 DEFAULT CHARSET=utf8 */ COMMENT='Site Modules';

INSERT INTO `modx_site_modules` VALUES
(1, 'Doc Manager', '<strong>1.1</strong> Quickly perform bulk updates to the Documents in your site including templates, publishing details, and permissions', 0, 0, 4, 0, 0, '', 0, '', 0, 0, 'docman435243542tf542t5t', 1, '', 'include_once(MODX_BASE_PATH.\'assets/modules/docmanager/classes/docmanager.class.php\');\ninclude_once(MODX_BASE_PATH.\'assets/modules/docmanager/classes/dm_frontend.class.php\');\ninclude_once(MODX_BASE_PATH.\'assets/modules/docmanager/classes/dm_backend.class.php\');\n\n$dm = new DocManager($modx);\n$dmf = new DocManagerFrontend($dm, $modx);\n$dmb = new DocManagerBackend($dm, $modx);\n\n$dm->ph = $dm->getLang();\n$dm->ph[\'theme\'] = $dm->getTheme();\n$dm->ph[\'ajax.endpoint\'] = MODX_SITE_URL.\'assets/modules/docmanager/tv.ajax.php\';\n$dm->ph[\'datepicker.offset\'] = $modx->config[\'datepicker_offset\'];\n$dm->ph[\'datetime.format\'] = $modx->config[\'datetime_format\'];\n\nif (isset($_POST[\'tabAction\'])) {\n    $dmb->handlePostback();\n} else {\n    $dmf->getViews();\n    echo $dm->parseTemplate(\'main.tpl\', $dm->ph);\n}');

DROP TABLE IF EXISTS `modx_site_plugin_events`;
CREATE TABLE `modx_site_plugin_events` (
  `pluginid` int(10) NOT NULL,
  `evtid` int(10) NOT NULL DEFAULT '0',
  `priority` int(10) NOT NULL DEFAULT '0' COMMENT 'determines plugin run order',
  PRIMARY KEY (`pluginid`,`evtid`)
) ENGINE=MyISAM /*!40101 DEFAULT CHARSET=utf8 */ COMMENT='Links to system events';

INSERT INTO `modx_site_plugin_events` VALUES
(1, 23, 0),
(1, 29, 0),
(1, 35, 0),
(1, 41, 0),
(1, 47, 0),
(1, 73, 0),
(2, 34, 0),
(2, 35, 0),
(2, 36, 0),
(2, 40, 0),
(2, 41, 0),
(2, 42, 0),
(3, 80, 0),
(3, 81, 0),
(3, 93, 0),
(4, 28, 0),
(4, 29, 0),
(4, 53, 0),
(5, 3, 0),
(5, 13, 0),
(5, 28, 0),
(5, 31, 0),
(5, 92, 0),
(6, 3, 0),
(7, 85, 0),
(7, 87, 0),
(7, 88, 0),
(8, 100, 0),
(9, 92, 1);

DROP TABLE IF EXISTS `modx_site_plugins`;
CREATE TABLE `modx_site_plugins` (
  `id` int(10) NOT NULL AUTO_INCREMENT,
  `name` varchar(50) NOT NULL DEFAULT '',
  `description` varchar(255) NOT NULL DEFAULT 'Plugin',
  `editor_type` int(11) NOT NULL DEFAULT '0' COMMENT '0-plain text,1-rich text,2-code editor',
  `category` int(11) NOT NULL DEFAULT '0' COMMENT 'category id',
  `cache_type` tinyint(1) NOT NULL DEFAULT '0' COMMENT 'Cache option',
  `plugincode` mediumtext,
  `locked` tinyint(4) NOT NULL DEFAULT '0',
  `properties` text COMMENT 'Default Properties',
  `disabled` tinyint(4) NOT NULL DEFAULT '0' COMMENT 'Disables the plugin',
  `moduleguid` varchar(32) NOT NULL DEFAULT '' COMMENT 'GUID of module from which to import shared parameters',
  PRIMARY KEY (`id`)
) ENGINE=MyISAM AUTO_INCREMENT=10 /*!40101 DEFAULT CHARSET=utf8 */ COMMENT='Contains the site plugins.';

INSERT INTO `modx_site_plugins` VALUES
(1, 'CodeMirror', '<strong>1.2b</strong> JavaScript library that can be used to create a relatively pleasant editor interface based on CodeMirrir 3.13', 0, 4, 0, '$_CM_BASE = \'assets/plugins/codemirror/\';\r\n\r\n$_CM_URL = $modx->config[\'site_url\'] . $_CM_BASE;\r\n\r\nrequire(MODX_BASE_PATH. $_CM_BASE .\'codemirror.plugin.php\');\r\n\r\n', 0, '&theme=Theme;list;default,ambiance,blackboard,cobalt,eclipse,elegant,erlang-dark,lesser-dark,midnight,monokai,neat,night,rubyblue,solarized,twilight,vibrant-ink,xq-dark,xq-light; &indentUnit=Indent unit;int;4 &tabSize=The width of a tab character;int;4 &lineWrapping=lineWrapping;list;true,false;true &matchBrackets=matchBrackets;list;true,false;false &activeLine=activeLine;list;true,false;false &emmet=emmet;list;true,false;true &search=search;list;true,false;true', 0, ''),
(2, 'FileSource', '<strong>0.1</strong> Save snippet and plugins to file', 0, 4, 0, 'require MODX_BASE_PATH.\'assets/plugins/filesource/plugin.filesource.php\';', 0, '', 0, ''),
(3, 'Forgot Manager Login', '<strong>1.1.6</strong> Resets your manager login when you forget your password via email confirmation', 0, 4, 0, 'require MODX_BASE_PATH.\'assets/plugins/forgotmanagerlogin/plugin.forgotmanagerlogin.php\';', 0, '', 0, ''),
(4, 'ManagerManager', '<strong>0.3.11</strong> Customize the MODx Manager to offer bespoke admin functions for end users.', 0, 4, 0, '$js_default_url_local = $modx->config[\'site_url\']. \'/assets/js/jquery.min.js\';\n$js_default_url_remote = \'http://ajax.googleapis.com/ajax/libs/jquery/1.8/jquery.min.js\';\n$asset_path = $modx->config[\'base_path\'] . \'assets/plugins/managermanager/mm.inc.php\';\ninclude($asset_path);\n', 0, '&config_chunk=Configuration Chunk;text;mm_rules; &remove_deprecated_tv_types_pref=Remove deprecated TV types;list;yes,no;yes &which_jquery=jQuery source;list;local (assets/js),remote (google code),manual url (specify below);local (assets/js) &js_src_type=jQuery URL override;text;', 0, ''),
(5, 'Quick Manager+', '<strong>1.5.6</strong> Enables QuickManager+ front end content editing support', 0, 4, 0, '// In manager\nif (isset($_SESSION[\'mgrValidated\'])) {\n\n    $show = TRUE;\n\n    if ($disabled  != \'\') {\n        $arr = explode(\",\", $disabled );\n        if (in_array($modx->documentIdentifier, $arr)) {\n            $show = FALSE;\n        }\n    }\n\n    if ($show) {\n        // Replace [*#tv*] with QM+ edit TV button placeholders\n        if ($tvbuttons == \'true\') {\n            $e = $modx->Event;\n            if ($e->name == \'OnParseDocument\') {\n                 $output = &$modx->documentOutput;\n                 $output = preg_replace(\'~\\[\\*#(.*?)\\*\\]~\', \'<!-- \'.$tvbclass.\' $1 -->[*$1*]\', $output);\n                 $modx->documentOutput = $output;\n             }\n         }\n        // In manager\n        if (isset($_SESSION[\'mgrValidated\'])) {\n            include_once($modx->config[\'base_path\'].\'assets/plugins/qm/qm.inc.php\');\n            $qm = new Qm($modx, $jqpath, $loadmanagerjq, $loadfrontendjq, $noconflictjq, $loadtb, $tbwidth, $tbheight, $hidefields, $hidetabs, $hidesections, $addbutton, $tpltype, $tplid, $custombutton, $managerbutton, $logout, $autohide, $editbuttons, $editbclass, $newbuttons, $newbclass, $tvbuttons, $tvbclass);\n        }\n    }\n}', 0, '&jqpath=Path to jQuery;text;assets/js/jquery.min.js &loadmanagerjq=Load jQuery in manager;list;true,false;false &loadfrontendjq=Load jQuery in front-end;list;true,false;true &noconflictjq=jQuery noConflict mode in front-end;list;true,false;true &loadtb=Load modal box in front-end;list;true,false;true &tbwidth=Modal box window width;text;80% &tbheight=Modal box window height;text;90% &hidefields=Hide document fields from front-end editors;text;parent &hidetabs=Hide document tabs from front-end editors;text; &hidesections=Hide document sections from front-end editors;text; &addbutton=Show add document here button;list;true,false;true &tpltype=New document template type;list;parent,id,selected;parent &tplid=New document template id;int;3 &custombutton=Custom buttons;textarea; &1=undefined;; &managerbutton=Show go to manager button;list;true,false;true &logout=Logout to;list;manager,front-end;manager &disabled=Plugin disabled on documents;text; &autohide=Autohide toolbar;list;true,false;true &editbuttons=Inline edit buttons;list;true,false;false &editbclass=Edit button CSS class;text;qm-edit &newbuttons=Inline new resource buttons;list;true,false;false &newbclass=New resource button CSS class;text;qm-new &tvbuttons=Inline template variable buttons;list;true,false;false &tvbclass=Template variable button CSS class;text;qm-tv', 1, ''),
(6, 'Search Highlight', '<strong>1.5</strong> Used with AjaxSearch to show search terms highlighted on page linked from search results', 0, 5, 0, '/*\n  ------------------------------------------------------------------------\n  Plugin: Search_Highlight v1.5\n  ------------------------------------------------------------------------\n  Changes:\n  18/03/10 - Remove possibility of XSS attempts being passed in the URL\n           - look-behind assertion improved\n  29/03/09 - Removed urldecode calls;\n           - Added check for magic quotes - if set, remove slashes\n           - Highlights terms searched for when target is a HTML entity\n  18/07/08 - advSearch parameter and pcre modifier added\n  10/02/08 - Strip_tags added to avoid sql injection and XSS. Use of $_REQUEST\n  01/03/07 - Added fies/updates from forum from users mikkelwe/identity\n  (better highlight replacement, additional div around term/removal message)\n  ------------------------------------------------------------------------\n  Description: When a user clicks on the link from the AjaxSearch results\n    the target page will have the terms highlighted.\n  ------------------------------------------------------------------------\n  Created By:  Susan Ottwell (sottwell@sottwell.com)\n               Kyle Jaebker (kjaebker@muddydogpaws.com)\n\n  Refactored by Coroico (www.evo.wangba.fr) and TS\n  ------------------------------------------------------------------------\n  Based off the the code by Susan Ottwell (www.sottwell.com)\n    http://modxcms.com/forums/index.php/topic,1237.0.html\n  ------------------------------------------------------------------------\n  CSS:\n    The classes used for the highlighting are the same as the AjaxSearch\n  ------------------------------------------------------------------------\n  Notes:\n    To add a link to remove the highlighting and to show the searchterms\n    put the following on your page where you would like this to appear:\n\n      <!--search_terms-->\n\n    Example output for this:\n\n      Search Terms: the, template\n      Remove Highlighting\n\n    Set the following variables to change the text:\n\n      $termText - the text before the search terms\n      $removeText - the text for the remove link\n  ------------------------------------------------------------------------\n*/\nglobal $database_connection_charset;\n// Conversion code name between html page character encoding and Mysql character encoding\n// Some others conversions should be added if needed. Otherwise Page charset = Database charset\n$pageCharset = array(\n  \'utf8\' => \'UTF-8\',\n  \'latin1\' => \'ISO-8859-1\',\n  \'latin2\' => \'ISO-8859-2\'\n);\n\nif (isset($_REQUEST[\'searched\']) && isset($_REQUEST[\'highlight\'])) {\n\n  // Set these to customize the text for the highlighting key\n  // --------------------------------------------------------\n     $termText = \'<div class=\"searchTerms\">Search Terms: \';\n     $removeText = \'Remove Highlighting\';\n  // --------------------------------------------------------\n\n  $highlightText = $termText;\n  $advsearch = \'oneword\';\n\n  $dbCharset = $database_connection_charset;\n  $pgCharset = array_key_exists($dbCharset,$pageCharset) ? $pageCharset[$dbCharset] : $dbCharset;\n\n  // magic quotes check\n  if (get_magic_quotes_gpc()){\n    $searched = strip_tags(stripslashes($_REQUEST[\'searched\']));\n    $highlight = strip_tags(stripslashes($_REQUEST[\'highlight\']));\n    if (isset($_REQUEST[\'advsearch\'])) $advsearch = strip_tags(stripslashes($_REQUEST[\'advsearch\']));\n  }\n  else {\n    $searched = strip_tags($_REQUEST[\'searched\']);\n    $highlight = strip_tags($_REQUEST[\'highlight\']);\n    if (isset($_REQUEST[\'advsearch\'])) $advsearch = strip_tags($_REQUEST[\'advsearch\']);\n  }\n\n  if ($advsearch != \'nowords\') {\n\n    $searchArray = array();\n    if ($advsearch == \'exactphrase\') $searchArray[0] = $searched;\n    else $searchArray = explode(\' \', $searched);\n\n    $searchArray = array_unique($searchArray);\n    $nbterms = count($searchArray);\n    $searchTerms = array();\n    for($i=0;$i<$nbterms;$i++){\n      // Consider all possible combinations\n      $word_ents = array();\n      $word_ents[] = $searchArray[$i];\n      $word_ents[] = htmlentities($searchArray[$i], ENT_NOQUOTES, $pgCharset);\n      $word_ents[] = htmlentities($searchArray[$i], ENT_COMPAT, $pgCharset);\n      $word_ents[] = htmlentities($searchArray[$i], ENT_QUOTES, $pgCharset);\n      // Avoid duplication\n      $word_ents = array_unique($word_ents);\n      foreach($word_ents as $word) $searchTerms[]= array(\'term\' => $word, \'class\' => $i+1);\n    }\n\n    $output = $modx->documentOutput; // get the parsed document\n    $body = explode(\"<body\", $output); // break out the head\n\n    $highlightClass = explode(\' \',$highlight); // break out the highlight classes\n    /* remove possibility of XSS attempts being passed in URL */\n    foreach ($highlightClass as $key => $value) {\n       $highlightClass[$key] = preg_match(\'/[^A-Za-z0-9_-]/ms\', $value) == 1 ? \'\' : $value;\n    }\n\n    $pcreModifier = ($pgCharset == \'UTF-8\') ? \'iu\' : \'i\';\n    $lookBehind = \'/(?<!&|&[\\w#]|&[\\w#]\\w|&[\\w#]\\w\\w|&[\\w#]\\w\\w\\w|&[\\w#]\\w\\w\\w\\w|&[\\w#]\\w\\w\\w\\w\\w)\';  // avoid a match with a html entity\n    $lookAhead = \'(?=[^>]*<)/\'; // avoid a match with a html tag\n\n    $nbterms = count($searchTerms);\n    for($i=0;$i<$nbterms;$i++){\n      $word = $searchTerms[$i][\'term\'];\n      $class = $highlightClass[0].\' \'.$highlightClass[$searchTerms[$i][\'class\']];\n\n      $highlightText .= ($i > 0) ? \', \' : \'\';\n      $highlightText .= \'<span class=\"\'.$class.\'\">\'.$word.\'</span>\';\n\n      $pattern = $lookBehind . preg_quote($word, \'/\') . $lookAhead . $pcreModifier;\n      $replacement = \'<span class=\"\' . $class . \'\">${0}</span>\';\n      $body[1] = preg_replace($pattern, $replacement, $body[1]);\n    }\n\n    $output = implode(\"<body\", $body);\n\n    $removeUrl = $modx->makeUrl($modx->documentIdentifier);\n    $highlightText .= \'<br /><a href=\"\'.$removeUrl.\'\" class=\"ajaxSearch_removeHighlight\">\'.$removeText.\'</a></div>\';\n\n    $output = str_replace(\'<!--search_terms-->\',$highlightText,$output);\n    $modx->documentOutput = $output;\n  }\n}', 0, '', 1, ''),
(7, 'TinyMCE Rich Text Editor', '<strong>3.5.8</strong> Javascript WYSIWYG Editor', 0, 4, 0, 'require MODX_BASE_PATH.\'assets/plugins/tinymce/plugin.tinymce.php\';\n', 0, '&customparams=Custom Parameters;textarea;valid_elements : \"*[*]\", &mce_formats=Block Formats;text;p,h1,h2,h3,h4,h5,h6,div,blockquote,code,pre &entity_encoding=Entity Encoding;list;named,numeric,raw;named &entities=Entities;text; &mce_path_options=Path Options;list;Site config,Absolute path,Root relative,URL,No convert;Site config &mce_resizing=Advanced Resizing;list;true,false;true &disabledButtons=Disabled Buttons;text; &link_list=Link List;list;enabled,disabled;enabled &webtheme=Web Theme;list;simple,editor,creative,custom;simple &webPlugins=Web Plugins;text;style,advimage,advlink,searchreplace,contextmenu,paste,fullscreen,xhtmlxtras,media &webButtons1=Web Buttons 1;text;undo,redo,selectall,|,pastetext,pasteword,|,search,replace,|,hr,charmap,|,image,link,unlink,anchor,media,|,cleanup,removeformat,|,fullscreen,code,help &webButtons2=Web Buttons 2;text;bold,italic,underline,strikethrough,sub,sup,|,|,blockquote,bullist,numlist,outdent,indent,|,justifyleft,justifycenter,justifyright,justifyfull,|,styleselect,formatselect,|,styleprops &webButtons3=Web Buttons 3;text; &webButtons4=Web Buttons 4;text; &webAlign=Web Toolbar Alignment;list;ltr,rtl;ltr &width=Width;text;95% &height=Height;text;500', 0, ''),
(8, 'TransAlias', '<strong>1.0.2</strong> Human readible URL translation supporting multiple languages and overrides', 0, 4, 0, 'require MODX_BASE_PATH.\'assets/plugins/transalias/plugin.transalias.php\';', 0, '&table_name=Trans table;list;common,russian,dutch,german,czech,utf8,utf8lowercase;russian &char_restrict=Restrict alias to;list;lowercase alphanumeric,alphanumeric,legal characters;legal characters &remove_periods=Remove Periods;list;Yes,No;Yes &word_separator=Word Separator;list;dash,underscore,none;dash &override_tv=Override TV name;string;', 0, ' '),
(9, 'PHx', '', 0, 0, 0, '//<?php\r\n/**\r\n * phx \r\n * \r\n * (Placeholders Xtended) Adds the capability of output modifiers when using placeholders, template variables and settings tags\r\n *\r\n * @category    plugin\r\n * @version     2.2.0\r\n * @author      Armand \"bS\" Pondman (apondman@zerobarrier.nl)\r\n * @internal    @properties &phxdebug=Log events;int;0 &phxmaxpass=Max. Passes;int;50\r\n * @internal    @events OnParseDocument\r\n * @internal    @modx_category Manager and Admin\r\n */\r\n\r\ninclude_once $modx->config[\'rb_base_dir\'] . \"plugins/phx/phx.parser.class.inc.php\";\r\n\r\n$e = &$modx->Event;\r\n\r\n$PHx = new PHxParser($phxdebug,$phxmaxpass);\r\n\r\nswitch($e->name) {\r\n	case \'OnParseDocument\':\r\n		$PHx->OnParseDocument();\r\n		break;\r\n\r\n}', 0, '', 0, ' ');

DROP TABLE IF EXISTS `modx_site_snippets`;
CREATE TABLE `modx_site_snippets` (
  `id` int(10) NOT NULL AUTO_INCREMENT,
  `name` varchar(50) NOT NULL DEFAULT '',
  `description` varchar(255) NOT NULL DEFAULT 'Snippet',
  `editor_type` int(11) NOT NULL DEFAULT '0' COMMENT '0-plain text,1-rich text,2-code editor',
  `category` int(11) NOT NULL DEFAULT '0' COMMENT 'category id',
  `cache_type` tinyint(1) NOT NULL DEFAULT '0' COMMENT 'Cache option',
  `snippet` mediumtext,
  `locked` tinyint(4) NOT NULL DEFAULT '0',
  `properties` text COMMENT 'Default Properties',
  `moduleguid` varchar(32) NOT NULL DEFAULT '' COMMENT 'GUID of module from which to import shared parameters',
  PRIMARY KEY (`id`)
) ENGINE=MyISAM AUTO_INCREMENT=19 /*!40101 DEFAULT CHARSET=utf8 */ COMMENT='Contains the site snippets.';

INSERT INTO `modx_site_snippets` VALUES
(1, 'AjaxSearch', '<strong>1.9.3b</strong> Ajax and non-Ajax search that supports results highlighting', 0, 5, 0, 'return require MODX_BASE_PATH.\'assets/snippets/ajaxSearch/snippet.ajaxSearch.php\';', 0, '', ''),
(2, 'Breadcrumbs', '<strong>1.0.3</strong> Configurable breadcrumb page-trail navigation', 0, 6, 0, 'return require MODX_BASE_PATH.\'assets/snippets/breadcrumbs/snippet.breadcrumbs.php\';', 0, '', ''),
(3, 'Ditto', '<strong>2.1.1</strong> Summarizes and lists pages to create blogs, catalogs, PR archives, bio listings and more', 0, 7, 0, 'return require MODX_BASE_PATH.\'assets/snippets/ditto/snippet.ditto.php\';', 0, '', ''),
(4, 'eForm', '<strong>1.4.4.7</strong> Robust form parser/processor with validation, multiple sending options, chunk/page support for forms and reports, and file uploads', 0, 8, 0, 'return require MODX_BASE_PATH.\'assets/snippets/eform/snippet.eform.php\';', 0, '', ''),
(5, 'FirstChildRedirect', '<strong>1.0</strong> Automatically redirects to the first child of a Container Resource', 0, 6, 0, 'return require MODX_BASE_PATH.\'assets/snippets/firstchildredirect/snippet.firstchildredirect.php\';', 0, '', ''),
(6, 'if', '<strong>1.2</strong> A simple conditional snippet. Allows for eq/neq/lt/gt/etc logic within templates, resources, chunks, etc.', 0, 6, 0, 'return require MODX_BASE_PATH.\'assets/snippets/if/snippet.if.php\';', 0, '', ''),
(7, 'Jot', '<strong>1.1.4</strong> User comments with moderation and email subscription', 0, 7, 0, '/*####\n#\n# Author: Armand \"bS\" Pondman (apondman@zerobarrier.nl)\n#\n# Latest Version: http://modxcms.com/Jot-998.html\n# Jot Demo Site: http://projects.zerobarrier.nl/modx/\n# Documentation: http://wiki.modxcms.com/index.php/Jot (wiki)\n#\n####*/\n\n$jotPath = $modx->config[\'base_path\'] . \'assets/snippets/jot/\';\ninclude_once($jotPath.\'jot.class.inc.php\');\n\n$Jot = new CJot;\n$Jot->VersionCheck(\"1.1.4\");\n$Jot->Set(\"path\",$jotPath);\n$Jot->Set(\"action\", $action);\n$Jot->Set(\"postdelay\", $postdelay);\n$Jot->Set(\"docid\", $docid);\n$Jot->Set(\"tagid\", $tagid);\n$Jot->Set(\"subscribe\", $subscribe);\n$Jot->Set(\"moderated\", $moderated);\n$Jot->Set(\"captcha\", $captcha);\n$Jot->Set(\"badwords\", $badwords);\n$Jot->Set(\"bw\", $bw);\n$Jot->Set(\"sortby\", $sortby);\n$Jot->Set(\"numdir\", $numdir);\n$Jot->Set(\"customfields\", $customfields);\n$Jot->Set(\"guestname\", $guestname);\n$Jot->Set(\"canpost\", $canpost);\n$Jot->Set(\"canview\", $canview);\n$Jot->Set(\"canedit\", $canedit);\n$Jot->Set(\"canmoderate\", $canmoderate);\n$Jot->Set(\"trusted\", $trusted);\n$Jot->Set(\"pagination\", $pagination);\n$Jot->Set(\"placeholders\", $placeholders);\n$Jot->Set(\"subjectSubscribe\", $subjectSubscribe);\n$Jot->Set(\"subjectModerate\", $subjectModerate);\n$Jot->Set(\"subjectAuthor\", $subjectAuthor);\n$Jot->Set(\"notify\", $notify);\n$Jot->Set(\"notifyAuthor\", $notifyAuthor);\n$Jot->Set(\"validate\", $validate);\n$Jot->Set(\"title\", $title);\n$Jot->Set(\"authorid\", $authorid);\n$Jot->Set(\"css\", $css);\n$Jot->Set(\"cssFile\", $cssFile);\n$Jot->Set(\"cssRowAlt\", $cssRowAlt);\n$Jot->Set(\"cssRowMe\", $cssRowMe);\n$Jot->Set(\"cssRowAuthor\", $cssRowAuthor);\n$Jot->Set(\"tplForm\", $tplForm);\n$Jot->Set(\"tplComments\", $tplComments);\n$Jot->Set(\"tplModerate\", $tplModerate);\n$Jot->Set(\"tplNav\", $tplNav);\n$Jot->Set(\"tplNotify\", $tplNotify);\n$Jot->Set(\"tplNotifyModerator\", $tplNotifyModerator);\n$Jot->Set(\"tplNotifyAuthor\", $tplNotifyAuthor);\n$Jot->Set(\"tplSubscribe\", $tplSubscribe);\n$Jot->Set(\"debug\", $debug);\n$Jot->Set(\"output\", $output);\nreturn $Jot->Run();', 0, '', ''),
(8, 'ListIndexer', '<strong>1.0.1</strong> A flexible way to show the most recent Resources and other Resource lists', 0, 6, 0, 'return require MODX_BASE_PATH.\'assets/snippets/listindexer/snippet.listindexer.php\';', 0, '', ''),
(9, 'MemberCheck', '<strong>1.1</strong> Show chunks based on a logged in Web User\'s group membership', 0, 3, 0, 'return require MODX_BASE_PATH.\'assets/snippets/membercheck/snippet.membercheck.php\';', 0, '', ''),
(10, 'Personalize', '<strong>2.1</strong> Personalize snippet', 0, 3, 0, 'return require MODX_BASE_PATH.\'assets/snippets/personalize/snippet.personalize.php\';', 0, '', ''),
(11, 'phpthumb', '<strong>1.1</strong> PHPThumb creates thumbnails and altered images on the fly and caches them', 0, 7, 0, 'return require MODX_BASE_PATH.\'assets/snippets/phpthumb/snippet.phpthumb.php\';\r\n', 0, '', ''),
(12, 'Reflect', '<strong>2.1.0</strong> Generates date-based archives using Ditto', 0, 7, 0, '/*\n * Author: \n *      Mark Kaplan for MODx CMF\n * \n * Note: \n *      If Reflect is not retrieving its own documents, make sure that the\n *          Ditto call feeding it has all of the fields in it that you plan on\n *       calling in your Reflect template. Furthermore, Reflect will ONLY\n *          show what is currently in the Ditto result set.\n *       Thus, if pagination is on it will ONLY show that page\'s items.\n*/\n \n\n// ---------------------------------------------------\n//  Includes\n// ---------------------------------------------------\n\n$reflect_base = isset($reflect_base) ? $modx->config[\'base_path\'].$reflect_base : $modx->config[\'base_path\'].\"assets/snippets/reflect/\";\n/*\n    Param: ditto_base\n    \n    Purpose:\n    Location of Ditto files\n\n    Options:\n    Any valid folder location containing the Ditto source code with a trailing slash\n\n    Default:\n    [(base_path)]assets/snippets/ditto/\n*/\n\n$config = (isset($config)) ? $config : \"default\";\n/*\n    Param: config\n\n    Purpose:\n    Load a custom configuration\n\n    Options:\n    \"default\" - default blank config file\n    CONFIG_NAME - Other configs installed in the configs folder or in any folder within the MODx base path via @FILE\n\n    Default:\n    \"default\"\n    \n    Related:\n    - <extenders>\n*/\n\nrequire($reflect_base.\"configs/default.config.php\");\nrequire($reflect_base.\"default.templates.php\");\nif ($config != \"default\") {\n    require((substr($config, 0, 5) != \"@FILE\") ? $reflect_base.\"configs/$config.config.php\" : $modx->config[\'base_path\'].trim(substr($config, 5)));\n}\n\n// ---------------------------------------------------\n//  Parameters\n// ---------------------------------------------------\n\n$id = isset($id) ? $id.\"_\" : false;\n/*\n    Param: id\n\n    Purpose:\n    Unique ID for this Ditto instance for connection with other scripts (like Reflect) and unique URL parameters\n\n    Options:\n    Any valid folder location containing the Ditto source code with a trailing slash\n\n    Default:\n    \"\" - blank\n*/\n$getDocuments = isset($getDocuments) ? $getDocuments : 0;\n/*\n    Param: getDocuments\n\n    Purpose:\n    Force Reflect to get documents\n\n    Options:\n    0 - off\n    1 - on\n    \n    Default:\n    0 - off\n*/\n$showItems = isset($showItems) ? $showItems : 1;\n/*\n    Param: showItems\n\n    Purpose:\n    Show individual items in the archive\n\n    Options:\n    0 - off\n    1 - on\n    \n    Default:\n    1 - on\n*/\n$groupByYears = isset($groupByYears)? $groupByYears : 1;\n/*\n    Param: groupByYears\n\n    Purpose:\n    Group the archive by years\n\n    Options:\n    0 - off\n    1 - on\n    \n    Default:\n    1 - on\n*/\n$targetID = isset($targetID) ? $targetID : $modx->documentObject[\'id\'];\n/*\n    Param: targetID\n\n    Purpose:\n    ID for archive links to point to\n\n    Options:\n    Any MODx document with a Ditto call setup with extenders=`dateFilter`\n    \n    Default:\n    Current MODx Document\n*/\n$dateSource = isset($dateSource) ? $dateSource : \"createdon\";\n/*\n    Param: dateSource\n\n    Purpose:\n    Date source to display for archive items\n\n    Options:\n    # - Any UNIX timestamp from MODx fields or TVs such as createdon, pub_date, or editedon\n    \n    Default:\n    \"createdon\"\n    \n    Related:\n    - <dateFormat>\n*/\n$dateFormat = isset($dateFormat) ? $dateFormat : \"%d-%b-%y %H:%M\";  \n/*\n    Param: dateFormat\n\n    Purpose:\n    Format the [+date+] placeholder in human readable form\n\n    Options:\n    Any PHP valid strftime option\n\n    Default:\n    \"%d-%b-%y %H:%M\"\n    \n    Related:\n    - <dateSource>\n*/\n$yearSortDir = isset($yearSortDir) ? $yearSortDir : \"DESC\";\n/*\n    Param: yearSortDir\n\n    Purpose:\n    Direction to sort documents\n\n    Options:\n    ASC - ascending\n    DESC - descending\n\n    Default:\n    \"DESC\"\n    \n    Related:\n    - <monthSortDir>\n*/\n$monthSortDir = isset($monthSortDir) ? $monthSortDir : \"ASC\";\n/*\n    Param: monthSortDir\n\n    Purpose:\n    Direction to sort the months\n\n    Options:\n    ASC - ascending\n    DESC - descending\n\n    Default:\n    \"ASC\"\n    \n    Related:\n    - <yearSortDir>\n*/\n$start = isset($start)? intval($start) : 0;\n/*\n    Param: start\n\n    Purpose:\n    Number of documents to skip in the results\n    \n    Options:\n    Any number\n\n    Default:\n    0\n*/  \n$phx = (isset($phx))? $phx : 1;\n/*\n    Param: phx\n\n    Purpose:\n    Use PHx formatting\n\n    Options:\n    0 - off\n    1 - on\n    \n    Default:\n    1 - on\n*/\n\n// ---------------------------------------------------\n//  Initialize Ditto\n// ---------------------------------------------------\n$placeholder = ($id != false && $getDocuments == 0) ? true : false;\nif ($placeholder === false) {\n    $rID = \"reflect_\".rand(1,1000);\n    $itemTemplate = isset($tplItem) ? $tplItem: \"@CODE:\".$defaultTemplates[\'item\'];\n    $dParams = array(\n        \"id\" => \"$rID\",\n        \"save\" => \"3\",  \n        \"summarize\" => \"all\",\n        \"tpl\" => $itemTemplate,\n    );\n    \n    $source = $dittoSnippetName;\n    $params = $dittoSnippetParameters;\n        // TODO: Remove after 3.0\n        \n    if (isset($params)) {\n        $givenParams = explode(\"|\",$params);\n        foreach ($givenParams as $parameter) {\n            $p = explode(\":\",$parameter);\n            $dParams[$p[0]] = $p[1];\n        }\n    }\n    /*\n        Param: params\n\n        Purpose:\n        Pass parameters to the Ditto instance used to retreive the documents\n\n        Options:\n        Any valid ditto parameters in the format name:value \n        with multiple parameters separated by a pipe (|)\n        \n        Note:\n        This parameter is only needed for config, start, and phx as you can\n        now simply use the parameter as if Reflect was Ditto\n\n        Default:\n        [NULL]\n    */\n    \n    $reflectParameters = array(\'reflect_base\',\'config\',\'id\',\'getDocuments\',\'showItems\',\'groupByYears\',\'targetID\',\'yearSortDir\',\'monthSortDir\',\'start\',\'phx\',\'tplContainer\',\'tplYear\',\'tplMonth\',\'tplMonthInner\',\'tplItem\',\'save\');\n    $params =& $modx->event->params;\n    if(is_array($params)) {\n        foreach ($params as $param=>$value) {\n            if (!in_array($param,$reflectParameters) && substr($param,-3) != \'tpl\') {\n                $dParams[$param] = $value;\n            }\n        }\n    }\n\n    $source = isset($source) ? $source : \"Ditto\";\n    /*\n        Param: source\n\n        Purpose:\n        Name of the Ditto snippet to use\n\n        Options:\n        Any valid snippet name\n\n        Default:\n        \"Ditto\"\n    */\n    $snippetOutput = $modx->runSnippet($source,$dParams);\n    $ditto = $modx->getPlaceholder($rID.\"_ditto_object\");\n    $resource = $modx->getPlaceholder($rID.\"_ditto_resource\");\n} else {\n    $ditto = $modx->getPlaceholder($id.\"ditto_object\");\n    $resource = $modx->getPlaceholder($id.\"ditto_resource\");\n}\nif (!is_object($ditto) || !isset($ditto) || !isset($resource)) {\n    return !empty($snippetOutput) ? $snippetOutput : \"The Ditto object is invalid. Please check it.\";\n}\n\n// ---------------------------------------------------\n//  Templates\n// ---------------------------------------------------\n\n$templates[\'tpl\'] = isset($tplContainer) ? $ditto->template->fetch($tplContainer): $defaultTemplates[\'tpl\'];\n/*\n    Param: tplContainer\n\n    Purpose:\n    Container template for the archive\n\n    Options:\n    - Any valid chunk name\n    - Code via @CODE:\n    - File via @FILE:\n\n    Default:\n    See default.tempates.php\n*/\n$templates[\'year\'] = isset($tplYear) ? $ditto->template->fetch($tplYear): $defaultTemplates[\'year\'];\n/*\n    Param: tplYear\n\n    Purpose:\n    Template for the year item\n\n    Options:\n    - Any valid chunk name\n    - Code via @CODE:\n    - File via @FILE:\n\n    Default:\n    See default.tempates.php\n*/\n$templates[\'year_inner\'] = isset($tplYearInner) ? $ditto->template->fetch($tplYearInner): $defaultTemplates[\'year_inner\'];\n/*\n    Param: tplYearInner\n\n    Purpose:\n    Template for the year item (the ul to hold the year template)\n\n    Options:\n    - Any valid chunk name\n    - Code via @CODE:\n    - File via @FILE:\n\n    Default:\n    See default.tempates.php\n*/\n$templates[\'month\'] = isset($tplMonth) ? $ditto->template->fetch($tplMonth): $defaultTemplates[\'month\'];\n/*\n    Param: tplMonth\n\n    Purpose:\n    Template for the month item\n\n    Options:\n    - Any valid chunk name\n    - Code via @CODE:\n    - File via @FILE:\n\n    Default:\n    See default.tempates.php\n*/\n$templates[\'month_inner\'] = isset($tplMonthInner) ? $ditto->template->fetch($tplMonthInner): $defaultTemplates[\'month_inner\'];\n/*\n    Param: tplMonthInner\n\n    Purpose:\n    Template for the month item  (the ul to hold the month template)\n\n    Options:\n    - Any valid chunk name\n    - Code via @CODE:\n    - File via @FILE:\n\n    Default:\n    See default.tempates.php\n*/\n$templates[\'item\'] = isset($tplItem) ? $ditto->template->fetch($tplItem): $defaultTemplates[\'item\'];\n/*\n    Param: tplItem\n\n    Purpose:\n    Template for the individual item\n\n    Options:\n    - Any valid chunk name\n    - Code via @CODE:\n    - File via @FILE:\n\n    Default:\n    See default.tempates.php\n*/\n\n$ditto->addField(\"date\",\"display\",\"custom\");\n    // force add the date field if receiving data from a Ditto instance\n\n// ---------------------------------------------------\n//  Reflect\n// ---------------------------------------------------\n\nif (function_exists(\"reflect\") === FALSE) {\nfunction reflect($templatesDocumentID, $showItems, $groupByYears, $resource, $templatesDateSource, $dateFormat, $ditto, $templates,$id,$start,$yearSortDir,$monthSortDir) {\n    global $modx;\n    $cal = array();\n    $output = \'\';\n    $ph = array(\'year\'=>\'\',\'month\'=>\'\',\'item\'=>\'\',\'out\'=>\'\');\n    $build = array();\n    $stop = count($resource);\n\n    // loop and fetch all the results\n    for ($i = $start; $i < $stop; $i++) {\n        $date = getdate($resource[$i][$templatesDateSource]);\n        $year = $date[\"year\"];\n        $month = $date[\"mon\"];\n        $cal[$year][$month][] = $resource[$i];\n    }\n    if ($yearSortDir == \"DESC\") {\n        krsort($cal);\n    } else {\n        ksort($cal);\n    }\n    foreach ($cal as $year=>$months) {\n        if ($monthSortDir == \"ASC\") {\n            ksort($months);\n        } else {\n            krsort($months);\n        }\n        $build[$year] = $months;\n    }\n    \n    foreach ($build as $year=>$months) {\n        $r_year = \'\';\n        $r_month = \'\';\n        $r_month_2 = \'\';\n        $year_count = 0;\n        $items = array();\n        \n        foreach ($months as $mon=>$month) {\n            $month_text = strftime(\"%B\", mktime(10, 10, 10, $mon, 10, $year));\n            $month_url = $ditto->buildURL(\"month=\".$mon.\"&year=\".$year.\"&day=false&start=0\",$templatesDocumentID,$id);\n            $month_count = count($month);\n            $year_count += $month_count;\n            $r_month = $ditto->template->replace(array(\"year\"=>$year,\"month\"=>$month_text,\"url\"=>$month_url,\"count\"=>$month_count),$templates[\'month\']);\n            if ($showItems) {\n                foreach ($month as $item) {\n                    $items[$year][$mon][\'items\'][] = $ditto->render($item, $templates[\'item\'], false, $templatesDateSource, $dateFormat, array(),$phx);\n                }\n                $r_month_2 = $ditto->template->replace(array(\'wrapper\' => implode(\'\',$items[$year][$mon][\'items\'])),$templates[\'month_inner\']);\n                $items[$year][$mon] = $ditto->template->replace(array(\'wrapper\' => $r_month_2),$r_month);\n            } else {\n                $items[$year][$mon] = $r_month;\n            }\n        }\n        if ($groupByYears) {\n            $year_url = $ditto->buildURL(\"year=\".$year.\"&month=false&day=false&start=0\",$templatesDocumentID,$id);\n            $r_year =  $ditto->template->replace(array(\"year\"=>$year,\"url\"=>$year_url,\"count\"=>$year_count),$templates[\'year\']);\n            $var = $ditto->template->replace(array(\'wrapper\'=>implode(\'\',$items[$year])),$templates[\'year_inner\']);\n            $output .= $ditto->template->replace(array(\'wrapper\'=>$var),$r_year);\n        } else {\n            $output .= implode(\'\',$items[$year]);\n        }\n    }\n\n    $output = $ditto->template->replace(array(\'wrapper\'=>$output),$templates[\'tpl\']);\n    $modx->setPlaceholder($id.\'reset\',$ditto->buildURL(\'year=false&month=false&day=false\',$templatesDocumentID,$id));\n\nreturn $output;\n    \n}\n}\n\nreturn reflect($targetID, $showItems, $groupByYears, $resource, $dateSource, $dateFormat, $ditto, $templates,$id,$start,$yearSortDir,$monthSortDir);', 0, '', ''),
(13, 'UltimateParent', '<strong>2.0</strong> Travels up the document tree from a specified document and returns its \"ultimate\" non-root parent', 0, 6, 0, 'return require MODX_BASE_PATH.\'assets/snippets/ultimateparent/snippet.ultimateparent.php\';', 0, '', ''),
(14, 'Wayfinder', '<strong>2.0.1</strong> Completely template-driven and highly flexible menu builder', 0, 6, 0, 'return require MODX_BASE_PATH.\'assets/snippets/wayfinder/snippet.wayfinder.php\';', 0, '', ''),
(15, 'WebChangePwd', '<strong>1.0</strong> Allows Web User to change their password from the front-end of the website', 0, 3, 0, '# Created By Raymond Irving April, 2005\n#::::::::::::::::::::::::::::::::::::::::\n# Params:	\n#\n#	&tpl			- (Optional)\n#		Chunk name or document id to use as a template\n#				  \n#	Note: Templats design:\n#			section 1: change pwd template\n#			section 2: notification template \n#\n# Examples:\n#\n#	[[WebChangePwd? &tpl=`ChangePwd`]] \n\n# Set Snippet Paths \n$snipPath  = (($modx->insideManager())? \"../\":\"\");\n$snipPath .= \"assets/snippets/\";\n\n# check if inside manager\nif ($m = $modx->insideManager()) {\n	return \'\'; # don\'t go any further when inside manager\n}\n\n\n# Snippet customize settings\n$tpl		= isset($tpl)? $tpl:\"\";\n\n# System settings\n$isPostBack		= count($_POST) && isset($_POST[\'cmdwebchngpwd\']);\n\n# Start processing\ninclude_once $snipPath.\"weblogin/weblogin.common.inc.php\";\ninclude_once $snipPath.\"weblogin/webchangepwd.inc.php\";\n\n# Return\nreturn $output;\n\n\n\n', 0, '', ''),
(16, 'WebLogin', '<strong>1.1</strong> Allows webusers to login to protected pages in the website, supporting multiple user groups', 0, 3, 0, '# Created By Raymond Irving 2004\n#::::::::::::::::::::::::::::::::::::::::\n# Params:	\n#\n#	&loginhomeid 	- (Optional)\n#		redirects the user to first authorized page in the list.\n#		If no id was specified then the login home page id or \n#		the current document id will be used\n#\n#	&logouthomeid 	- (Optional)\n#		document id to load when user logs out	\n#\n#	&pwdreqid 	- (Optional)\n#		document id to load after the user has submited\n#		a request for a new password\n#\n#	&pwdactid 	- (Optional)\n#		document id to load when the after the user has activated\n#		their new password\n#\n#	&logintext		- (Optional) \n#		Text to be displayed inside login button (for built-in form)\n#\n#	&logouttext 	- (Optional)\n#		Text to be displayed inside logout link (for built-in form)\n#	\n#	&tpl			- (Optional)\n#		Chunk name or document id to as a template\n#				  \n#	Note: Templats design:\n#			section 1: login template\n#			section 2: logout template \n#			section 3: password reminder template \n#\n#			See weblogin.tpl for more information\n#\n# Examples:\n#\n#	[[WebLogin? &loginhomeid=`8` &logouthomeid=`1`]] \n#\n#	[[WebLogin? &loginhomeid=`8,18,7,5` &tpl=`Login`]] \n\n# Set Snippet Paths \n$snipPath = $modx->config[\'base_path\'] . \"assets/snippets/\";\n\n# check if inside manager\nif ($m = $modx->insideManager()) {\n	return \'\'; # don\'t go any further when inside manager\n}\n\n# deprecated params - only for backward compatibility\nif(isset($loginid)) $loginhomeid=$loginid;\nif(isset($logoutid)) $logouthomeid = $logoutid;\nif(isset($template)) $tpl = $template;\n\n# Snippet customize settings\n$liHomeId	= isset($loginhomeid)? explode(\",\",$loginhomeid):array($modx->config[\'login_home\'],$modx->documentIdentifier);\n$loHomeId	= isset($logouthomeid)? $logouthomeid:$modx->documentIdentifier;\n$pwdReqId	= isset($pwdreqid)? $pwdreqid:0;\n$pwdActId	= isset($pwdactid)? $pwdactid:0;\n$loginText	= isset($logintext)? $logintext:\'Login\';\n$logoutText	= isset($logouttext)? $logouttext:\'Logout\';\n$tpl		= isset($tpl)? $tpl:\"\";\n\n# System settings\n$webLoginMode = isset($_REQUEST[\'webloginmode\'])? $_REQUEST[\'webloginmode\']: \'\';\n$isLogOut		= $webLoginMode==\'lo\' ? 1:0;\n$isPWDActivate	= $webLoginMode==\'actp\' ? 1:0;\n$isPostBack		= count($_POST) && (isset($_POST[\'cmdweblogin\']) || isset($_POST[\'cmdweblogin_x\']));\n$txtPwdRem 		= isset($_REQUEST[\'txtpwdrem\'])? $_REQUEST[\'txtpwdrem\']: 0;\n$isPWDReminder	= $isPostBack && $txtPwdRem==\'1\' ? 1:0;\n\n$site_id = isset($site_id)? $site_id: \'\';\n$cookieKey = substr(md5($site_id.\"Web-User\"),0,15);\n\n# Start processing\ninclude_once $snipPath.\"weblogin/weblogin.common.inc.php\";\ninclude_once ($modx->config[\'site_manager_path\'] . \"includes/crypt.class.inc.php\");\n\nif ($isPWDActivate || $isPWDReminder || $isLogOut || $isPostBack) {\n	# include the logger class\n	include_once $modx->config[\'site_manager_path\'] . \"includes/log.class.inc.php\";\n	include_once $snipPath.\"weblogin/weblogin.processor.inc.php\";\n}\n\ninclude_once $snipPath.\"weblogin/weblogin.inc.php\";\n\n# Return\nreturn $output;\n', 0, '&loginhomeid=Login Home Id;string; &logouthomeid=Logout Home Id;string; &logintext=Login Button Text;string; &logouttext=Logout Button Text;string; &tpl=Template;string;', ''),
(17, 'WebSignup', '<strong>1.1</strong> Basic Web User account creation/signup system', 0, 3, 0, '# Created By Raymond Irving April, 2005\n#::::::::::::::::::::::::::::::::::::::::\n# Usage:     \n#    Allows a web user to signup for a new web account from the website\n#    This snippet provides a basic set of form fields for the signup form\n#    You can customize this snippet to create your own signup form\n#\n# Params:    \n#\n#    &tpl        - (Optional) Chunk name or document id to use as a template\n#    &groups     - Web users groups to be assigned to users\n#    &useCaptcha - (Optional) Determine to use (1) or not to use (0) captcha\n#                  on signup form - if not defined, will default to system\n#                  setting. GD is required for this feature. If GD is not \n#                  available, useCaptcha will automatically be set to false;\n#                  \n#    Note: Templats design:\n#        section 1: signup template\n#        section 2: notification template \n#\n# Examples:\n#\n#    [[WebSignup? &tpl=`SignupForm` &groups=`NewsReaders,WebUsers`]] \n\n# Set Snippet Paths \n$snipPath = $modx->config[\'base_path\'] . \"assets/snippets/\";\n\n# check if inside manager\nif ($m = $modx->insideManager()) {\n    return \'\'; # don\'t go any further when inside manager\n}\n\n\n# Snippet customize settings\n$tpl = isset($tpl)? $tpl:\"\";\n$useCaptcha = isset($useCaptcha)? $useCaptcha : $modx->config[\'use_captcha\'] ;\n// Override captcha if no GD\nif ($useCaptcha && !gd_info()) $useCaptcha = 0;\n\n# setup web groups\n$groups = isset($groups) ? explode(\',\',$groups):array();\nfor($i=0;$i<count($groups);$i++) $groups[$i] = trim($groups[$i]);\n\n# System settings\n$isPostBack        = count($_POST) && isset($_POST[\'cmdwebsignup\']);\n\n$output = \'\';\n\n# Start processing\ninclude_once $snipPath.\"weblogin/weblogin.common.inc.php\";\ninclude_once $snipPath.\"weblogin/websignup.inc.php\";\n\n# Return\nreturn $output;', 0, '&tpl=Template;string;', ''),
(18, 'ddYMap', '', 0, 0, 0, '\r\n/**\r\n * ddYMap.php\r\n * @version 1.1.1 (2013-10-02)\r\n *\r\n * @desc A snippet that allows Yandex.Maps to be rendered on a page in a simple way.\r\n * \r\n * @uses The snippet ddGetDocumentField 2.4 (if position getting from another field is required, see $geoPos).\r\n * \r\n * @note Attention! The jQuery library should be included on the page.\r\n * @note From the pair of field/getField parameters one is required.\r\n * \r\n * @param $geoPos {comma separated string} - Comma separated longitude and latitude. @required\r\n * @param $getField {string} - A field name with position that is required to be got.\r\n * @param $getId {integer} - Document ID with a field value needed to be received. Default: current document.\r\n * @param $mapElementId {string} - Container ID which the map is required to be embed in. Default: \'map\'.\r\n * @param $icon {string} - An icon to use (relative address). Default: without (default icon).\r\n * @param $iconOffset {comma separated string} - An offset of the icon in pixels (x, y).Basic position: the icon is horizontally centered with respect to x and its bottom position is y. Default: \'0,0\'.\r\n * @param $scrollZoom {0; 1} - Allow zoom while scrolling. Default: 0.\r\n * \r\n * @link http://code.divandesign.biz/modx/ddymap/1.1.1\r\n *\r\n * @copyright 2013, DivanDesign\r\n * http://www.DivanDesign.biz\r\n */\r\n\r\n//Если задано имя поля, которое необходимо получить\r\nif (isset($getField)){\r\n	$geoPos = $modx->runSnippet(\'ddGetDocumentField\', array(\r\n		\'id\' => $getId,\r\n		\'field\' => $getField\r\n	));\r\n}\r\n\r\n//Если координаты заданы и не пустые\r\nif (!empty($geoPos)){\r\n	$mapElementId = isset($mapElementId) ? $mapElementId : \'map\';\r\n	\r\n	//Подключаем библиотеку карт\r\n	$modx->regClientStartupScript(\'http://api-maps.yandex.ru/2.0-stable/?load=package.standard&amp;lang=ru-RU\', array(\'name\' => \'api-maps.yandex.ru\', \'version\' => \'2.0-stable\'));\r\n	//Подключаем $.ddYMap\r\n	$modx->regClientStartupScript(\'assets/js/jquery.ddYMap-1.0.min.js\', array(\'name\' => \'$.ddYMap\', \'version\' => \'1.0\'));\r\n	\r\n	//Инлайн-скрипт инициализации\r\n	$inlineScript = \'(function($){$(function(){$.ddYMap.init({elementId: \"\'.$mapElementId.\'\", latLng: new Array(\'.$geoPos.\')\';\r\n	\r\n	//Если иконка задана\r\n	if (!empty($icon)){\r\n		//путь иконки на сервере\r\n		$icon = ltrim($icon, \'/\');\r\n		\r\n		//Пытаемся открыть файл\r\n		$iconHandle = @fopen($icon, \'r\');\r\n		\r\n		if ($iconHandle){\r\n			//Получим её размеры\r\n			$iconSize = getimagesize($icon);\r\n			\r\n			//если смещение не задано сделаем над опорной точкой ценруя по ширине\r\n			$resultIconOffset = array($iconSize[0] / -2, $iconSize[1] * -1);\r\n			if (!empty($iconOffset)){\r\n				$iconOffset = explode(\',\', $iconOffset);\r\n				//если задано сделает относительно положения по умолчанию\r\n				$resultIconOffset[0] += $iconOffset[0];\r\n				$resultIconOffset[1] += $iconOffset[1];\r\n			}\r\n			//Позиционируем точку по центру иконки\r\n			$inlineScript .= \', placemarkOptions: {\r\n				iconImageHref: \"\'.$icon.\'\",\r\n				iconImageSize: [\'.$iconSize[0].\', \'.$iconSize[1].\'],\r\n				iconImageOffset: [\'.$resultIconOffset[0].\', \'.$resultIconOffset[1].\']\r\n			}\';\r\n			\r\n			fclose($iconHandle);\r\n		}\r\n	}\r\n	\r\n	//Если нужен скролл колесом мыши, упомянем об этом\r\n	if (isset($scrollZoom) && $scrollZoom == 1){$inlineScript .= \', scrollZoom: true\';}\r\n	\r\n	$inlineScript .= \'});});})(jQuery);\';\r\n	\r\n	//Подключаем инлайн-скрипт с инициализацией\r\n	$modx->regClientStartupScript(\'<script type=\"text/javascript\">\'.$inlineScript.\'</script>\', array(\'plaintext\' => true));\r\n}\r\n', 0, '', ' ');

DROP TABLE IF EXISTS `modx_site_templates`;
CREATE TABLE `modx_site_templates` (
  `id` int(10) NOT NULL AUTO_INCREMENT,
  `templatename` varchar(50) NOT NULL DEFAULT '',
  `description` varchar(255) NOT NULL DEFAULT 'Template',
  `editor_type` int(11) NOT NULL DEFAULT '0' COMMENT '0-plain text,1-rich text,2-code editor',
  `category` int(11) NOT NULL DEFAULT '0' COMMENT 'category id',
  `icon` varchar(255) NOT NULL DEFAULT '' COMMENT 'url to icon file',
  `template_type` int(11) NOT NULL DEFAULT '0' COMMENT '0-page,1-content',
  `content` mediumtext,
  `locked` tinyint(4) NOT NULL DEFAULT '0',
  PRIMARY KEY (`id`)
) ENGINE=MyISAM AUTO_INCREMENT=10 /*!40101 DEFAULT CHARSET=utf8 */ COMMENT='Contains the site templates.';

INSERT INTO `modx_site_templates` VALUES
(3, 'Minimal Template', 'Default minimal empty template (content returned only)', 0, 0, '', 0, '[*content*]', 0),
(4, 'MODxHost', '<strong>1.0</strong> Legacy MODx Host template including dropdown menu', 0, 1, '', 0, '<!DOCTYPE html PUBLIC \"-//W3C//DTD XHTML 1.0 Transitional//EN\" \"http://www.w3.org/TR/xhtml1/DTD/xhtml1-transitional.dtd\">\n<html xmlns=\"http://www.w3.org/1999/xhtml\">\n\n<head>\n  <title>[(site_name)] | [*pagetitle*]</title>\n  <meta http-equiv=\"Content-Type\" content=\"text/html; charset=[(modx_charset)]\" />\n  <base href=\"[(site_url)]\"></base>\n  <link rel=\"stylesheet\" href=\"assets/templates/modxhost/layout.css\" type=\"text/css\" media=\"screen\" />\n  <link rel=\"stylesheet\" href=\"assets/templates/modxhost/modxmenu.css\" type=\"text/css\" media=\"screen\" />\n  <link rel=\"stylesheet\" href=\"assets/templates/modxhost/form.css\" type=\"text/css\" media=\"screen\" />\n  <link rel=\"stylesheet\" href=\"assets/templates/modxhost/modx.css\" type=\"text/css\" media=\"screen\" />\n  <link rel=\"stylesheet\" href=\"assets/templates/modxhost/print.css\" type=\"text/css\" media=\"print\" />\n  <link rel=\"alternate\" type=\"application/rss+xml\" title=\"RSS 2.0\" href=\"[(site_url)][~11~]\" />\n  <script src=\"[(site_manager_url)]media/script/mootools/mootools.js\" type=\"text/javascript\"></script>\n  <script src=\"assets/templates/modxhost/drop_down_menu.js\" type=\"text/javascript\"></script>\n</head>\n<body>\n<div id=\"wrapper\">\n  <div id=\"minHeight\"></div>\n  <div id=\"outer\">\n    <div id=\"inner\">\n      <div id=\"right\">\n        <div id=\"right-inner\">\n          <h1 style=\"text-indent: -5000px;padding: 0px; margin:0px; font-size: 1px;\">[(site_name)]</h1>\n          <div id=\"sidebar\">\n            <h2>News:</h2>\n            [[Ditto? &parents=`2` &display=`2` &total=`20` &removeChunk=`Comments` &tpl=`nl_sidebar`]]\n            <div id=\"recentdocsctnr\">\n              <h2>Most Recent:</h2>\n				<a name=\"recentdocs\"></a><ul class=\"LIn_shortMode\">[[Ditto?parents=0&display=5&tpl=\'@CODE:<li><a href=\"[+url+]\" title=\"[+pagetitle+]\">[+pagetitle+]</a> <span class=\"LIn_date\">[+date+]</span> <span class=\"LIn_desc\"></span></li>\']]</ul> </div>\n            <h2>Login:</h2>\n            <div id=\"sidebarlogin\">[!WebLogin? &tpl=`WebLoginSideBar` &loginhomeid=`[(site_start)]`!]</div>\n            <h2>Meta:</h2>\n            <p><a href=\"http://validator.w3.org/check/referer\" title=\"This page validates as XHTML 1.0 Transitional\">Valid <abbr title=\"eXtensible HyperText Markup Language\">XHTML</abbr></a></p>\n            <p><a href=\"http://jigsaw.w3.org/css-validator/check/referer\" title=\"This page uses valid Cascading Stylesheets\" rel=\"external\">Valid <abbr title=\"W3C Cascading Stylesheets\">css</abbr></a></p>\n            <p><a href=\"http://modx.com\" title=\"Ajax CMS and PHP Application Framework\">MODX</a></p>\n          </div>\n          <!-- close #sidebar -->\n        </div>\n        <!-- end right inner-->\n      </div>\n      <!-- end right -->\n      <div id=\"left\">\n        <div id=\"left-inner\">\n          [[Breadcrumbs?]]\n          <div id=\"content\">\n            <div class=\"post\">\n              <h2>[*longtitle*]</h2>\n              [*#content*] </div>\n            <!-- close .post (main column content) -->\n          </div>\n          <!-- close #content -->\n        </div>\n        <!-- end left-inner -->\n      </div>\n      <!-- end left -->\n    </div>\n    <!-- end inner -->\n    <div id=\"clearfooter\"></div>\n    <div id=\"header\">\n      <h1><a id=\"logo\" href=\"[~[(site_start)]~]\" title=\"[(site_name)]\">[(site_name)]</a></h1>\n\n      <div id=\"search\"><!--search_terms--><span id=\"search-txt\">SEARCH</span><a name=\"search\"></a>[!AjaxSearch? &ajaxSearch=`1` &landingPage=`8` &moreResultsPage=`8` &addJscript=`0` &showIntro=`0` &ajaxMax=`5` &extract=`1`!]</div>\n      <div id=\"ajaxmenu\"> [[Wayfinder?startId=`0` &outerTpl=`mh.OuterTpl` &innerTpl=`mh.InnerTpl` &rowTpl=`mh.RowTpl` &innerRowTpl=`mh.InnerRowTpl` &firstClass=`first` &hereClass=``]] </div>\n      <!-- end topmenu -->\n    </div>\n    <!-- end header -->\n    <br style=\"clear:both;height:0;font-size: 1px\" />\n    <div id=\"footer\">\n      <p> <a href=\"http://modx.com\" title=\"Ajax CMS and PHP Application Framework\">Powered\n          by MODX</a> &nbsp;<a href=\"http://www.modx.com/\" title=\"Template Designed by modXhost.com\">Template &copy; 2006-2011\n          modXhost.com</a><br />\n        Memory: [^m^], MySQL: [^qt^], [^q^] request(s), PHP: [^p^], total: [^t^], document retrieved\n        from [^s^]. </p>\n    </div>\n    <!-- end footer -->\n  </div>\n  <!-- end outer div -->\n</div>\n<!-- end wrapper -->\n</body>\n</html>', 0),
(5, 'Главная', 'Главная страница', 0, 0, '', 0, '<!doctype html>\r\n<html>\r\n    <head>\r\n		{{head}}\r\n	</head>\r\n\r\n	<body>\r\n		{{top_line}}\r\n		{{popup_forms}}\r\n		<div id=\"header\">\r\n			{{header}}\r\n		</div>\r\n								\r\n		<div class=\"slogan\">\r\n			<span>Нет ничего невозможного! На невозможное требуется лишь больше времени...</span>\r\n		</div>\r\n									\r\n		<div id=\"main\">\r\n			{{uslugi}}\r\n			{{minfo}}\r\n			{{hwork}}\r\n			{{clients}}\r\n			{{order_seo}}\r\n		</div>\r\n									<!-- ПОДВАЛ -->\r\n		<div id=\"footer\">\r\n			{{footer}}\r\n		</div>\r\n	</body>\r\n</html>', 0),
(6, 'О нас', '', 0, 0, '', 0, '<!doctype html>\r\n<html>\r\n    <head>\r\n		{{head}}\r\n	</head>\r\n\r\n	<body>\r\n		{{top_line}}\r\n		{{popup_forms}}\r\n		<div id=\"header\">\r\n			{{header}}\r\n		</div>\r\n								\r\n		<div class=\"breadcrumbs\">\r\n			[!Breadcrumbs &crumbSeparator=` <span class=\"separator\">\\</span> `!]\r\n		</div>\r\n									\r\n		<div id=\"main\">\r\n			<div class=\"content about\">\r\n			<h1>[*pagetitle*]</h1>\r\n			<div class=\"left\">\r\n				[*content*]\r\n			</div>\r\n				{{sidebar}}\r\n			<div class=\"clear\"></div>\r\n			<div class=\"stuffs\">\r\n				<h2>Наши специалисты</h2>\r\n				<ul id=\"stuff_carousel\" class=\"jcarousel-skin-tango\">\r\n				[!Ditto? &tpl=`stuffs_tpl` &parents=`11`!]\r\n					\r\n				</ul>\r\n				<div class=\"clear\"></div>\r\n			</div>\r\n			</div>\r\n		</div>\r\n									<!-- ПОДВАЛ -->\r\n		<div id=\"footer\">\r\n			{{footer}}\r\n		</div>\r\n	</body>\r\n</html>', 0),
(7, 'Специалист', '', 0, 11, '', 0, '', 0),
(8, 'Контакты', '', 0, 0, '', 0, '<!doctype html>\r\n<html>\r\n    <head>\r\n		{{head}}\r\n	</head>\r\n\r\n	<body>\r\n		{{top_line}}\r\n		{{popup_forms}}\r\n		<div id=\"header\">\r\n			{{header}}\r\n		</div>\r\n								\r\n		<div class=\"breadcrumbs\">\r\n			[!Breadcrumbs &crumbSeparator=` <span class=\"separator\">\\</span> `!]\r\n		</div>\r\n									\r\n		<div id=\"main\">\r\n			<div class=\"content contacts\">\r\n				<h1>[*pagetitle*]</h1>\r\n				<div class=\"left\">\r\n					[*content*]\r\n					<div class=\"map_m\"><script type=\"text/javascript\" charset=\"utf-8\" src=\"//api-maps.yandex.ru/services/constructor/1.0/js/?sid=pxRrCEKRnZK4Wi2phtuyCVZpWbJ6QHRy&width=285&height=285\"></script></div>\r\n				\r\n					<div class=\"map_k\"><script type=\"text/javascript\" charset=\"utf-8\" src=\"//api-maps.yandex.ru/services/constructor/1.0/js/?sid=ghY3YeXr4N6VpW_J-LlzWfwXaGh4GS9K&width=285&height=285\"></script></div>\r\n					<div class=\"clear\"></div>\r\n<a href=\"#?w=800\" rel=\"order_call\" class=\"poplight button\">Заказать звонок специалиста</a>\r\n				</div>\r\n				{{sidebar}}\r\n			<div class=\"clear\"></div>\r\n						\r\n			</div>\r\n\r\n			<div id=\"order_call\" class=\"popup_block\">\r\n				<p class=\"title\">Заказать звонок специалиста</p>\r\n				<form id=\"how_seoform\" action=\"index.html\" method=\"POST\"> <!-- форма заказа звонка -->\r\n					<input type=\"text\" name=\"name\" value=\"Имя\" onfocus=\"if (this.value==\'Имя\') this.value=\'\';\" onblur=\"if (this.value==\'\'){this.value=\'Имя\'}\"><br>\r\n					<input type=\"text\" name=\"email\" value=\"Ваш E-mail\" onfocus=\"if (this.value==\'Ваш E-mail\') this.value=\'\';\" onblur=\"if (this.value==\'\'){this.value=\'Ваш E-mail\'}\"><br>\r\n					<input type=\"text\" name=\"telephone\" value=\"Телефон\" onfocus=\"if (this.value==\'Телефон\') this.value=\'\';\" onblur=\"if (this.value==\'\'){this.value=\'Телефон\'}\"><br>\r\n					<input type=\"text\" name=\"url\" value=\"Адрес вашего сайта\" onfocus=\"if (this.value==\'Адрес вашего сайта\') this.value=\'\';\" onblur=\"if (this.value==\'\'){this.value=\'Адрес вашего сайта\'}\"><br>\r\n					<span class=\"warn\">* - Поля, обязательные для заполнения</span>\r\n					<br>\r\n					<button class=\"ordCall\" type=\"submit\">Проверить</button>\r\n				</form>\r\n			</div>\r\n		</div>\r\n									<!-- ПОДВАЛ -->\r\n		<div id=\"footer\">\r\n			{{footer}}\r\n		</div>\r\n	</body>\r\n</html>', 0);

DROP TABLE IF EXISTS `modx_site_tmplvar_access`;
CREATE TABLE `modx_site_tmplvar_access` (
  `id` int(10) NOT NULL AUTO_INCREMENT,
  `tmplvarid` int(10) NOT NULL DEFAULT '0',
  `documentgroup` int(10) NOT NULL DEFAULT '0',
  PRIMARY KEY (`id`)
) ENGINE=MyISAM /*!40101 DEFAULT CHARSET=utf8 */ COMMENT='Contains data used for template variable access permissions.';

DROP TABLE IF EXISTS `modx_site_tmplvar_contentvalues`;
CREATE TABLE `modx_site_tmplvar_contentvalues` (
  `id` int(11) NOT NULL AUTO_INCREMENT,
  `tmplvarid` int(10) NOT NULL DEFAULT '0' COMMENT 'Template Variable id',
  `contentid` int(10) NOT NULL DEFAULT '0' COMMENT 'Site Content Id',
  `value` text,
  PRIMARY KEY (`id`),
  KEY `idx_tmplvarid` (`tmplvarid`),
  KEY `idx_id` (`contentid`),
  FULLTEXT KEY `value_ft_idx` (`value`)
) ENGINE=MyISAM AUTO_INCREMENT=20 /*!40101 DEFAULT CHARSET=utf8 */ COMMENT='Site Template Variables Content Values Link Table';

INSERT INTO `modx_site_tmplvar_contentvalues` VALUES
(1, 4, 12, 'assets/images/stuff/vadim_1.jpg'),
(2, 5, 12, 'Сертифицированный специалист'),
(3, 4, 13, 'assets/images/stuff/vadim_2.jpg'),
(4, 5, 13, 'Сертифицированный специалист'),
(5, 4, 14, 'assets/images/stuff/vadim_3.jpg'),
(6, 5, 14, 'Сертифицированный специалист'),
(7, 4, 15, 'assets/images/stuff/vadim_4.jpg'),
(8, 5, 15, 'Сертифицированный специалист'),
(9, 4, 16, 'assets/images/stuff/vadim_1.jpg'),
(10, 5, 16, 'Сертифицированный специалист'),
(11, 4, 17, 'assets/images/stuff/vadim_2.jpg'),
(12, 5, 17, 'Сертифицированный специалист'),
(13, 4, 18, 'assets/images/stuff/vadim_3.jpg'),
(14, 5, 18, 'Сертифицированный специалист'),
(15, 4, 19, 'assets/images/stuff/vadim_4.jpg'),
(16, 5, 19, 'Сертифицированный специалист');

DROP TABLE IF EXISTS `modx_site_tmplvar_templates`;
CREATE TABLE `modx_site_tmplvar_templates` (
  `tmplvarid` int(10) NOT NULL DEFAULT '0' COMMENT 'Template Variable id',
  `templateid` int(11) NOT NULL DEFAULT '0',
  `rank` int(11) NOT NULL DEFAULT '0',
  PRIMARY KEY (`tmplvarid`,`templateid`)
) ENGINE=MyISAM /*!40101 DEFAULT CHARSET=utf8 */ COMMENT='Site Template Variables Templates Link Table';

INSERT INTO `modx_site_tmplvar_templates` VALUES
(1, 4, 0),
(2, 4, 0),
(3, 4, 0),
(4, 7, 0),
(5, 7, 0);

DROP TABLE IF EXISTS `modx_site_tmplvars`;
CREATE TABLE `modx_site_tmplvars` (
  `id` int(11) NOT NULL AUTO_INCREMENT,
  `type` varchar(20) NOT NULL DEFAULT '',
  `name` varchar(50) NOT NULL DEFAULT '',
  `caption` varchar(80) NOT NULL DEFAULT '',
  `description` varchar(255) NOT NULL DEFAULT '',
  `editor_type` int(11) NOT NULL DEFAULT '0' COMMENT '0-plain text,1-rich text,2-code editor',
  `category` int(11) NOT NULL DEFAULT '0' COMMENT 'category id',
  `locked` tinyint(4) NOT NULL DEFAULT '0',
  `elements` text,
  `rank` int(11) NOT NULL DEFAULT '0',
  `display` varchar(20) NOT NULL DEFAULT '' COMMENT 'Display Control',
  `display_params` text COMMENT 'Display Control Properties',
  `default_text` text,
  PRIMARY KEY (`id`),
  KEY `indx_rank` (`rank`)
) ENGINE=MyISAM AUTO_INCREMENT=8 /*!40101 DEFAULT CHARSET=utf8 */ COMMENT='Site Template Variables';

INSERT INTO `modx_site_tmplvars` VALUES
(1, 'richtext', 'blogContent', 'blogContent', 'RTE for the new blog entries', 0, 1, 0, '', 0, 'RichText', '&w=383px&h=450px&edt=TinyMCE', ''),
(2, 'text', 'documentTags', 'Tags', 'Space delimited tags for the current document', 0, 1, 0, '', 0, '', '', ''),
(3, 'text', 'loginName', 'loginName', 'Conditional name for the Login menu item', 0, 1, 0, '', 0, '', '', '@EVAL if ($modx->getLoginUserID()) return \'Logout\'; else return \'Login\';'),
(4, 'image', 'foto_stuff', 'Фотография сотрудника', '180х180px', 0, 12, 0, '', 0, 'image', '&align=none', ''),
(5, 'text', 'post_stuff', 'Должность сотрудника', '', 0, 12, 0, '', 0, '', '', '');

DROP TABLE IF EXISTS `modx_system_eventnames`;
CREATE TABLE `modx_system_eventnames` (
  `id` int(10) NOT NULL AUTO_INCREMENT,
  `name` varchar(50) NOT NULL DEFAULT '',
  `service` tinyint(4) NOT NULL DEFAULT '0' COMMENT 'System Service number',
  `groupname` varchar(20) NOT NULL DEFAULT '',
  PRIMARY KEY (`id`)
) ENGINE=MyISAM AUTO_INCREMENT=1001 /*!40101 DEFAULT CHARSET=utf8 */ COMMENT='System Event Names.';

INSERT INTO `modx_system_eventnames` VALUES
(1, 'OnDocPublished', 5, ''),
(2, 'OnDocUnPublished', 5, ''),
(3, 'OnWebPagePrerender', 5, ''),
(4, 'OnWebLogin', 3, ''),
(5, 'OnBeforeWebLogout', 3, ''),
(6, 'OnWebLogout', 3, ''),
(7, 'OnWebSaveUser', 3, ''),
(8, 'OnWebDeleteUser', 3, ''),
(9, 'OnWebChangePassword', 3, ''),
(10, 'OnWebCreateGroup', 3, ''),
(11, 'OnManagerLogin', 2, ''),
(12, 'OnBeforeManagerLogout', 2, ''),
(13, 'OnManagerLogout', 2, ''),
(14, 'OnManagerSaveUser', 2, ''),
(15, 'OnManagerDeleteUser', 2, ''),
(16, 'OnManagerChangePassword', 2, ''),
(17, 'OnManagerCreateGroup', 2, ''),
(18, 'OnBeforeCacheUpdate', 4, ''),
(19, 'OnCacheUpdate', 4, ''),
(20, 'OnLoadWebPageCache', 4, ''),
(21, 'OnBeforeSaveWebPageCache', 4, ''),
(22, 'OnChunkFormPrerender', 1, 'Chunks'),
(23, 'OnChunkFormRender', 1, 'Chunks'),
(24, 'OnBeforeChunkFormSave', 1, 'Chunks'),
(25, 'OnChunkFormSave', 1, 'Chunks'),
(26, 'OnBeforeChunkFormDelete', 1, 'Chunks'),
(27, 'OnChunkFormDelete', 1, 'Chunks'),
(28, 'OnDocFormPrerender', 1, 'Documents'),
(29, 'OnDocFormRender', 1, 'Documents'),
(30, 'OnBeforeDocFormSave', 1, 'Documents'),
(31, 'OnDocFormSave', 1, 'Documents'),
(32, 'OnBeforeDocFormDelete', 1, 'Documents'),
(33, 'OnDocFormDelete', 1, 'Documents'),
(34, 'OnPluginFormPrerender', 1, 'Plugins'),
(35, 'OnPluginFormRender', 1, 'Plugins'),
(36, 'OnBeforePluginFormSave', 1, 'Plugins'),
(37, 'OnPluginFormSave', 1, 'Plugins'),
(38, 'OnBeforePluginFormDelete', 1, 'Plugins'),
(39, 'OnPluginFormDelete', 1, 'Plugins'),
(40, 'OnSnipFormPrerender', 1, 'Snippets'),
(41, 'OnSnipFormRender', 1, 'Snippets'),
(42, 'OnBeforeSnipFormSave', 1, 'Snippets'),
(43, 'OnSnipFormSave', 1, 'Snippets'),
(44, 'OnBeforeSnipFormDelete', 1, 'Snippets'),
(45, 'OnSnipFormDelete', 1, 'Snippets'),
(46, 'OnTempFormPrerender', 1, 'Templates'),
(47, 'OnTempFormRender', 1, 'Templates'),
(48, 'OnBeforeTempFormSave', 1, 'Templates'),
(49, 'OnTempFormSave', 1, 'Templates'),
(50, 'OnBeforeTempFormDelete', 1, 'Templates'),
(51, 'OnTempFormDelete', 1, 'Templates'),
(52, 'OnTVFormPrerender', 1, 'Template Variables'),
(53, 'OnTVFormRender', 1, 'Template Variables'),
(54, 'OnBeforeTVFormSave', 1, 'Template Variables'),
(55, 'OnTVFormSave', 1, 'Template Variables'),
(56, 'OnBeforeTVFormDelete', 1, 'Template Variables'),
(57, 'OnTVFormDelete', 1, 'Template Variables'),
(58, 'OnUserFormPrerender', 1, 'Users'),
(59, 'OnUserFormRender', 1, 'Users'),
(60, 'OnBeforeUserFormSave', 1, 'Users'),
(61, 'OnUserFormSave', 1, 'Users'),
(62, 'OnBeforeUserFormDelete', 1, 'Users'),
(63, 'OnUserFormDelete', 1, 'Users'),
(64, 'OnWUsrFormPrerender', 1, 'Web Users'),
(65, 'OnWUsrFormRender', 1, 'Web Users'),
(66, 'OnBeforeWUsrFormSave', 1, 'Web Users'),
(67, 'OnWUsrFormSave', 1, 'Web Users'),
(68, 'OnBeforeWUsrFormDelete', 1, 'Web Users'),
(69, 'OnWUsrFormDelete', 1, 'Web Users'),
(70, 'OnSiteRefresh', 1, ''),
(71, 'OnFileManagerUpload', 1, ''),
(72, 'OnModFormPrerender', 1, 'Modules'),
(73, 'OnModFormRender', 1, 'Modules'),
(74, 'OnBeforeModFormDelete', 1, 'Modules'),
(75, 'OnModFormDelete', 1, 'Modules'),
(76, 'OnBeforeModFormSave', 1, 'Modules'),
(77, 'OnModFormSave', 1, 'Modules'),
(78, 'OnBeforeWebLogin', 3, ''),
(79, 'OnWebAuthentication', 3, ''),
(80, 'OnBeforeManagerLogin', 2, ''),
(81, 'OnManagerAuthentication', 2, ''),
(82, 'OnSiteSettingsRender', 1, 'System Settings'),
(83, 'OnFriendlyURLSettingsRender', 1, 'System Settings'),
(84, 'OnUserSettingsRender', 1, 'System Settings'),
(85, 'OnInterfaceSettingsRender', 1, 'System Settings'),
(86, 'OnMiscSettingsRender', 1, 'System Settings'),
(87, 'OnRichTextEditorRegister', 1, 'RichText Editor'),
(88, 'OnRichTextEditorInit', 1, 'RichText Editor'),
(89, 'OnManagerPageInit', 2, ''),
(90, 'OnWebPageInit', 5, ''),
(101, 'OnLoadDocumentObject', 5, ''),
(91, 'OnLoadWebDocument', 5, ''),
(92, 'OnParseDocument', 5, ''),
(93, 'OnManagerLoginFormRender', 2, ''),
(94, 'OnWebPageComplete', 5, ''),
(95, 'OnLogPageHit', 5, ''),
(96, 'OnBeforeManagerPageInit', 2, ''),
(97, 'OnBeforeEmptyTrash', 1, 'Documents'),
(98, 'OnEmptyTrash', 1, 'Documents'),
(99, 'OnManagerLoginFormPrerender', 2, ''),
(100, 'OnStripAlias', 1, 'Documents'),
(200, 'OnCreateDocGroup', 1, 'Documents'),
(201, 'OnManagerWelcomePrerender', 2, ''),
(202, 'OnManagerWelcomeHome', 2, ''),
(203, 'OnManagerWelcomeRender', 2, ''),
(204, 'OnBeforeDocDuplicate', 1, 'Documents'),
(205, 'OnDocDuplicate', 1, 'Documents'),
(206, 'OnManagerMainFrameHeaderHTMLBlock', 2, ''),
(207, 'OnManagerPreFrameLoader', 2, ''),
(208, 'OnManagerFrameLoader', 2, ''),
(209, 'OnManagerTreeInit', 2, ''),
(210, 'OnManagerTreePrerender', 2, ''),
(211, 'OnManagerTreeRender', 2, ''),
(212, 'OnManagerNodePrerender', 2, ''),
(213, 'OnManagerNodeRender', 2, ''),
(999, 'OnPageUnauthorized', 1, ''),
(1000, 'OnPageNotFound', 1, '');

DROP TABLE IF EXISTS `modx_system_settings`;
CREATE TABLE `modx_system_settings` (
  `setting_name` varchar(50) NOT NULL DEFAULT '',
  `setting_value` text,
  PRIMARY KEY (`setting_name`)
) ENGINE=MyISAM /*!40101 DEFAULT CHARSET=utf8 */ COMMENT='Contains Content Manager settings.';

INSERT INTO `modx_system_settings` VALUES
('manager_theme', 'MODxRE'),
('settings_version', '1.0.12'),
('show_meta', '0'),
('server_offset_time', '0'),
('server_protocol', 'http'),
('manager_language', 'russian-UTF8'),
('modx_charset', 'UTF-8'),
('site_name', 'Top3Seo'),
('site_start', '1'),
('error_page', '1'),
('unauthorized_page', '1'),
('site_status', '1'),
('site_unavailable_message', 'The site is currently unavailable'),
('track_visitors', '0'),
('top_howmany', '10'),
('auto_template_logic', 'sibling'),
('default_template', '3'),
('old_template', '3'),
('publish_default', '1'),
('cache_default', '1'),
('search_default', '1'),
('friendly_urls', '1'),
('friendly_url_prefix', ''),
('friendly_url_suffix', '.html'),
('friendly_alias_urls', '1'),
('use_alias_path', '1'),
('use_udperms', '1'),
('udperms_allowroot', '0'),
('failed_login_attempts', '5'),
('blocked_minutes', '20'),
('use_captcha', '0'),
('captcha_words', 'MODX,Access,Better,BitCode,Cache,Desc,Design,Excell,Enjoy,URLs,TechView,Gerald,Griff,Humphrey,Holiday,Intel,Integration,Joystick,Join(),Tattoo,Genetic,Light,Likeness,Marit,Maaike,Niche,Netherlands,Ordinance,Oscillo,Parser,Phusion,Query,Question,Regalia,Righteous,Snippet,Sentinel,Template,Thespian,Unity,Enterprise,Verily,Veri,Website,WideWeb,Yap,Yellow,Zebra,Zygote'),
('emailsender', 'ndmitrievich@upsales.ru'),
('email_method', 'mail'),
('smtp_auth', '0'),
('smtp_host', ''),
('smtp_port', '25'),
('smtp_username', ''),
('emailsubject', 'Подтверждение регистрации'),
('number_of_logs', '100'),
('number_of_messages', '30'),
('number_of_results', '20'),
('use_editor', '1'),
('use_browser', '1'),
('rb_base_dir', 'Z:/home/top3seo.ru/www/assets/'),
('rb_base_url', 'assets/'),
('which_editor', 'TinyMCE'),
('fe_editor_lang', 'russian-UTF8'),
('fck_editor_toolbar', 'standard'),
('fck_editor_autolang', '0'),
('editor_css_path', ''),
('editor_css_selectors', ''),
('strip_image_paths', '0'),
('upload_images', 'bmp,ico,gif,jpeg,jpg,png,psd,tif,tiff'),
('upload_media', 'au,avi,mp3,mp4,mpeg,mpg,wav,wmv'),
('upload_flash', 'fla,flv,swf'),
('upload_files', 'aac,au,avi,css,cache,doc,docx,gz,gzip,htaccess,htm,html,js,mp3,mp4,mpeg,mpg,ods,odp,odt,pdf,ppt,pptx,rar,tar,tgz,txt,wav,wmv,xls,xlsx,xml,z,zip'),
('upload_maxsize', '1048576'),
('new_file_permissions', '0644'),
('new_folder_permissions', '0755'),
('filemanager_path', 'Z:/home/top3seo.ru/www/'),
('theme_refresher', ''),
('manager_layout', '4'),
('custom_contenttype', 'application/rss+xml,application/pdf,application/vnd.ms-word,application/vnd.ms-excel,text/html,text/css,text/xml,text/javascript,text/plain,application/json'),
('auto_menuindex', '1'),
('session.cookie.lifetime', '604800'),
('mail_check_timeperiod', '60'),
('manager_direction', 'ltr'),
('tinymce_editor_theme', 'creative'),
('tinymce_custom_plugins', 'style,advimage,advlink,searchreplace,print,contextmenu,paste,fullscreen,nonbreaking,xhtmlxtras,visualchars,media'),
('tinymce_custom_buttons1', 'undo,redo,selectall,separator,pastetext,pasteword,separator,search,replace,separator,nonbreaking,hr,charmap,separator,image,link,unlink,anchor,media,separator,cleanup,removeformat,separator,fullscreen,print,code,help'),
('tinymce_custom_buttons2', 'bold,italic,underline,strikethrough,sub,sup,separator,bullist,numlist,outdent,indent,separator,justifyleft,justifycenter,justifyright,justifyfull,separator,styleselect,formatselect,separator,styleprops'),
('tree_show_protected', '0'),
('rss_url_news', 'http://feeds.feedburner.com/modx-announce'),
('rss_url_security', 'http://feeds.feedburner.com/modxsecurity'),
('validate_referer', '1'),
('datepicker_offset', '-10'),
('xhtml_urls', '1'),
('allow_duplicate_alias', '1'),
('automatic_alias', '1'),
('datetime_format', 'dd-mm-YYYY'),
('warning_visibility', '1'),
('remember_last_tab', '0'),
('enable_bindings', '1'),
('seostrict', '1'),
('cache_type', '1'),
('maxImageWidth', '1600'),
('maxImageHeight', '1200'),
('thumbWidth', '150'),
('thumbHeight', '150'),
('thumbsDir', '.thumbs'),
('jpegQuality', '90'),
('denyZipDownload', '0'),
('denyExtensionRename', '0'),
('showHiddenFiles', '0'),
('docid_incrmnt_method', '0'),
('make_folders', '1'),
('site_id', '52775031dd879'),
('site_unavailable_page', ''),
('reload_site_unavailable', ''),
('siteunavailable_message_default', 'В настоящее время сайт недоступен.'),
('check_files_onlogin', 'index.php\r\n.htaccess\r\nmanager/index.php\r\nmanager/includes/config.inc.php'),
('error_reporting', '1'),
('send_errormail', '3'),
('pwd_hash_algo', 'UNCRYPT'),
('reload_captcha_words', ''),
('captcha_words_default', 'MODX,Access,Better,BitCode,Chunk,Cache,Desc,Design,Excell,Enjoy,URLs,TechView,Gerald,Griff,Humphrey,Holiday,Intel,Integration,Joystick,Join(),Oscope,Genetic,Light,Likeness,Marit,Maaike,Niche,Netherlands,Ordinance,Oscillo,Parser,Phusion,Query,Question,Regalia,Righteous,Snippet,Sentinel,Template,Thespian,Unity,Enterprise,Verily,Tattoo,Veri,Website,WideWeb,Yap,Yellow,Zebra,Zygote'),
('reload_emailsubject', ''),
('emailsubject_default', 'Данные для авторизации'),
('reload_signupemail_message', ''),
('signupemail_message', 'Здравствуйте, [+uid+]!\r\n\r\nВаши данные для авторизации в системе управления сайтом [+sname+]:\r\n\r\nИмя пользователя: [+uid+]\r\nПароль: [+pwd+]\r\n\r\nПосле успешной авторизации в системе управления сайтом ([+surl+]), вы сможете изменить свой пароль.\r\n\r\nС уважением, Администрация'),
('system_email_signup_default', 'Здравствуйте, [+uid+]!\r\n\r\nВаши данные для авторизации в системе управления сайтом [+sname+]:\r\n\r\nИмя пользователя: [+uid+]\r\nПароль: [+pwd+]\r\n\r\nПосле успешной авторизации в системе управления сайтом ([+surl+]), вы сможете изменить свой пароль.\r\n\r\nС уважением, Администрация'),
('reload_websignupemail_message', ''),
('websignupemail_message', 'Здравствуйте, [+uid+]!\r\n\r\nВаши данные для авторизации на [+sname+]:\r\n\r\nИмя пользователя: [+uid+]\r\nПароль: [+pwd+]\r\n\r\nПосле успешной авторизации на [+sname+] ([+surl+]), вы сможете изменить свой пароль.\r\n\r\nС уважением, Администрация'),
('system_email_websignup_default', 'Здравствуйте, [+uid+]!\r\n\r\nВаши данные для авторизации на [+sname+]:\r\n\r\nИмя пользователя: [+uid+]\r\nПароль: [+pwd+]\r\n\r\nПосле успешной авторизации на [+sname+] ([+surl+]), вы сможете изменить свой пароль.\r\n\r\nС уважением, Администрация'),
('reload_system_email_webreminder_message', ''),
('webpwdreminder_message', 'Здравствуйте, [+uid+]!\r\n\r\nЧтобы активировать ваш новый пароль, перейдите по следующей ссылке:\r\n\r\n[+surl+]\r\n\r\nПозже вы сможете использовать следующий пароль для авторизации: [+pwd+]\r\n\r\nЕсли это письмо пришло к вам по ошибке, пожалуйста, проигнорируйте его.\r\n\r\nС уважением, Администрация'),
('system_email_webreminder_default', 'Здравствуйте, [+uid+]!\r\n\r\nЧтобы активировать ваш новый пароль, перейдите по следующей ссылке:\r\n\r\n[+surl+]\r\n\r\nПозже вы сможете использовать следующий пароль для авторизации: [+pwd+]\r\n\r\nЕсли это письмо пришло к вам по ошибке, пожалуйста, проигнорируйте его.\r\n\r\nС уважением, Администрация'),
('tree_page_click', '27'),
('resource_tree_node_name', 'pagetitle'),
('rb_webuser', '0'),
('clean_uploaded_filename', '1'),
('mce_editor_skin', 'default'),
('mce_template_docs', ''),
('mce_template_chunks', ''),
('mce_entermode', 'p'),
('mce_element_format', 'xhtml'),
('mce_schema', 'html5'),
('tinymce_custom_buttons3', ''),
('tinymce_custom_buttons4', ''),
('tinymce_css_selectors', 'left=justifyleft;right=justifyright'),
('sys_files_checksum', 'a:4:{s:32:\"Z:/home/top3seo.ru/www/index.php\";s:32:\"cd008df3faa7d7ecbce5b05480fa8c34\";s:32:\"Z:/home/top3seo.ru/www/.htaccess\";s:32:\"d944528e2b1b2a4c85756a604e62fc0e\";s:40:\"Z:/home/top3seo.ru/www/manager/index.php\";s:32:\"ef228d1a7e707d376ab4e2ec314c7f6c\";s:54:\"Z:/home/top3seo.ru/www/manager/includes/config.inc.php\";s:32:\"e41b79cec47dea20709f7cc9c169eb9d\";}');

DROP TABLE IF EXISTS `modx_user_attributes`;
CREATE TABLE `modx_user_attributes` (
  `id` int(10) NOT NULL AUTO_INCREMENT,
  `internalKey` int(10) NOT NULL DEFAULT '0',
  `fullname` varchar(100) NOT NULL DEFAULT '',
  `role` int(10) NOT NULL DEFAULT '0',
  `email` varchar(100) NOT NULL DEFAULT '',
  `phone` varchar(100) NOT NULL DEFAULT '',
  `mobilephone` varchar(100) NOT NULL DEFAULT '',
  `blocked` int(1) NOT NULL DEFAULT '0',
  `blockeduntil` int(11) NOT NULL DEFAULT '0',
  `blockedafter` int(11) NOT NULL DEFAULT '0',
  `logincount` int(11) NOT NULL DEFAULT '0',
  `lastlogin` int(11) NOT NULL DEFAULT '0',
  `thislogin` int(11) NOT NULL DEFAULT '0',
  `failedlogincount` int(10) NOT NULL DEFAULT '0',
  `sessionid` varchar(100) NOT NULL DEFAULT '',
  `dob` int(10) NOT NULL DEFAULT '0',
  `gender` int(1) NOT NULL DEFAULT '0' COMMENT '0 - unknown, 1 - Male 2 - female',
  `country` varchar(5) NOT NULL DEFAULT '',
  `street` varchar(255) NOT NULL DEFAULT '',
  `city` varchar(255) NOT NULL DEFAULT '',
  `state` varchar(25) NOT NULL DEFAULT '',
  `zip` varchar(25) NOT NULL DEFAULT '',
  `fax` varchar(100) NOT NULL DEFAULT '',
  `photo` varchar(255) NOT NULL DEFAULT '' COMMENT 'link to photo',
  `comment` text,
  PRIMARY KEY (`id`),
  KEY `userid` (`internalKey`)
) ENGINE=MyISAM AUTO_INCREMENT=2 /*!40101 DEFAULT CHARSET=utf8 */ COMMENT='Contains information about the backend users.';

INSERT INTO `modx_user_attributes` VALUES
(1, 1, 'Default admin account', 1, 'ndmitrievich@upsales.ru', '', '', 0, 0, 0, 1, 0, 1383551047, 0, 'bp3ah073io3eqnt6f7qe74s481', 0, 0, '', '', '', '', '', '', '', '');

DROP TABLE IF EXISTS `modx_user_messages`;
CREATE TABLE `modx_user_messages` (
  `id` int(10) NOT NULL AUTO_INCREMENT,
  `type` varchar(15) NOT NULL DEFAULT '',
  `subject` varchar(60) NOT NULL DEFAULT '',
  `message` text,
  `sender` int(10) NOT NULL DEFAULT '0',
  `recipient` int(10) NOT NULL DEFAULT '0',
  `private` tinyint(4) NOT NULL DEFAULT '0',
  `postdate` int(20) NOT NULL DEFAULT '0',
  `messageread` tinyint(1) NOT NULL DEFAULT '0',
  PRIMARY KEY (`id`)
) ENGINE=MyISAM /*!40101 DEFAULT CHARSET=utf8 */ COMMENT='Contains messages for the Content Manager messaging system.';

DROP TABLE IF EXISTS `modx_user_roles`;
CREATE TABLE `modx_user_roles` (
  `id` int(10) NOT NULL AUTO_INCREMENT,
  `name` varchar(50) NOT NULL DEFAULT '',
  `description` varchar(255) NOT NULL DEFAULT '',
  `frames` int(1) NOT NULL DEFAULT '0',
  `home` int(1) NOT NULL DEFAULT '0',
  `view_document` int(1) NOT NULL DEFAULT '0',
  `new_document` int(1) NOT NULL DEFAULT '0',
  `save_document` int(1) NOT NULL DEFAULT '0',
  `publish_document` int(1) NOT NULL DEFAULT '0',
  `delete_document` int(1) NOT NULL DEFAULT '0',
  `empty_trash` int(1) NOT NULL DEFAULT '0',
  `action_ok` int(1) NOT NULL DEFAULT '0',
  `logout` int(1) NOT NULL DEFAULT '0',
  `help` int(1) NOT NULL DEFAULT '0',
  `messages` int(1) NOT NULL DEFAULT '0',
  `new_user` int(1) NOT NULL DEFAULT '0',
  `edit_user` int(1) NOT NULL DEFAULT '0',
  `logs` int(1) NOT NULL DEFAULT '0',
  `edit_parser` int(1) NOT NULL DEFAULT '0',
  `save_parser` int(1) NOT NULL DEFAULT '0',
  `edit_template` int(1) NOT NULL DEFAULT '0',
  `settings` int(1) NOT NULL DEFAULT '0',
  `credits` int(1) NOT NULL DEFAULT '0',
  `new_template` int(1) NOT NULL DEFAULT '0',
  `save_template` int(1) NOT NULL DEFAULT '0',
  `delete_template` int(1) NOT NULL DEFAULT '0',
  `edit_snippet` int(1) NOT NULL DEFAULT '0',
  `new_snippet` int(1) NOT NULL DEFAULT '0',
  `save_snippet` int(1) NOT NULL DEFAULT '0',
  `delete_snippet` int(1) NOT NULL DEFAULT '0',
  `edit_chunk` int(1) NOT NULL DEFAULT '0',
  `new_chunk` int(1) NOT NULL DEFAULT '0',
  `save_chunk` int(1) NOT NULL DEFAULT '0',
  `delete_chunk` int(1) NOT NULL DEFAULT '0',
  `empty_cache` int(1) NOT NULL DEFAULT '0',
  `edit_document` int(1) NOT NULL DEFAULT '0',
  `change_password` int(1) NOT NULL DEFAULT '0',
  `error_dialog` int(1) NOT NULL DEFAULT '0',
  `about` int(1) NOT NULL DEFAULT '0',
  `file_manager` int(1) NOT NULL DEFAULT '0',
  `save_user` int(1) NOT NULL DEFAULT '0',
  `delete_user` int(1) NOT NULL DEFAULT '0',
  `save_password` int(11) NOT NULL DEFAULT '0',
  `edit_role` int(1) NOT NULL DEFAULT '0',
  `save_role` int(1) NOT NULL DEFAULT '0',
  `delete_role` int(1) NOT NULL DEFAULT '0',
  `new_role` int(1) NOT NULL DEFAULT '0',
  `access_permissions` int(1) NOT NULL DEFAULT '0',
  `bk_manager` int(1) NOT NULL DEFAULT '0',
  `new_plugin` int(1) NOT NULL DEFAULT '0',
  `edit_plugin` int(1) NOT NULL DEFAULT '0',
  `save_plugin` int(1) NOT NULL DEFAULT '0',
  `delete_plugin` int(1) NOT NULL DEFAULT '0',
  `new_module` int(1) NOT NULL DEFAULT '0',
  `edit_module` int(1) NOT NULL DEFAULT '0',
  `save_module` int(1) NOT NULL DEFAULT '0',
  `delete_module` int(1) NOT NULL DEFAULT '0',
  `exec_module` int(1) NOT NULL DEFAULT '0',
  `view_eventlog` int(1) NOT NULL DEFAULT '0',
  `delete_eventlog` int(1) NOT NULL DEFAULT '0',
  `manage_metatags` int(1) NOT NULL DEFAULT '0' COMMENT 'manage site meta tags and keywords',
  `edit_doc_metatags` int(1) NOT NULL DEFAULT '0' COMMENT 'edit document meta tags and keywords',
  `new_web_user` int(1) NOT NULL DEFAULT '0',
  `edit_web_user` int(1) NOT NULL DEFAULT '0',
  `save_web_user` int(1) NOT NULL DEFAULT '0',
  `delete_web_user` int(1) NOT NULL DEFAULT '0',
  `web_access_permissions` int(1) NOT NULL DEFAULT '0',
  `view_unpublished` int(1) NOT NULL DEFAULT '0',
  `import_static` int(1) NOT NULL DEFAULT '0',
  `export_static` int(1) NOT NULL DEFAULT '0',
  `remove_locks` int(1) NOT NULL DEFAULT '0',
  PRIMARY KEY (`id`)
) ENGINE=MyISAM AUTO_INCREMENT=4 /*!40101 DEFAULT CHARSET=utf8 */ COMMENT='Contains information describing the user roles.';

INSERT INTO `modx_user_roles` VALUES
(2, 'Editor', 'Limited to managing content', 1, 1, 1, 1, 1, 1, 1, 0, 1, 1, 1, 0, 0, 0, 0, 0, 0, 0, 0, 1, 0, 0, 0, 0, 0, 0, 0, 1, 0, 1, 0, 1, 1, 1, 1, 1, 1, 0, 0, 1, 0, 0, 0, 0, 0, 0, 0, 0, 0, 0, 0, 0, 0, 0, 1, 0, 0, 0, 0, 0, 0, 0, 0, 0, 1, 0, 0, 1),
(3, 'Publisher', 'Editor with expanded permissions including manage users, update Elements and site settings', 1, 1, 1, 1, 1, 1, 1, 1, 1, 1, 1, 0, 1, 1, 1, 0, 0, 1, 1, 1, 1, 1, 1, 0, 0, 0, 0, 1, 1, 1, 1, 1, 1, 1, 1, 1, 1, 1, 1, 1, 0, 0, 0, 0, 0, 1, 0, 0, 0, 0, 0, 0, 0, 0, 1, 0, 0, 0, 0, 1, 1, 1, 1, 0, 1, 0, 0, 1),
(1, 'Administrator', 'Site administrators have full access to all functions', 1, 1, 1, 1, 1, 1, 1, 1, 1, 1, 1, 1, 1, 1, 1, 1, 1, 1, 1, 1, 1, 1, 1, 1, 1, 1, 1, 1, 1, 1, 1, 1, 1, 1, 1, 1, 1, 1, 1, 1, 1, 1, 1, 1, 1, 1, 1, 1, 1, 1, 1, 1, 1, 1, 1, 1, 1, 1, 1, 1, 1, 1, 1, 1, 1, 1, 1, 1);

DROP TABLE IF EXISTS `modx_user_settings`;
CREATE TABLE `modx_user_settings` (
  `user` int(11) NOT NULL,
  `setting_name` varchar(50) NOT NULL DEFAULT '',
  `setting_value` text,
  PRIMARY KEY (`user`,`setting_name`),
  KEY `setting_name` (`setting_name`),
  KEY `user` (`user`)
) ENGINE=MyISAM /*!40101 DEFAULT CHARSET=utf8 */ COMMENT='Contains backend user settings.';

DROP TABLE IF EXISTS `modx_web_groups`;
CREATE TABLE `modx_web_groups` (
  `id` int(10) NOT NULL AUTO_INCREMENT,
  `webgroup` int(10) NOT NULL DEFAULT '0',
  `webuser` int(10) NOT NULL DEFAULT '0',
  PRIMARY KEY (`id`),
  UNIQUE KEY `ix_group_user` (`webgroup`,`webuser`)
) ENGINE=MyISAM /*!40101 DEFAULT CHARSET=utf8 */ COMMENT='Contains data used for web access permissions.';

DROP TABLE IF EXISTS `modx_web_user_attributes`;
CREATE TABLE `modx_web_user_attributes` (
  `id` int(10) NOT NULL AUTO_INCREMENT,
  `internalKey` int(10) NOT NULL DEFAULT '0',
  `fullname` varchar(100) NOT NULL DEFAULT '',
  `role` int(10) NOT NULL DEFAULT '0',
  `email` varchar(100) NOT NULL DEFAULT '',
  `phone` varchar(100) NOT NULL DEFAULT '',
  `mobilephone` varchar(100) NOT NULL DEFAULT '',
  `blocked` int(1) NOT NULL DEFAULT '0',
  `blockeduntil` int(11) NOT NULL DEFAULT '0',
  `blockedafter` int(11) NOT NULL DEFAULT '0',
  `logincount` int(11) NOT NULL DEFAULT '0',
  `lastlogin` int(11) NOT NULL DEFAULT '0',
  `thislogin` int(11) NOT NULL DEFAULT '0',
  `failedlogincount` int(10) NOT NULL DEFAULT '0',
  `sessionid` varchar(100) NOT NULL DEFAULT '',
  `dob` int(10) NOT NULL DEFAULT '0',
  `gender` int(1) NOT NULL DEFAULT '0' COMMENT '0 - unknown, 1 - Male 2 - female',
  `country` varchar(25) NOT NULL DEFAULT '',
  `street` varchar(255) NOT NULL DEFAULT '',
  `city` varchar(255) NOT NULL DEFAULT '',
  `state` varchar(25) NOT NULL DEFAULT '',
  `zip` varchar(25) NOT NULL DEFAULT '',
  `fax` varchar(100) NOT NULL DEFAULT '',
  `photo` varchar(255) NOT NULL DEFAULT '' COMMENT 'link to photo',
  `comment` text,
  PRIMARY KEY (`id`),
  KEY `userid` (`internalKey`)
) ENGINE=MyISAM /*!40101 DEFAULT CHARSET=utf8 */ COMMENT='Contains information for web users.';

DROP TABLE IF EXISTS `modx_web_user_settings`;
CREATE TABLE `modx_web_user_settings` (
  `webuser` int(11) NOT NULL,
  `setting_name` varchar(50) NOT NULL DEFAULT '',
  `setting_value` text,
  PRIMARY KEY (`webuser`,`setting_name`),
  KEY `setting_name` (`setting_name`),
  KEY `webuserid` (`webuser`)
) ENGINE=MyISAM /*!40101 DEFAULT CHARSET=utf8 */ COMMENT='Contains web user settings.';

DROP TABLE IF EXISTS `modx_web_users`;
CREATE TABLE `modx_web_users` (
  `id` int(10) NOT NULL AUTO_INCREMENT,
  `username` varchar(100) NOT NULL DEFAULT '',
  `password` varchar(100) NOT NULL DEFAULT '',
  `cachepwd` varchar(100) NOT NULL DEFAULT '' COMMENT 'Store new unconfirmed password',
  PRIMARY KEY (`id`),
  UNIQUE KEY `username` (`username`)
) ENGINE=MyISAM /*!40101 DEFAULT CHARSET=utf8 */;

DROP TABLE IF EXISTS `modx_webgroup_access`;
CREATE TABLE `modx_webgroup_access` (
  `id` int(10) NOT NULL AUTO_INCREMENT,
  `webgroup` int(10) NOT NULL DEFAULT '0',
  `documentgroup` int(10) NOT NULL DEFAULT '0',
  PRIMARY KEY (`id`)
) ENGINE=MyISAM /*!40101 DEFAULT CHARSET=utf8 */ COMMENT='Contains data used for web access permissions.';

DROP TABLE IF EXISTS `modx_webgroup_names`;
CREATE TABLE `modx_webgroup_names` (
  `id` int(10) NOT NULL AUTO_INCREMENT,
  `name` varchar(255) NOT NULL DEFAULT '',
  PRIMARY KEY (`id`),
  UNIQUE KEY `name` (`name`)
) ENGINE=MyISAM /*!40101 DEFAULT CHARSET=utf8 */ COMMENT='Contains data used for web access permissions.';

